ticker,market,name,source
2330.TW,TW,台積電,twse
2327.TW,TW,國巨*,twse
2408.TW,TW,南亞科,twse
2344.TW,TW,華邦電,twse
2454.TW,TW,聯發科,twse
3481.TW,TW,群創,twse
2303.TW,TW,聯電,twse
2492.TW,TW,華新科,twse
4958.TW,TW,臻鼎-KY,twse
2308.TW,TW,台達電,twse
3443.TW,TW,創意,twse
2409.TW,TW,友達,twse
6239.TW,TW,力成,twse
3711.TW,TW,日月光投控,twse
2337.TW,TW,旺宏,twse
3037.TW,TW,欣興,twse
3189.TW,TW,景碩,twse
1303.TW,TW,南亞,twse
2317.TW,TW,鴻海,twse
6770.TW,TW,力積電,twse
2449.TW,TW,京元電子,twse
8046.TW,TW,南電,twse
3008.TW,TW,大立光,twse
3665.TW,TW,貿聯-KY,twse
2455.TW,TW,全新,twse
2313.TW,TW,華通,twse
2383.TW,TW,台光電,twse
2345.TW,TW,智邦,twse
3661.TW,TW,世芯-KY,twse
7769.TW,TW,鴻勁,twse
1301.TW,TW,台塑,twse
8996.TW,TW,高力,twse
6669.TW,TW,緯穎,twse
1802.TW,TW,台玻,twse
3450.TW,TW,聯鈞,twse
2382.TW,TW,廣達,twse
2478.TW,TW,大毅,twse
3653.TW,TW,健策,twse
3017.TW,TW,奇鋐,twse
3090.TW,TW,日電貿,twse
8150.TW,TW,南茂,twse
2002.TW,TW,中鋼,twse
3231.TW,TW,緯創,twse
2472.TW,TW,立隆電,twse
3042.TW,TW,晶技,twse
6116.TW,TW,彩晶,twse
2881.TW,TW,富邦金,twse
2357.TW,TW,華碩,twse
6213.TW,TW,聯茂,twse
2890.TW,TW,永豐金,twse
6919.TW,TW,康霈*,twse
2882.TW,TW,國泰金,twse
6531.TW,TW,愛普*,twse
2379.TW,TW,瑞昱,twse
3034.TW,TW,聯詠,twse
2368.TW,TW,金像電,twse
4904.TW,TW,遠傳,twse
2360.TW,TW,致茂,twse
7610.TW,TW,聯友金屬-創,twse
2301.TW,TW,光寶科,twse
2891.TW,TW,中信金,twse
6285.TW,TW,啟碁,twse
2207.TW,TW,和泰車,twse
2375.TW,TW,凱美,twse
2404.TW,TW,漢唐,twse
6257.TW,TW,矽格,twse
3044.TW,TW,健鼎,twse
6415.TW,TW,矽力*-KY,twse
4919.TW,TW,新唐,twse
2883.TW,TW,凱基金,twse
3036.TW,TW,文曄,twse
2887.TW,TW,台新新光金,twse
3406.TW,TW,玉晶光,twse
2884.TW,TW,玉山金,twse
2464.TW,TW,盟立,twse
3006.TW,TW,晶豪科,twse
2886.TW,TW,兆豐金,twse
1519.TW,TW,華城,twse
2426.TW,TW,鼎元,twse
2603.TW,TW,長榮,twse
1513.TW,TW,中興電,twse
2059.TW,TW,川湖,twse
2376.TW,TW,技嘉,twse
6446.TW,TW,藥華藥,twse
6209.TW,TW,今國光,twse
2486.TW,TW,一詮,twse
2885.TW,TW,元大金,twse
2618.TW,TW,長榮航,twse
3673.TW,TW,TPK-KY,twse
2324.TW,TW,仁寶,twse
3532.TW,TW,台勝科,twse
2880.TW,TW,華南金,twse
2351.TW,TW,順德,twse
2356.TW,TW,英業達,twse
3533.TW,TW,嘉澤,twse
2458.TW,TW,義隆,twse
2892.TW,TW,第一金,twse
3583.TW,TW,辛耘,twse
1605.TW,TW,華新,twse
6139.TW,TW,亞翔,twse
4938.TW,TW,和碩,twse
6451.TW,TW,訊芯-KY,twse
6449.TW,TW,鈺邦,twse
3702.TW,TW,大聯大,twse
2610.TW,TW,華航,twse
8028.TW,TW,昇陽半導體,twse
6271.TW,TW,同欣電,twse
6789.TW,TW,采鈺,twse
6155.TW,TW,鈞寶,twse
2395.TW,TW,研華,twse
1216.TW,TW,統一,twse
2388.TW,TW,威盛,twse
3715.TW,TW,定穎投控,twse
1503.TW,TW,士電,twse
2481.TW,TW,強茂,twse
3035.TW,TW,智原,twse
2441.TW,TW,超豐,twse
6515.TW,TW,穎崴,twse
5871.TW,TW,中租-KY,twse
2451.TW,TW,創見,twse
2609.TW,TW,陽明,twse
6672.TW,TW,騰輝電子-KY,twse
1326.TW,TW,台化,twse
1590.TW,TW,亞德客-KY,twse
2484.TW,TW,希華,twse
2353.TW,TW,宏碁,twse
5269.TW,TW,祥碩,twse
8112.TW,TW,至上,twse
4764.TW,TW,雙鍵,twse
2377.TW,TW,微星,twse
2342.TW,TW,茂矽,twse
8210.TW,TW,勤誠,twse
2049.TW,TW,上銀,twse
6805.TW,TW,富世達,twse
2912.TW,TW,統一超,twse
6197.TW,TW,佳必琪,twse
2474.TW,TW,可成,twse
3016.TW,TW,嘉晶,twse
4722.TW,TW,國精化,twse
3312.TW,TW,弘憶股,twse
6269.TW,TW,台郡,twse
3026.TW,TW,禾伸堂,twse
2412.TW,TW,中華電,twse
2302.TW,TW,麗正,twse
1504.TW,TW,東元,twse
2915.TW,TW,潤泰全,twse
6781.TW,TW,AES-KY,twse
2489.TW,TW,瑞軒,twse
3019.TW,TW,亞光,twse
6278.TW,TW,台表科,twse
6442.TW,TW,光聖,twse
6742.TW,TW,澤米,twse
8081.TW,TW,致新,twse
2428.TW,TW,興勤,twse
6196.TW,TW,帆宣,twse
2105.TW,TW,正新,twse
2316.TW,TW,楠梓電,twse
9904.TW,TW,寶成,twse
1402.TW,TW,遠東新,twse
4967.TW,TW,十銓,twse
2367.TW,TW,燿華,twse
2347.TW,TW,聯強,twse
1708.TW,TW,東鹼,twse
6719.TW,TW,力智,twse
1727.TW,TW,中華化,twse
7788.TW,TW,松川精密,twse
6176.TW,TW,瑞儀,twse
1409.TW,TW,新纖,twse
2329.TW,TW,華泰,twse
8926.TW,TW,台汽電,twse
1319.TW,TW,東陽,twse
6282.TW,TW,康舒,twse
2467.TW,TW,志聖,twse
2401.TW,TW,凌陽,twse
1477.TW,TW,聚陽,twse
3045.TW,TW,台灣大,twse
1476.TW,TW,儒鴻,twse
2369.TW,TW,菱生,twse
2027.TW,TW,大成鋼,twse
2399.TW,TW,映泰,twse
2834.TW,TW,臺企銀,twse
4551.TW,TW,智伸科,twse
2542.TW,TW,興富發,twse
3714.TW,TW,富采,twse
8110.TW,TW,華東,twse
2606.TW,TW,裕民,twse
2801.TW,TW,彰銀,twse
2312.TW,TW,金寶,twse
6166.TW,TW,凌華,twse
3706.TW,TW,神達,twse
3060.TW,TW,銘異,twse
4916.TW,TW,事欣科,twse
6202.TW,TW,盛群,twse
5880.TW,TW,合庫金,twse
1101.TW,TW,台泥,twse
3048.TW,TW,益登,twse
2340.TW,TW,台亞,twse
3376.TW,TW,新日興,twse
2493.TW,TW,揚博,twse
6005.TW,TW,群益證,twse
2385.TW,TW,群光,twse
4976.TW,TW,佳凌,twse
1717.TW,TW,長興,twse
8016.TW,TW,矽創,twse
8039.TW,TW,台虹,twse
6414.TW,TW,樺漢,twse
6505.TW,TW,台塑化,twse
2615.TW,TW,萬海,twse
1905.TW,TW,華紙,twse
3596.TW,TW,智易,twse
3576.TW,TW,聯合再生,twse
7750.TW,TW,新代,twse
1102.TW,TW,亞泥,twse
6944.TW,TW,兆聯實業,twse
6949.TW,TW,沛爾生醫-創,twse
6831.TW,TW,邁科,twse
6526.TW,TW,達發,twse
2495.TW,TW,普安,twse
1560.TW,TW,中砂,twse
1714.TW,TW,和桐,twse
8021.TW,TW,尖點,twse
3059.TW,TW,華晶科,twse
5471.TW,TW,松翰,twse
3413.TW,TW,京鼎,twse
8261.TW,TW,富鼎,twse
2406.TW,TW,國碩,twse
6706.TW,TW,惠特,twse
2006.TW,TW,東和鋼鐵,twse
3014.TW,TW,聯陽,twse
6525.TW,TW,捷敏-KY,twse
6191.TW,TW,精成科,twse
5876.TW,TW,上海商銀,twse
3605.TW,TW,宏致,twse
3030.TW,TW,德律,twse
2363.TW,TW,矽統,twse
2355.TW,TW,敬鵬,twse
2402.TW,TW,毅嘉,twse
3504.TW,TW,揚明光,twse
6472.TW,TW,保瑞,twse
6861.TW,TW,睿生光電,twse
6409.TW,TW,旭隼,twse
6691.TW,TW,洋基工程,twse
3149.TW,TW,正達,twse
2485.TW,TW,兆赫,twse
6456.TW,TW,GIS-KY,twse
6153.TW,TW,嘉聯益,twse
4989.TW,TW,榮科,twse
9945.TW,TW,潤泰新,twse
2633.TW,TW,台灣高鐵,twse
2845.TW,TW,遠東銀,twse
2354.TW,TW,鴻準,twse
8131.TW,TW,福懋科,twse
6830.TW,TW,汎銓,twse
4576.TW,TW,大銀微系統,twse
3023.TW,TW,信邦,twse
2855.TW,TW,統一證,twse
5434.TW,TW,崇越,twse
4739.TW,TW,康普,twse
8271.TW,TW,宇瞻,twse
6443.TW,TW,元晶,twse
8464.TW,TW,億豐,twse
2498.TW,TW,宏達電,twse
2812.TW,TW,台中銀,twse
1563.TW,TW,巧新,twse
2371.TW,TW,大同,twse
9105.TW,TW,泰金寶-DR,twse
2548.TW,TW,華固,twse
4977.TW,TW,眾達-KY,twse
3563.TW,TW,牧德,twse
2476.TW,TW,鉅祥,twse
2605.TW,TW,新興,twse
8454.TW,TW,富邦媒,twse
2241.TW,TW,艾姆勒,twse
3135.TW,TW,凌航,twse
2637.TW,TW,慧洋-KY,twse
6177.TW,TW,達麗,twse
3305.TW,TW,昇貿,twse
5285.TW,TW,界霖,twse
3005.TW,TW,神基,twse
1597.TW,TW,直得,twse
2520.TW,TW,冠德,twse
3041.TW,TW,揚智,twse
6214.TW,TW,精誠,twse
2436.TW,TW,偉詮電,twse
1711.TW,TW,永光,twse
1514.TW,TW,亞力,twse
3528.TW,TW,安馳,twse
8033.TW,TW,雷虎,twse
2338.TW,TW,光罩,twse
3010.TW,TW,華立,twse
6412.TW,TW,群電,twse
8163.TW,TW,達方,twse
6757.TW,TW,台灣虎航,twse
8105.TW,TW,凌巨,twse
7799.TW,TW,禾榮科,twse
9910.TW,TW,豐泰,twse
2501.TW,TW,國建,twse
6224.TW,TW,聚鼎,twse
2483.TW,TW,百容,twse
6670.TW,TW,復盛應用,twse
4915.TW,TW,致伸,twse
2332.TW,TW,友訊,twse
2359.TW,TW,所羅門,twse
5243.TW,TW,乙盛-KY,twse
3167.TW,TW,大量,twse
3592.TW,TW,瑞鼎,twse
4906.TW,TW,正文,twse
6668.TW,TW,中揚光,twse
6658.TW,TW,聯策,twse
2374.TW,TW,佳能,twse
8070.TW,TW,長華*,twse
4961.TW,TW,天鈺,twse
8215.TW,TW,明基材,twse
8104.TW,TW,錸寶,twse
2421.TW,TW,建準,twse
4763.TW,TW,材料*-KY,twse
9958.TW,TW,世紀鋼,twse
2305.TW,TW,全友,twse
5284.TW,TW,jpp-KY,twse
6715.TW,TW,嘉基,twse
1809.TW,TW,中釉,twse
2393.TW,TW,億光,twse
2328.TW,TW,廣宇,twse
3003.TW,TW,健和興,twse
2101.TW,TW,南港,twse
7822.TW,TW,倍利科,twse
2323.TW,TW,中環,twse
8422.TW,TW,可寧衛*,twse
3028.TW,TW,增你強,twse
3013.TW,TW,晟銘電,twse
3055.TW,TW,蔚華科,twse
3033.TW,TW,威健,twse
5388.TW,TW,中磊,twse
3015.TW,TW,全漢,twse
6862.TW,TW,三集瑞-KY,twse
2515.TW,TW,中工,twse
3704.TW,TW,合勤控,twse
6491.TW,TW,晶碩,twse
1215.TW,TW,卜蜂,twse
6962.TW,TW,奕力-KY,twse
1582.TW,TW,信錦,twse
2439.TW,TW,美律,twse
5234.TW,TW,達興材料,twse
6426.TW,TW,統新,twse
4526.TW,TW,東台,twse
3645.TW,TW,達邁,twse
1773.TW,TW,勝一,twse
2504.TW,TW,國產,twse
4927.TW,TW,泰鼎-KY,twse
5534.TW,TW,長虹,twse
1609.TW,TW,大亞,twse
4960.TW,TW,誠美材,twse
5469.TW,TW,瀚宇博,twse
7749.TW,TW,意騰-KY,twse
2233.TW,TW,宇隆,twse
3717.TW,TW,聯嘉投控,twse
3094.TW,TW,聯傑,twse
4766.TW,TW,南寶,twse
1795.TW,TW,美時,twse
1568.TW,TW,倉佑,twse
1210.TW,TW,大成,twse
6438.TW,TW,迅得,twse
2413.TW,TW,環科,twse
9907.TW,TW,統一實,twse
2851.TW,TW,中再保,twse
1314.TW,TW,中石化,twse
9933.TW,TW,中鼎,twse
2645.TW,TW,長榮航太,twse
2731.TW,TW,雄獅,twse
1722.TW,TW,台肥,twse
1229.TW,TW,聯華,twse
2838.TW,TW,聯邦銀,twse
3535.TW,TW,晶彩科,twse
1907.TW,TW,永豐餘,twse
2646.TW,TW,星宇航空,twse
2348.TW,TW,海悅,twse
2867.TW,TW,三商壽,twse
6695.TW,TW,芯鼎,twse
9921.TW,TW,巨大,twse
1312.TW,TW,國喬,twse
6937.TW,TW,天虹,twse
6168.TW,TW,宏齊,twse
5522.TW,TW,遠雄,twse
8438.TW,TW,昶昕,twse
1342.TW,TW,八貫,twse
9939.TW,TW,宏全,twse
2425.TW,TW,承啟,twse
2352.TW,TW,佳世達,twse
3380.TW,TW,明泰,twse
6206.TW,TW,飛捷,twse
2597.TW,TW,潤弘,twse
7795.TW,TW,長廣,twse
1718.TW,TW,中纖,twse
6579.TW,TW,研揚,twse
2457.TW,TW,飛宏,twse
3047.TW,TW,訊舟,twse
3209.TW,TW,全科,twse
2634.TW,TW,漢翔,twse
3062.TW,TW,建漢,twse
8114.TW,TW,振樺電,twse
3530.TW,TW,晶相光,twse
1304.TW,TW,台聚,twse
9917.TW,TW,中保科,twse
6215.TW,TW,和椿,twse
1808.TW,TW,潤隆,twse
6834.TW,TW,天二科技,twse
2543.TW,TW,皇昌,twse
2201.TW,TW,裕隆,twse
7722.TW,TW,LINEPAY,twse
3022.TW,TW,威強電,twse
4540.TW,TW,全球傳動,twse
3356.TW,TW,奇偶,twse
3049.TW,TW,精金,twse
1310.TW,TW,台苯,twse
3257.TW,TW,虹冠電,twse
3550.TW,TW,聯穎,twse
4968.TW,TW,立積,twse
9941.TW,TW,裕融,twse
3652.TW,TW,精聯,twse
1608.TW,TW,華榮,twse
6799.TW,TW,來頡,twse
8162.TW,TW,微矽電子-創,twse
6189.TW,TW,豐藝,twse
2889.TW,TW,國票金,twse
3515.TW,TW,華擎,twse
2009.TW,TW,第一銅,twse
2103.TW,TW,台橡,twse
2727.TW,TW,王品,twse
2480.TW,TW,敦陽科,twse
3002.TW,TW,歐格,twse
3708.TW,TW,上緯投控,twse
1904.TW,TW,正隆,twse
6585.TW,TW,鼎基,twse
3545.TW,TW,敦泰,twse
7740.TW,TW,熙特爾-創,twse
2362.TW,TW,藍天,twse
4952.TW,TW,凌通,twse
3694.TW,TW,海華,twse
4770.TW,TW,上品,twse
4169.TW,TW,泰宗,twse
1736.TW,TW,喬山,twse
2331.TW,TW,精英,twse
6890.TW,TW,來億-KY,twse
2536.TW,TW,宏普,twse
8103.TW,TW,瀚荃,twse
2850.TW,TW,新產,twse
2903.TW,TW,遠百,twse
1515.TW,TW,力山,twse
7711.TW,TW,永擎,twse
3029.TW,TW,零壹,twse
6605.TW,TW,帝寶,twse
2537.TW,TW,聯上發,twse
6120.TW,TW,達運,twse
2014.TW,TW,中鴻,twse
2405.TW,TW,輔信,twse
2243.TW,TW,宏旭-KY,twse
2465.TW,TW,麗臺,twse
2527.TW,TW,宏璟,twse
1528.TW,TW,恩德,twse
2535.TW,TW,達欣工,twse
7827.TW,TW,漢康-KY創,twse
1710.TW,TW,東聯,twse
8476.TW,TW,台境*,twse
6994.TW,TW,富威電力,twse
2072.TW,TW,世紀風電,twse
2206.TW,TW,三陽工業,twse
9914.TW,TW,美利達,twse
2539.TW,TW,櫻花建,twse
2460.TW,TW,建通,twse
4949.TW,TW,有成精密,twse
3004.TW,TW,豐達科,twse
8473.TW,TW,山林水,twse
2349.TW,TW,錸德,twse
2392.TW,TW,正崴,twse
6782.TW,TW,視陽,twse
3092.TW,TW,鴻碩,twse
1227.TW,TW,佳格,twse
2420.TW,TW,新巨,twse
2010.TW,TW,春源,twse
9802.TW,TW,鈺齊-KY,twse
2417.TW,TW,圓剛,twse
2365.TW,TW,昆盈,twse
1440.TW,TW,南紡,twse
1536.TW,TW,和大,twse
2540.TW,TW,愛山林,twse
2820.TW,TW,華票,twse
2753.TW,TW,八方雲集,twse
9946.TW,TW,三發地產,twse
1313.TW,TW,聯成,twse
1309.TW,TW,台達化,twse
1305.TW,TW,華夏,twse
3138.TW,TW,耀登,twse
6698.TW,TW,旭暉應材,twse
7780.TW,TW,大研生醫*,twse
6205.TW,TW,詮欣,twse
6901.TW,TW,鑽石投資,twse
1723.TW,TW,中碳,twse
4585.TW,TW,達明,twse
9938.TW,TW,百和,twse
2497.TW,TW,怡利電,twse
6533.TW,TW,晶心科,twse
2442.TW,TW,新美齊,twse
2897.TW,TW,王道銀行,twse
3021.TW,TW,鴻名,twse
7768.TW,TW,頌勝科技,twse
6753.TW,TW,龍德造船,twse
6589.TW,TW,台康生技,twse
3031.TW,TW,佰鴻,twse
2211.TW,TW,長榮鋼,twse
3338.TW,TW,泰碩,twse
4912.TW,TW,聯德控股-KY,twse
1909.TW,TW,榮成,twse
2547.TW,TW,日勝生,twse
4569.TW,TW,六方科-KY,twse
3051.TW,TW,力特,twse
1721.TW,TW,三晃,twse
6405.TW,TW,悅城,twse
3032.TW,TW,偉訓,twse
1308.TW,TW,亞聚,twse
6756.TW,TW,威鋒電子,twse
4571.TW,TW,鈞興-KY,twse
4536.TW,TW,拓凱,twse
4583.TW,TW,台灣精銳,twse
1434.TW,TW,福懋,twse
8374.TW,TW,羅昇,twse
7765.TW,TW,中華資安,twse
9906.TW,TW,欣巴巴,twse
4956.TW,TW,光鋐,twse
1455.TW,TW,集盛,twse
1104.TW,TW,環泥,twse
1522.TW,TW,堤維西,twse
4532.TW,TW,瑞智,twse
2491.TW,TW,吉祥全,twse
1612.TW,TW,宏泰,twse
2204.TW,TW,中華,twse
2852.TW,TW,第一保,twse
6873.TW,TW,泓德能源,twse
6142.TW,TW,友勁,twse
3617.TW,TW,碩天,twse
6854.TW,TW,錼創科技-KY創,twse
1810.TW,TW,和成,twse
2236.TW,TW,百達-KY,twse
2414.TW,TW,精技,twse
3701.TW,TW,大眾控,twse
6869.TW,TW,雲豹能源,twse
2108.TW,TW,南帝,twse
6024.TW,TW,群益期,twse
5007.TW,TW,三星,twse
3346.TW,TW,麗清,twse
6141.TW,TW,柏承,twse
5515.TW,TW,建國,twse
4566.TW,TW,時碩工業,twse
3416.TW,TW,融程電,twse
5521.TW,TW,工信,twse
2015.TW,TW,豐興,twse
7721.TW,TW,微程式,twse
2104.TW,TW,國際中橡,twse
4306.TW,TW,炎洲,twse
5288.TW,TW,豐祥-KY,twse
4755.TW,TW,三福化,twse
4746.TW,TW,台耀,twse
2836.TW,TW,高雄銀,twse
2832.TW,TW,台產,twse
3046.TW,TW,建碁,twse
1712.TW,TW,興農,twse
2612.TW,TW,中航,twse
8478.TW,TW,東哥遊艇,twse
6592.TW,TW,和潤企業,twse
8249.TW,TW,菱光,twse
1436.TW,TW,華友聯,twse
3588.TW,TW,通嘉,twse
1623.TW,TW,大東電,twse
3591.TW,TW,艾笛森,twse
1618.TW,TW,合機,twse
2913.TW,TW,農林,twse
2607.TW,TW,榮運,twse
2419.TW,TW,仲琦,twse
6243.TW,TW,迅杰,twse
1709.TW,TW,和益,twse
3311.TW,TW,閎暉,twse
4771.TW,TW,望隼,twse
2208.TW,TW,台船,twse
8462.TW,TW,柏文,twse
5222.TW,TW,全訊,twse
1307.TW,TW,三芳,twse
2258.TW,TW,鴻華先進-創,twse
3296.TW,TW,勝德,twse
1232.TW,TW,大統益,twse
2023.TW,TW,燁輝,twse
3703.TW,TW,欣陸,twse
6768.TW,TW,志強-KY,twse
9940.TW,TW,信義,twse
4720.TW,TW,德淵,twse
2031.TW,TW,新光鋼,twse
2431.TW,TW,聯昌,twse
2617.TW,TW,台航,twse
3321.TW,TW,同泰,twse
5706.TW,TW,鳳凰,twse
1532.TW,TW,勤美,twse
1789.TW,TW,神隆,twse
9911.TW,TW,櫻花,twse
5519.TW,TW,隆大,twse
2034.TW,TW,允強,twse
5484.TW,TW,慧友,twse
1316.TW,TW,上曜,twse
1725.TW,TW,元禎,twse
6909.TW,TW,創控,twse
1707.TW,TW,葡萄王,twse
3501.TW,TW,維熹,twse
5607.TW,TW,遠雄港,twse
7818.TW,TW,溢泰實業,twse
7786.TW,TW,東方風能,twse
8011.TW,TW,台通,twse
2545.TW,TW,皇翔,twse
2397.TW,TW,友通,twse
2462.TW,TW,良得電,twse
2453.TW,TW,凌群,twse
2707.TW,TW,晶華,twse
2534.TW,TW,宏盛,twse
3025.TW,TW,星通,twse
3056.TW,TW,富華新,twse
2630.TW,TW,亞航,twse
6112.TW,TW,邁達特,twse
1524.TW,TW,耿鼎,twse
7730.TW,TW,暉盛-創,twse
2468.TW,TW,華經,twse
6550.TW,TW,北極星藥業-KY,twse
2030.TW,TW,彰源,twse
3437.TW,TW,榮創,twse
6117.TW,TW,迎廣,twse
6277.TW,TW,宏正,twse
9136.TW,TW,巨騰-DR,twse
6235.TW,TW,華孚,twse
8213.TW,TW,志超,twse
4164.TW,TW,承業醫,twse
1256.TW,TW,鮮活果汁-KY,twse
1218.TW,TW,泰山,twse
2723.TW,TW,美食-KY,twse
5292.TW,TW,華懋,twse
5258.TW,TW,虹堡,twse
2530.TW,TW,華建,twse
2461.TW,TW,光群雷,twse
4137.TW,TW,麗豐-KY,twse
6133.TW,TW,金橋,twse
2636.TW,TW,台驊控股,twse
6776.TW,TW,展碁國際,twse
2466.TW,TW,冠西電,twse
6689.TW,TW,伊雲谷,twse
4807.TW,TW,日成-KY,twse
6906.TW,TW,現觀科,twse
2247.TW,TW,汎德永業,twse
2434.TW,TW,統懋,twse
4934.TW,TW,太極,twse
3229.TW,TW,晟鈦,twse
2387.TW,TW,精元,twse
6165.TW,TW,浪凡,twse
2614.TW,TW,東森,twse
1231.TW,TW,聯華食,twse
4142.TW,TW,國光生,twse
2228.TW,TW,劍麟,twse
1760.TW,TW,寶齡富錦,twse
1529.TW,TW,樂事綠能,twse
2511.TW,TW,太子,twse
1432.TW,TW,大魯閣,twse
2415.TW,TW,錩新,twse
8499.TW,TW,鼎炫-KY,twse
6416.TW,TW,瑞祺電通,twse
6625.TW,TW,必應,twse
2905.TW,TW,三商,twse
1611.TW,TW,中電,twse
5203.TW,TW,訊連,twse
1471.TW,TW,首利,twse
4441.TW,TW,振大環球,twse
6152.TW,TW,百一,twse
1786.TW,TW,科妍,twse
1616.TW,TW,億泰,twse
2488.TW,TW,漢平,twse
6933.TW,TW,AMAX-KY,twse
4555.TW,TW,氣立,twse
6902.TW,TW,GOGOLOOK,twse
2546.TW,TW,根基,twse
5225.TW,TW,東科-KY,twse
3011.TW,TW,今皓,twse
8341.TW,TW,日友,twse
2429.TW,TW,銘旺科,twse
2231.TW,TW,為升,twse
6934.TW,TW,心誠鎂,twse
5306.TW,TW,桂盟,twse
1442.TW,TW,名軒,twse
1449.TW,TW,佳和,twse
6806.TW,TW,森崴能源,twse
6957.TW,TW,裕慶-KY,twse
1321.TW,TW,大洋,twse
2106.TW,TW,建大,twse
5283.TW,TW,禾聯碩,twse
2505.TW,TW,國揚,twse
2524.TW,TW,京城,twse
6477.TW,TW,安集,twse
6192.TW,TW,巨路,twse
4562.TW,TW,穎漢,twse
4104.TW,TW,佳醫,twse
3024.TW,TW,憶聲,twse
2427.TW,TW,三商電,twse
2459.TW,TW,敦吉,twse
5608.TW,TW,四維航,twse
6552.TW,TW,易華電,twse
6541.TW,TW,泰福-KY,twse
3705.TW,TW,永信,twse
3518.TW,TW,柏騰,twse
2364.TW,TW,倫飛,twse
4590.TW,TW,富田-創,twse
1720.TW,TW,生達,twse
2114.TW,TW,鑫永銓,twse
4545.TW,TW,銘鈺,twse
6923.TW,TW,中台,twse
6558.TW,TW,興能高,twse
3050.TW,TW,鈺德,twse
4736.TW,TW,泰博,twse
1734.TW,TW,杏輝,twse
6226.TW,TW,光鼎,twse
1423.TW,TW,利華,twse
6792.TW,TW,詠業,twse
3543.TW,TW,州巧,twse
6230.TW,TW,尼得科超眾,twse
2528.TW,TW,皇普,twse
8072.TW,TW,陞泰,twse
2704.TW,TW,國賓,twse
3130.TW,TW,一零四,twse
6108.TW,TW,競國,twse
3040.TW,TW,遠見,twse
6164.TW,TW,華興,twse
1466.TW,TW,聚隆,twse
1444.TW,TW,力麗,twse
9925.TW,TW,新保,twse
2816.TW,TW,旺旺保,twse
2020.TW,TW,美亞,twse
1762.TW,TW,中化生,twse
1339.TW,TW,昭輝,twse
2107.TW,TW,厚生,twse
4119.TW,TW,旭富,twse
3622.TW,TW,洋華,twse
4560.TW,TW,強信-KY,twse
3447.TW,TW,展達,twse
9908.TW,TW,大台北,twse
2601.TW,TW,益航,twse
6573.TW,TW,虹揚-KY,twse
9934.TW,TW,成霖,twse
1603.TW,TW,華電,twse
3679.TW,TW,新至陞,twse
1713.TW,TW,國化,twse
1447.TW,TW,力鵬,twse
6216.TW,TW,居易,twse
8222.TW,TW,寶一,twse
3043.TW,TW,科風,twse
1702.TW,TW,南僑,twse
2025.TW,TW,千興,twse
6272.TW,TW,驊陞,twse
3712.TW,TW,永崴投控,twse
2739.TW,TW,寒舍,twse
6863.TW,TW,永道-KY,twse
5215.TW,TW,科嘉-KY,twse
3027.TW,TW,盛達,twse
1604.TW,TW,聲寶,twse
9955.TW,TW,佳龍,twse
2390.TW,TW,云辰,twse
2013.TW,TW,中鋼構,twse
2450.TW,TW,神腦,twse
2444.TW,TW,兆勁,twse
1225.TW,TW,福懋油,twse
1472.TW,TW,三洋實業,twse
9930.TW,TW,中聯資源,twse
3054.TW,TW,立萬利,twse
4564.TW,TW,元翎,twse
2069.TW,TW,運錩,twse
3607.TW,TW,谷崧,twse
5906.TW,TW,台南-KY,twse
6115.TW,TW,鎰勝,twse
2440.TW,TW,太空梭,twse
6790.TW,TW,永豐實,twse
2471.TW,TW,資通,twse
1315.TW,TW,達新,twse
3058.TW,TW,立德,twse
6885.TW,TW,全福生技,twse
9103.TW,TW,美德醫療-DR,twse
1735.TW,TW,日勝化,twse
1537.TW,TW,廣隆,twse
6591.TW,TW,動力-KY,twse
2423.TW,TW,固緯,twse
2032.TW,TW,新鋼,twse
2029.TW,TW,盛餘,twse
3038.TW,TW,全台,twse
2608.TW,TW,嘉里大榮,twse
9919.TW,TW,康那香,twse
1527.TW,TW,鑽全,twse
1533.TW,TW,車王電,twse
3308.TW,TW,聯德,twse
2762.TW,TW,世界健身-KY,twse
4935.TW,TW,茂林-KY,twse
7821.TW,TW,神數,twse
1587.TW,TW,吉茂,twse
A,US,"Agilent Technologies, Inc. Common Stock",nasdaq_trader
AA,US,Alcoa Corporation Common Stock,nasdaq_trader
AACB,US,Artius II Acquisition Inc. - Class A Ordinary Shares,nasdaq_trader
AACI,US,Armada Acquisition Corp. III - Class A Ordinary Share,nasdaq_trader
AACO,US,Abony Acquisition Corp. I - Class A Ordinary Share,nasdaq_trader
AACP,US,Apogee Acquisition Corp - Class A Ordinary Shares,nasdaq_trader
AADX,US,"Applied Aerospace & Defense, Inc. Common Stock",nasdaq_trader
AAL,US,"American Airlines Group, Inc. - Common Stock",nasdaq_trader
AAME,US,Atlantic American Corporation - Common Stock,nasdaq_trader
AAMI,US,Acadian Asset Management Inc. Common Stock,nasdaq_trader
AAOI,US,"Applied Optoelectronics, Inc. - Common Stock",nasdaq_trader
AAON,US,"AAON, Inc. - Common Stock",nasdaq_trader
AAP,US,Advance Auto Parts Inc.,nasdaq_trader
AAPG,US,Ascentage Pharma Group International - American Depository Shares,nasdaq_trader
AAPL,US,Apple Inc. - Common Stock,nasdaq_trader
AARD,US,"Aardvark Therapeutics, Inc. - Common Stock",nasdaq_trader
AAT,US,"American Assets Trust, Inc. Common Stock",nasdaq_trader
AAUC,US,Allied Gold Corporation Common Shares,nasdaq_trader
ABAT,US,American Battery Technology Company - Common Stock,nasdaq_trader
ABBV,US,AbbVie Inc. Common Stock,nasdaq_trader
ABCB,US,Ameris Bancorp Common Stock,nasdaq_trader
ABCL,US,AbCellera Biologics Inc. - Common Shares,nasdaq_trader
ABEO,US,Abeona Therapeutics Inc. - Common Stock,nasdaq_trader
ABG,US,Asbury Automotive Group Inc Common Stock,nasdaq_trader
ABLV,US,Able View Global Inc. - Class B Ordinary Shares,nasdaq_trader
ABM,US,ABM Industries Incorporated Common Stock,nasdaq_trader
ABNB,US,"Airbnb, Inc. - Class A Common Stock",nasdaq_trader
ABOS,US,"Acumen Pharmaceuticals, Inc. - Common Stock",nasdaq_trader
ABR,US,Arbor Realty Trust Common Stock,nasdaq_trader
ABSI,US,Absci Corporation - Common Stock,nasdaq_trader
ABT,US,Abbott Laboratories Common Stock,nasdaq_trader
ABTC,US,American Bitcoin Corp. - Class A Common Stock,nasdaq_trader
ABTS,US,Abits Group Inc - Ordinary Shares,nasdaq_trader
ABUS,US,Arbutus Biopharma Corporation - Common Stock,nasdaq_trader
ABVC,US,"ABVC BioPharma, Inc. - Common Stock",nasdaq_trader
ABX,US,"Abacus Global Management, Inc. Class A Common Stock",nasdaq_trader
ACA,US,"Arcosa, Inc. Common Stock",nasdaq_trader
ACAA,US,Averin Capital Acquisition Corp. - Class A Ordinary Shares,nasdaq_trader
ACAD,US,ACADIA Pharmaceuticals Inc. - Common Stock,nasdaq_trader
ACB,US,Aurora Cannabis Inc. - Common Shares,nasdaq_trader
ACCL,US,Acco Group Holdings Limited - Class A Ordinary Shares,nasdaq_trader
ACCO,US,Acco Brands Corporation Common Stock,nasdaq_trader
ACCS,US,ACCESS Newswire Inc. Common Stock,nasdaq_trader
ACDC,US,ProFrac Holding Corp. - Class A Common Stock,nasdaq_trader
ACEL,US,"Accel Entertainment, Inc.",nasdaq_trader
ACET,US,"Adicet Bio, Inc. - Common Stock",nasdaq_trader
ACFN,US,"Acorn Energy, Inc. - Common Stock",nasdaq_trader
ACGC,US,ACP Holdings Acquisition Corp. - Class A Ordinary Shares,nasdaq_trader
ACGL,US,Arch Capital Group Ltd. - Common Stock,nasdaq_trader
ACH,US,"Accendra Health, Inc. Common Stock",nasdaq_trader
ACHC,US,"Acadia Healthcare Company, Inc. - Common Stock",nasdaq_trader
ACHR,US,Archer Aviation Inc. Class A Common Stock,nasdaq_trader
ACHV,US,"Achieve Life Sciences, Inc.  - Common Shares",nasdaq_trader
ACI,US,"Albertsons Companies, Inc. Class A Common Stock",nasdaq_trader
ACIC,US,American Coastal Insurance Corporation - Common Stock,nasdaq_trader
ACIU,US,AC Immune SA - Common Stock,nasdaq_trader
ACIW,US,"ACI Worldwide, Inc. - Common Stock",nasdaq_trader
ACLS,US,"Axcelis Technologies, Inc. - Common Stock",nasdaq_trader
ACM,US,AECOM Common Stock,nasdaq_trader
ACMR,US,"ACM Research, Inc. - Class A Common Stock",nasdaq_trader
ACN,US,Accenture plc Class A Ordinary Shares (Ireland),nasdaq_trader
ACNB,US,ACNB Corporation - Common Stock,nasdaq_trader
ACNT,US,Ascent Industries Co. - Common Stock,nasdaq_trader
ACOG,US,Alpha Cognition Inc. - Common Stock,nasdaq_trader
ACON,US,"Aclarion, Inc. - Common Stock",nasdaq_trader
ACP,US,abrdn Income Credit Strategies Fund Common Shares,nasdaq_trader
ACR,US,ACRES Commercial Realty Corp. Common Stock,nasdaq_trader
ACRE,US,Ares Commercial Real Estate Corporation Common Stock,nasdaq_trader
ACRS,US,"Aclaris Therapeutics, Inc. - Common Stock",nasdaq_trader
ACRV,US,"Acrivon Therapeutics, Inc. - Common Stock",nasdaq_trader
ACT,US,"Enact Holdings, Inc. - Common Stock",nasdaq_trader
ACTG,US,Acacia Research Corporation - Common Stock,nasdaq_trader
ACTU,US,"Actuate Therapeutics, Inc. - Common stock",nasdaq_trader
ACV,US,Virtus Diversified Income & Convertible Fund Common Shares of Beneficial Interest,nasdaq_trader
ACVA,US,ACV Auctions Inc. Class A Common Stock,nasdaq_trader
ACXP,US,"Acurx Pharmaceuticals, Inc. - Common Stock",nasdaq_trader
AD,US,"Array Digital Infrastructure, Inc. Common Shares",nasdaq_trader
ADAC,US,American Drive Acquisition Company - Class A Ordinary Shares,nasdaq_trader
ADAG,US,"Adagene Inc. - ADS, each representing 1.25 ordinary shares",nasdaq_trader
ADAM,US,"Adamas Trust, Inc. - Common Stock",nasdaq_trader
ADBE,US,Adobe Inc. - Common Stock,nasdaq_trader
ADC,US,Agree Realty Corporation Common Stock,nasdaq_trader
ADCT,US,ADC Therapeutics SA Common Shares,nasdaq_trader
ADEA,US,Adeia Inc.  - Common Stock,nasdaq_trader
ADGM,US,"Adagio Medical Holdings, Inc - Common Stock",nasdaq_trader
ADI,US,"Analog Devices, Inc. - Common Stock",nasdaq_trader
ADIL,US,"Adial Pharmaceuticals, Inc - Common Stock",nasdaq_trader
ADM,US,Archer-Daniels-Midland Company Common Stock,nasdaq_trader
ADMA,US,ADMA Biologics Inc - Common Stock,nasdaq_trader
ADNT,US,Adient plc Ordinary Shares,nasdaq_trader
ADP,US,"Automatic Data Processing, Inc. - Common Stock",nasdaq_trader
ADPT,US,Adaptive Biotechnologies Corporation - Common Stock,nasdaq_trader
ADSE,US,ADS-TEC ENERGY PLC - Ordinary Shares,nasdaq_trader
ADSK,US,"Autodesk, Inc. - Common Stock",nasdaq_trader
ADT,US,ADT Inc. Common Stock,nasdaq_trader
ADTN,US,"ADTRAN Holdings, Inc. - Common Stock",nasdaq_trader
ADTX,US,"Aditxt, Inc. - Common Stock",nasdaq_trader
ADUR,US,Aduro Clean Technologies Inc. - Common Stock,nasdaq_trader
ADUS,US,Addus HomeCare Corporation - Common Stock,nasdaq_trader
ADV,US,Advantage Solutions Inc.  - Class A Common Stock,nasdaq_trader
ADVB,US,Advanced Biomed Inc. - Common Stock,nasdaq_trader
ADX,US,Adams Diversified Equity Fund Inc.,nasdaq_trader
AEAQ,US,Activate Energy Acquisition Corp. - Class A Ordinary Share,nasdaq_trader
AEBI,US,Aebi Schmidt Holding AG - Common Stock,nasdaq_trader
AEC,US,Anfield Energy Inc. - Common Shares,nasdaq_trader
AEE,US,Ameren Corporation Common Stock,nasdaq_trader
AEF,US,"abrdn Emerging Markets ex-China Fund, Inc. Common Stock",nasdaq_trader
AEG,US,Aegon Ltd. New York Registry Shares,nasdaq_trader
AEHL,US,Antelope Enterprise Holdings Limited - Class A Ordinary Shares,nasdaq_trader
AEHR,US,Aehr Test Systems - Common Stock,nasdaq_trader
AEI,US,Alset Inc. - Common Stock,nasdaq_trader
AEIS,US,"Advanced Energy Industries, Inc. - Common Stock",nasdaq_trader
AEM,US,Agnico Eagle Mines Limited Common Stock,nasdaq_trader
AEMD,US,"Aethlon Medical, Inc. - Common Stock",nasdaq_trader
AENT,US,Alliance Entertainment Holding Corporation - common stock,nasdaq_trader
AEO,US,"American Eagle Outfitters, Inc. Common Stock",nasdaq_trader
AEON,US,"AEON Biopharma, Inc. Class A Common Stock",nasdaq_trader
AEP,US,"American Electric Power Company, Inc. - Common Stock",nasdaq_trader
AER,US,AerCap Holdings N.V. Ordinary Shares,nasdaq_trader
AERT,US,"Aeries Technology, Inc. - Class A Ordinary Share",nasdaq_trader
AES,US,The AES Corporation Common Stock,nasdaq_trader
AESI,US,Atlas Energy Solutions Inc. Common Stock,nasdaq_trader
AEVA,US,"Aeva Technologies, Inc. - Common Stock",nasdaq_trader
AEXA,US,American Exceptionalism Acquisition Corp. A Class A Ordinary Shares,nasdaq_trader
AEYE,US,"AudioEye, Inc. - Common Stock",nasdaq_trader
AFB,US,AllianceBernstein National Municipal Income Fund Inc,nasdaq_trader
AFBI,US,"Affinity Bancshares, Inc. - Common Stock",nasdaq_trader
AFCG,US,Advanced Flower Capital Inc. - Common Stock,nasdaq_trader
AFG,US,"American Financial Group, Inc. Common Stock",nasdaq_trader
AFJK,US,"Aimei Health Technology Co., Ltd - Ordinary Share",nasdaq_trader
AFL,US,AFLAC Incorporated Common Stock,nasdaq_trader
AFRI,US,Forafric Global PLC - Ordinary Shares,nasdaq_trader
AFRM,US,"Affirm Holdings, Inc. - Class A Common Stock",nasdaq_trader
AFYA,US,Afya Limited - Class A Common Shares,nasdaq_trader
AG,US,First Majestic Silver Corp. Ordinary Shares (Canada),nasdaq_trader
AGBK,US,AGI Inc Class A Common Shares,nasdaq_trader
AGCC,US,Agencia Comercial Spirits Ltd - Class A Ordinary Share,nasdaq_trader
AGCO,US,AGCO Corporation Common Stock,nasdaq_trader
AGD,US,abrdn Global Dynamic Dividend Fund Common Shares of Beneficial Interest,nasdaq_trader
AGEN,US,Agenus Inc. - Common Stock,nasdaq_trader
AGI,US,Alamos Gold Inc. Class A Common Shares,nasdaq_trader
AGIG,US,Abundia Global Impact Group Inc. Common stock,nasdaq_trader
AGIO,US,"Agios Pharmaceuticals, Inc. - Common Stock",nasdaq_trader
AGL,US,"agilon health, inc. Common Stock",nasdaq_trader
AGM,US,Federal Agricultural Mortgage Corporation Common Stock,nasdaq_trader
AGM-A,US,Federal Agricultural Mortgage Corporation Common Stock,nasdaq_trader
AGMB,US,AgomAb Therapeutics NV - ADRs representing one common share.,nasdaq_trader
AGMH,US,AGM Group Holdings Inc. - Class A Ordinary Shares,nasdaq_trader
AGNC,US,AGNC Investment Corp. - Common Stock,nasdaq_trader
AGNT,US,"AGNT, Inc. - Common Stock",nasdaq_trader
AGO,US,Assured Guaranty Ltd. Common Stock,nasdaq_trader
AGPU,US,Axe Compute Inc. - Common Stock,nasdaq_trader
AGRO,US,Adecoagro S.A. Common Shares,nasdaq_trader
AGRZ,US,Agroz Inc. - Ordinary Shares,nasdaq_trader
AGX,US,"Argan, Inc. Common Stock",nasdaq_trader
AGYS,US,"Agilysys, Inc. - Common Stock",nasdaq_trader
AHCO,US,AdaptHealth Corp.  - Common Stock,nasdaq_trader
AHMA,US,Ambitions Enterprise Management Co. L.L.C - Class A Ordinary Shares,nasdaq_trader
AHR,US,"American Healthcare REIT, Inc. Common Stock",nasdaq_trader
AHRT,US,"AH Realty Trust, Inc. Common Stock",nasdaq_trader
AHT,US,Ashford Hospitality Trust Inc Common Stock,nasdaq_trader
AI,US,"C3.ai, Inc. Class A Common Stock",nasdaq_trader
AIAI,US,AIAI Holdings Corporation - Class A common stock,nasdaq_trader
AIB,US,"BlockchAIn Digital Infrastructure, Inc Common Shares",nasdaq_trader
AIBZ,US,Bitzero Holdings Inc. - Common Shares,nasdaq_trader
AIDX,US,"20/20 Biolabs, Inc. - Common Stock",nasdaq_trader
AIFA,US,"All In FutureTech Alliance, Inc. - Common Stock",nasdaq_trader
AIFC,US,AI Financial Corporation - Common Stock,nasdaq_trader
AIFF,US,"Firefly Neuroscience, Inc.  - Common Stock",nasdaq_trader
AIFU,US,AIFU Inc. - Class A Ordinary Share,nasdaq_trader
AIG,US,"American International Group, Inc. New Common Stock",nasdaq_trader
AIHS,US,Senmiao Technology Limited - Common Stock,nasdaq_trader
AII,US,"American Integrity Insurance Group, Inc. Common Stock",nasdaq_trader
AIIA,US,AI Infrastructure Acquisition Corp. Class A Ordinary Shares,nasdaq_trader
AIIO,US,Robo.ai Inc. - Class B Ordinary Shares,nasdaq_trader
AIIR,US,Air Global PLC - Ordinary shares,nasdaq_trader
AIM,US,AIM ImmunoTech Inc. Common Stock,nasdaq_trader
AIMD,US,"Ainos, Inc. - Common Stock",nasdaq_trader
AIMDW,US,"Ainos, Inc. - warrants",nasdaq_trader
AIN,US,Albany International Corporation Common Stock,nasdaq_trader
AIO,US,Virtus Artificial Intelligence & Technology Opportunities Fund Common Shares of Beneficial Interest,nasdaq_trader
AIOS,US,AIOS Tech Inc. - Class A Common Shares,nasdaq_trader
AIOT,US,"PowerFleet, Inc. - Common Stock",nasdaq_trader
AIP,US,"Arteris, Inc.  - Common Stock",nasdaq_trader
AIR,US,AAR Corp. Common Stock,nasdaq_trader
AIRE,US,reAlpha Tech Corp. - Common Stock,nasdaq_trader
AIRG,US,"Airgain, Inc. - Common Stock",nasdaq_trader
AIRI,US,Air Industries Group Common Stock,nasdaq_trader
AIRJ,US,AirJoule Technologies Corporation - Class A Common Stock,nasdaq_trader
AIRO,US,"AIRO Group Holdings, Inc. - Common Stock",nasdaq_trader
AIRS,US,"AirSculpt Technologies, Inc. - Common Stock",nasdaq_trader
AIRT,US,"Air T, Inc. - Common Stock",nasdaq_trader
AISP,US,"Airship AI Holdings, Inc - Class A Common Stock",nasdaq_trader
AIT,US,"Applied Industrial Technologies, Inc. Common Stock",nasdaq_trader
AIV,US,Apartment Investment and Management Company Common Stock,nasdaq_trader
AIXC,US,"AIxCrypto Holdings, Inc. - Common Stock",nasdaq_trader
AIZ,US,"Assurant, Inc. Common Stock",nasdaq_trader
AJG,US,Arthur J. Gallagher & Co. Common Stock,nasdaq_trader
AKA,US,a.k.a. Brands Holding Corp. Common Stock,nasdaq_trader
AKAM,US,"Akamai Technologies, Inc. - Common Stock",nasdaq_trader
AKAN,US,Akanda Corp. - Common Shares,nasdaq_trader
AKBA,US,"Akebia Therapeutics, Inc. - Common Stock",nasdaq_trader
AKO-A,US,Embotelladora Andina S.A. Common Stock,nasdaq_trader
AKO-B,US,Embotelladora Andina S.A. Common Stock,nasdaq_trader
AKR,US,Acadia Realty Trust Common Stock,nasdaq_trader
AKTS,US,"Aktis Oncology, Inc. - Common stock",nasdaq_trader
ALAB,US,"Astera Labs, Inc. - Common Stock",nasdaq_trader
ALB,US,Albemarle Corporation Common Stock,nasdaq_trader
ALBT,US,Avalon GloboCare Corp. - Common Stock,nasdaq_trader
ALC,US,Alcon Inc. Ordinary Shares,nasdaq_trader
ALCO,US,"Alico, Inc. - Common Stock",nasdaq_trader
ALDF,US,Aldel Financial II Inc. - Class A Ordinary Shares,nasdaq_trader
ALDX,US,"Aldeyra Therapeutics, Inc. - Common Stock",nasdaq_trader
ALEC,US,"Alector, Inc. - Common Stock",nasdaq_trader
ALF,US,Centurion Acquisition Corp. - Class A Ordinary Shares,nasdaq_trader
ALG,US,"Alamo Group, Inc. Common Stock",nasdaq_trader
ALGM,US,"Allegro MicroSystems, Inc. - Common Stock",nasdaq_trader
ALGN,US,"Align Technology, Inc. - Common Stock",nasdaq_trader
ALGS,US,"Aligos Therapeutics, Inc. - Common stock",nasdaq_trader
ALGT,US,Allegiant Travel Company - Common Stock,nasdaq_trader
ALH,US,Alliance Laundry Holdings Inc. Common Stock,nasdaq_trader
ALHC,US,"Alignment Healthcare, Inc. - Common Stock",nasdaq_trader
ALIS,US,Calisa Acquisition Corp - Ordinary shares,nasdaq_trader
ALIT,US,"Alight, Inc. Class A Common Stock",nasdaq_trader
ALK,US,"Alaska Air Group, Inc. Common Stock",nasdaq_trader
ALKS,US,Alkermes plc - Ordinary Shares,nasdaq_trader
ALKT,US,"Alkami Technology, Inc. - Common Stock",nasdaq_trader
ALL,US,Allstate Corporation (The) Common Stock,nasdaq_trader
ALLE,US,Allegion plc Ordinary Shares,nasdaq_trader
ALLO,US,"Allogene Therapeutics, Inc. - Common Stock",nasdaq_trader
ALLR,US,"Allarity Therapeutics, Inc. - Common stock",nasdaq_trader
ALLT,US,Allot Ltd. - Ordinary Shares,nasdaq_trader
ALLY,US,Ally Financial Inc. Common Stock,nasdaq_trader
ALM,US,Almonty Industries Inc. - Common Shares,nasdaq_trader
ALMR,US,"Alamar Biosciences, Inc. - Class A common stock",nasdaq_trader
ALMS,US,Alumis Inc. - Common Stock,nasdaq_trader
ALMU,US,"Aeluma, Inc. - Common Stock",nasdaq_trader
ALNT,US,Allient Inc. - Common Stock,nasdaq_trader
ALNY,US,"Alnylam Pharmaceuticals, Inc. - Common Stock",nasdaq_trader
ALOT,US,"AstroNova, Inc. - Common Stock",nasdaq_trader
ALOV,US,"Aldabra 4 Liquidity Opportunity Vehicle, Inc. - Class A Ordinary Shares",nasdaq_trader
ALOY,US,REalloys Inc. - Common Stock,nasdaq_trader
ALP,US,Alpha Compute Corp  - Common Stock,nasdaq_trader
ALPS,US,ALPS Group Inc - Ordinary Share,nasdaq_trader
ALRM,US,"Alarm.com Holdings, Inc. - Common Stock",nasdaq_trader
ALRS,US,Alerus Financial Corporation - Common Stock,nasdaq_trader
ALSN,US,"Allison Transmission Holdings, Inc. Common Stock",nasdaq_trader
ALT,US,"Altimmune, Inc. - Common Stock",nasdaq_trader
ALTG,US,Alta Equipment Group Inc. Class A Common Stock,nasdaq_trader
ALTI,US,"AlTi Global, Inc. - Class A Common Stock",nasdaq_trader
ALTO,US,"Alto Ingredients, Inc. - Common Stock",nasdaq_trader
ALUB,US,Alussa Energy Acquisition Corp. II Class A Ordinary Shares,nasdaq_trader
ALV,US,"Autoliv, Inc. Common Stock",nasdaq_trader
ALVO,US,Alvotech - Ordinary Shares,nasdaq_trader
ALX,US,"Alexander's, Inc. Common Stock",nasdaq_trader
ALXO,US,ALX Oncology Holdings Inc. - Common Stock,nasdaq_trader
ALZN,US,"Alzamend Neuro, Inc. - Common Stock",nasdaq_trader
AM,US,Antero Midstream Corporation Common Stock,nasdaq_trader
AMAL,US,Amalgamated Financial Corp. - Common Stock,nasdaq_trader
AMAN,US,Amanat Acquisition Corp - Class A Ordinary Shares,nasdaq_trader
AMAT,US,"Applied Materials, Inc. - Common Stock",nasdaq_trader
AMBA,US,"Ambarella, Inc. - Ordinary Shares",nasdaq_trader
AMBO,US,Ambow Education Holding Ltd. American Depository Shares (each representing twenty (20) Class A Ordinary Shares),nasdaq_trader
AMBP,US,Ardagh Metal Packaging S.A. Ordinary Shares,nasdaq_trader
AMBQ,US,"Ambiq Micro, Inc. Common Stock",nasdaq_trader
AMC,US,"AMC Entertainment Holdings, Inc. Class A Common Stock",nasdaq_trader
AMCI,US,AMC Robotics Corporation - Common Stock,nasdaq_trader
AMCR,US,Amcor plc Ordinary Shares,nasdaq_trader
AMCX,US,AMC Global Media Inc. - Class A Common Stock,nasdaq_trader
AMD,US,"Advanced Micro Devices, Inc. - Common Stock",nasdaq_trader
AME,US,"AMETEK, Inc.",nasdaq_trader
AMG,US,"Affiliated Managers Group, Inc. Common Stock",nasdaq_trader
AMGN,US,Amgen Inc. - Common Stock,nasdaq_trader
AMH,US,American Homes 4 Rent Common Shares of Beneficial Interest,nasdaq_trader
AMIX,US,"Autonomix Medical, Inc. - Common Stock",nasdaq_trader
AMKR,US,"Amkor Technology, Inc. - Common Stock",nasdaq_trader
AMLX,US,"Amylyx Pharmaceuticals, Inc. - Common Stock",nasdaq_trader
AMN,US,AMN Healthcare Services Inc,nasdaq_trader
AMOD,US,"Alpha Modus Holdings, Inc. - Class A Common Stock",nasdaq_trader
AMP,US,"Ameriprise Financial, Inc. Common Stock",nasdaq_trader
AMPG,US,"Amplitech Group, Inc. - Common Stock",nasdaq_trader
AMPH,US,"Amphastar Pharmaceuticals, Inc. - Common Stock",nasdaq_trader
AMPL,US,"Amplitude, Inc. - Class A Common Stock",nasdaq_trader
AMPX,US,"Amprius Technologies, Inc. Common Stock",nasdaq_trader
AMPY,US,Amplify Energy Corp. Common Stock,nasdaq_trader
AMR,US,"Alpha Metallurgical Resources, Inc. Common Stock",nasdaq_trader
AMRC,US,"Ameresco, Inc. Class A Common Stock",nasdaq_trader
AMRX,US,"Amneal Pharmaceuticals, Inc. - Class A Common Stock",nasdaq_trader
AMRZ,US,Amrize Ltd Ordinary Shares,nasdaq_trader
AMS,US,American Shared Hospital Services Common Stock,nasdaq_trader
AMSC,US,American Superconductor Corporation - Common Stock,nasdaq_trader
AMSF,US,"AMERISAFE, Inc. - Common Stock",nasdaq_trader
AMSS,US,AMASS Brands Inc. - Common Stock,nasdaq_trader
AMST,US,Amesite Inc. - Common Stock,nasdaq_trader
AMT,US,American Tower Corporation (REIT) Common Stock,nasdaq_trader
AMTB,US,Amerant Bancorp Inc. Class A Common Stock,nasdaq_trader
AMTM,US,"Amentum Holdings, Inc. Common Stock",nasdaq_trader
AMTX,US,"Aemetis, Inc - Common Stock",nasdaq_trader
AMUB,US,"ETRACS Alerian MLP Index ETN Series B due July 18, 2042",nasdaq_trader
AMWL,US,American Well Corporation Class A Common Stock,nasdaq_trader
AMZE,US,"Amaze Holdings, Inc. Common Stock",nasdaq_trader
AMZN,US,"Amazon.com, Inc. - Common Stock",nasdaq_trader
AN,US,"AutoNation, Inc. Common Stock",nasdaq_trader
ANAB,US,"AnaptysBio, Inc. - Common Stock",nasdaq_trader
ANDE,US,"The Andersons, Inc. - Common Stock",nasdaq_trader
ANDG,US,Andersen Group Inc. Class A Common Stock,nasdaq_trader
ANET,US,"Arista Networks, Inc. Common Stock",nasdaq_trader
ANF,US,Abercrombie & Fitch Company Common Stock,nasdaq_trader
ANGH,US,Anghami Inc. - Ordinary Shares,nasdaq_trader
ANGI,US,Angi Inc. - Class A Common Stock,nasdaq_trader
ANGO,US,"AngioDynamics, Inc. - Common Stock",nasdaq_trader
ANGX,US,"Angel Studios, Inc. Class A Common Stock",nasdaq_trader
ANIK,US,Anika Therapeutics Inc. - Common Stock,nasdaq_trader
ANIP,US,"ANI Pharmaceuticals, Inc. - Common Stock",nasdaq_trader
ANIX,US,"Anixa Biosciences, Inc. - Common Stock",nasdaq_trader
ANNA,US,"AleAnna, Inc. - Class A Common Stock",nasdaq_trader
ANNX,US,"Annexon, Inc. - common stock",nasdaq_trader
ANPA,US,Rich Sparkle Holdings Limited - Ordinary Shares,nasdaq_trader
ANRO,US,"Alto Neuroscience, Inc. Common Stock",nasdaq_trader
ANSC,US,Agriculture & Natural Solutions Acquisition Corporation - Class A Ordinary Shares,nasdaq_trader
ANTA,US,Antalpha Platform Holding Company - Class A Ordinary Shares,nasdaq_trader
ANTX,US,"AN2 Therapeutics, Inc. - Common Stock",nasdaq_trader
ANVS,US,"Annovis Bio, Inc. Common Stock",nasdaq_trader
ANY,US,Sphere 3D Corp. - Common Shares,nasdaq_trader
AOD,US,abrdn Total Dynamic Dividend Fund Common Shares of Beneficial Interest,nasdaq_trader
AOMR,US,"Angel Oak Mortgage REIT, Inc. Common Stock",nasdaq_trader
AON,US,Aon plc Class A Ordinary Shares (Ireland),nasdaq_trader
AORT,US,"Artivion, Inc. Common Stock",nasdaq_trader
AOS,US,A.O. Smith Corporation Common Stock,nasdaq_trader
AOSL,US,Alpha and Omega Semiconductor Limited - Common Shares,nasdaq_trader
AOUT,US,"American Outdoor Brands, Inc. - Common Stock",nasdaq_trader
AP,US,Ampco-Pittsburgh Corporation Common Stock,nasdaq_trader
APA,US,APA Corporation - Common Stock,nasdaq_trader
APAC,US,StoneBridge Acquisition II Corporation - Class A Ordinary Shares,nasdaq_trader
APAM,US,Artisan Partners Asset Management Inc. Class A Common Stock,nasdaq_trader
APC,US,ARKO Petroleum Corp. - Class A Common Stock,nasdaq_trader
APD,US,"Air Products and Chemicals, Inc. Common Stock",nasdaq_trader
APEI,US,"American Public Education, Inc. - Common Stock",nasdaq_trader
APG,US,APi Group Corporation Common Stock,nasdaq_trader
APGE,US,"Apogee Therapeutics, Inc. - Common Stock",nasdaq_trader
APH,US,Amphenol Corporation Common Stock,nasdaq_trader
API,US,"Agora, Inc. - ADS",nasdaq_trader
APLD,US,Applied Digital Corporation - Common Stock,nasdaq_trader
APLE,US,"Apple Hospitality REIT, Inc. Common Shares",nasdaq_trader
APLM,US,Apollomics Inc. - Class A Ordinary Shares,nasdaq_trader
APM,US,Aptorum Group Limited - Class A Ordinary Shares,nasdaq_trader
APO,US,"Apollo Global Management, Inc. (New) Common Stock",nasdaq_trader
APOG,US,"Apogee Enterprises, Inc. - Common Stock",nasdaq_trader
APP,US,Applovin Corporation - Class A Common Stock,nasdaq_trader
APPF,US,"AppFolio, Inc. - Class A Common Stock",nasdaq_trader
APPN,US,Appian Corporation - Class A Common Stock,nasdaq_trader
APPS,US,"Digital Turbine, Inc. - Common Stock",nasdaq_trader
APRE,US,"Aprea Therapeutics, Inc. - Common Stock",nasdaq_trader
APT,US,"Alpha Pro Tech, Ltd. Common Stock",nasdaq_trader
APTV,US,Aptiv PLC Ordinary Shares,nasdaq_trader
APUR,US,Aperture AC - Class A Ordinary Shares,nasdaq_trader
APUS,US,"Apimeds Pharmaceuticals US, Inc. Common Stock",nasdaq_trader
APVO,US,Aptevo Therapeutics Inc. - Common Stock,nasdaq_trader
APWC,US,"Asia Pacific Wire & Cable Corporation Limited  - Common shares, Par value .01 per share",nasdaq_trader
APXT,US,Apex Treasury Corporation - Class A Ordinary Share,nasdaq_trader
APYX,US,Apyx Medical Corporation - Common Stock,nasdaq_trader
AQB,US,"AquaBounty Technologies, Inc. - Common Stock",nasdaq_trader
AQMS,US,"Aqua Metals, Inc. - Common Stock",nasdaq_trader
AQN,US,Algonquin Power & Utilities Corp. Common Shares,nasdaq_trader
AQST,US,"Aquestive Therapeutics, Inc. - Common Stock",nasdaq_trader
AR,US,Antero Resources Corporation Common Stock,nasdaq_trader
ARAI,US,Arrive AI Inc. - Common Stock,nasdaq_trader
ARAY,US,Accuray Incorporated - Common Stock,nasdaq_trader
ARBB,US,ARB IOT Group Limited - Ordinary Shares,nasdaq_trader
ARBE,US,Arbe Robotics Ltd. - Ordinary Shares,nasdaq_trader
ARCB,US,ArcBest Corporation - Common Stock,nasdaq_trader
ARCC,US,Ares Capital Corporation - Closed End Fund,nasdaq_trader
ARCI,US,Archimedes Tech SPAC Partners III Co. - Ordinary Share,nasdaq_trader
ARCL,US,ARC Group Acquisition I Corp - Class A Ordinary Shares,nasdaq_trader
ARCO,US,Arcos Dorados Holdings Inc. Class A Shares,nasdaq_trader
ARCT,US,Arcturus Therapeutics Holdings Inc. - Common Stock,nasdaq_trader
ARDC,US,"Ares Dynamic Credit Allocation Fund, Inc. Common Shares",nasdaq_trader
ARDT,US,"Ardent Health, Inc. Common Stock",nasdaq_trader
ARDX,US,"Ardelyx, Inc. - Common Stock",nasdaq_trader
ARE,US,"Alexandria Real Estate Equities, Inc. Common Stock",nasdaq_trader
AREC,US,American Resources Corporation - Class A Common Stock,nasdaq_trader
AREN,US,"The Arena Group Holdings, Inc. Common Stock",nasdaq_trader
ARES,US,Ares Management Corporation Class A Common Stock,nasdaq_trader
ARHS,US,"Arhaus, Inc. - Class A Common Stock",nasdaq_trader
ARI,US,"Apollo Commercial Real Estate Finance, Inc",nasdaq_trader
ARIS,US,Aris Mining Corporation Common Shares,nasdaq_trader
ARKO,US,ARKO Corp. - Common Stock,nasdaq_trader
ARKR,US,Ark Restaurants Corp. - Common Stock,nasdaq_trader
ARL,US,"American Realty Investors, Inc. Common Stock",nasdaq_trader
ARLO,US,"Arlo Technologies, Inc. Common Stock",nasdaq_trader
ARMK,US,Aramark Common Stock,nasdaq_trader
ARMP,US,"Armata Pharmaceuticals, Inc. Common Stock",nasdaq_trader
AROC,US,"Archrock, Inc. Common Stock",nasdaq_trader
AROW,US,Arrow Financial Corporation - Common Stock,nasdaq_trader
ARQ,US,"Arq, Inc. - Common Stock",nasdaq_trader
ARQQ,US,Arqit Quantum Inc. - Ordinary Shares,nasdaq_trader
ARQT,US,"Arcutis Biotherapeutics, Inc. - Common stock",nasdaq_trader
ARR,US,"ARMOUR Residential REIT, Inc.",nasdaq_trader
ARRY,US,"Array Technologies, Inc. - Common Stock",nasdaq_trader
ARTC,US,Art Technology Acquisition Corp. - Class A Ordinary Shares,nasdaq_trader
ARTL,US,"Artelo Biosciences, Inc. - Common Stock",nasdaq_trader
ARTNA,US,Artesian Resources Corporation - Class A Non-Voting Common Stock,nasdaq_trader
ARTV,US,"Artiva Biotherapeutics, Inc. - Common Stock",nasdaq_trader
ARTW,US,"Art's-Way Manufacturing Co., Inc. - Common Stock",nasdaq_trader
ARVN,US,"Arvinas, Inc. - Common Stock",nasdaq_trader
ARW,US,"Arrow Electronics, Inc. Common Stock",nasdaq_trader
ARWR,US,"Arrowhead Pharmaceuticals, Inc. - Common Stock",nasdaq_trader
ARX,US,Accelerant Holdings Class A Common Shares,nasdaq_trader
ARXS,US,"Arxis, Inc. - Class A Common Stock",nasdaq_trader
AS,US,"Amer Sports, Inc. Ordinary Shares",nasdaq_trader
ASA,US,ASA  Gold and Precious Metals Limited,nasdaq_trader
ASAN,US,"Asana, Inc. Class A Common Stock",nasdaq_trader
ASB,US,Associated Banc-Corp Common Stock,nasdaq_trader
ASBP,US,"Aspire Biopharma Holdings, Inc.  - Common Stock",nasdaq_trader
ASC,US,Ardmore Shipping Corporation Common Stock,nasdaq_trader
ASG,US,"Liberty All-Star Growth Fund, Inc.",nasdaq_trader
ASGI,US,abrdn Global Infrastructure Income Fund Common Shares of Beneficial Interest,nasdaq_trader
ASH,US,Ashland Inc. Common Stock,nasdaq_trader
ASIC,US,Ategrity Specialty Insurance Company Holdings Common Stock,nasdaq_trader
ASIX,US,AdvanSix Inc. Common Stock,nasdaq_trader
ASLE,US,AerSale Corporation - Common Stock,nasdaq_trader
ASM,US,Avino Silver & Gold Mines Ltd. Common Shares (Canada),nasdaq_trader
ASMB,US,"Assembly Biosciences, Inc. - Common Stock",nasdaq_trader
ASML,US,ASML Holding N.V. - New York Registry Shares,nasdaq_trader
ASND,US,Ascendis Pharma A/S - Ordinary Share,nasdaq_trader
ASO,US,"Academy Sports and Outdoors, Inc. - Common Stock",nasdaq_trader
ASPC,US,A SPAC III Acquisition Corp. - Class A Ordinary Shares,nasdaq_trader
ASPI,US,ASP Isotopes Inc. - Common Stock,nasdaq_trader
ASPN,US,"Aspen Aerogels, Inc. Common Stock",nasdaq_trader
ASPS,US,Altisource Portfolio Solutions S.A. - Common Stock,nasdaq_trader
ASR,US,"Grupo Aeroportuario del Sureste, S.A. de C.V. Common Stock",nasdaq_trader
ASRV,US,AmeriServ Financial Inc. - Common Stock,nasdaq_trader
ASST,US,"Strive, Inc. - Class A Common Stock",nasdaq_trader
ASTC,US,Astrotech Corporation - Common Stock,nasdaq_trader
ASTE,US,"Astec Industries, Inc. - Common Stock",nasdaq_trader
ASTH,US,Astrana Health Inc. - Common Stock,nasdaq_trader
ASTI,US,"Ascent Solar Technologies, Inc - Common Stock",nasdaq_trader
ASTL,US,Algoma Steel Group Inc. - Common Shares,nasdaq_trader
ASTS,US,"AST SpaceMobile, Inc. - Class A Common Stock",nasdaq_trader
ASUR,US,Asure Software Inc - Common Stock,nasdaq_trader
ASYS,US,"Amtech Systems, Inc. - Common Stock",nasdaq_trader
ATAI,US,AtaiBeckley Inc. - Common Stock,nasdaq_trader
ATCH,US,"AtlasClear Holdings, Inc. Common Stock",nasdaq_trader
ATCX,US,Atlas Critical Minerals Corporation - Common Stock,nasdaq_trader
ATEC,US,"Alphatec Holdings, Inc. - Common Stock",nasdaq_trader
ATEN,US,"A10 Networks, Inc. Common Stock",nasdaq_trader
ATER,US,"Aterian, Inc. - Common Stock",nasdaq_trader
ATEX,US,Anterix Inc. - Common Stock,nasdaq_trader
ATGL,US,Alpha Technology Group Limited - Class A Ordinary Shares,nasdaq_trader
ATHR,US,"Aether Holdings, Inc. - Common Stock",nasdaq_trader
ATI,US,ATI Inc. Common Stock,nasdaq_trader
ATII,US,Archimedes Tech SPAC Partners II Co. - Ordinary Shares,nasdaq_trader
ATKR,US,Atkore Inc. Common Stock,nasdaq_trader
ATLC,US,Atlanticus Holdings Corporation - Common Stock,nasdaq_trader
ATLN,US,Atlantic International Corp. - Common Stock,nasdaq_trader
ATLO,US,Ames National Corporation - Common Stock,nasdaq_trader
ATLX,US,Atlas Lithium Corporation - Common Stock,nasdaq_trader
ATMP,US,iPath Select MLP ETN,nasdaq_trader
ATMU,US,Atmus Filtration Technologies Inc. Common Stock,nasdaq_trader
ATNI,US,"ATN International, Inc. - Common Stock",nasdaq_trader
ATNM,US,"Actinium Pharmaceuticals, Inc. (Delaware) Common Stock",nasdaq_trader
ATO,US,Atmos Energy Corporation Common Stock,nasdaq_trader
ATOM,US,Atomera Incorporated - Common Stock,nasdaq_trader
ATOS,US,"Atossa Therapeutics, Inc. - Common Stock",nasdaq_trader
ATPC,US,Agape ATP Corporation - Common Stock,nasdaq_trader
ATR,US,"AptarGroup, Inc. Common Stock",nasdaq_trader
ATRA,US,"Atara Biotherapeutics, Inc. - Common Stock",nasdaq_trader
ATRC,US,"AtriCure, Inc. - Common Stock",nasdaq_trader
ATRO,US,Astronics Corporation - Common Stock,nasdaq_trader
ATS,US,ATS Corporation Common Shares,nasdaq_trader
ATXG,US,Addentax Group Corp. - Common Stock,nasdaq_trader
ATYR,US,"aTyr Pharma, Inc. - Common Stock",nasdaq_trader
AU,US,AngloGold Ashanti PLC Ordinary Shares,nasdaq_trader
AUB,US,Atlantic Union Bankshares Corporation Common Stock,nasdaq_trader
AUBN,US,"Auburn National Bancorporation, Inc. - Common Stock",nasdaq_trader
AUC,US,ATIF Holdings Limited - Ordinary Shares,nasdaq_trader
AUDC,US,AudioCodes Ltd. - Ordinary Shares,nasdaq_trader
AUGO,US,Aura Minerals Inc. - Common Shares,nasdaq_trader
AUID,US,authID Inc. - Common Stock,nasdaq_trader
AUNA,US,Auna SA Class A Ordinary Shares,nasdaq_trader
AUPH,US,Aurinia Pharmaceuticals Inc - Common Shares,nasdaq_trader
AUR,US,"Aurora Innovation, Inc.  - Class A Common Stock",nasdaq_trader
AURA,US,"Aura Biosciences, Inc. - Common Stock",nasdaq_trader
AURE,US,Aurelion Inc.  - Class A Ordinary Shares,nasdaq_trader
AUST,US,Austin Gold Corp. Common Shares,nasdaq_trader
AUUD,US,Auddia Inc. - Common Stock,nasdaq_trader
AVA,US,Avista Corporation Common Stock,nasdaq_trader
AVAH,US,Aveanna Healthcare Holdings Inc. - Common Stock,nasdaq_trader
AVAL,US,Grupo Aval Acciones y Valores S.A. ADR (Each representing 20 preferred shares),nasdaq_trader
AVAT,US,Avalanche Treasury Corporation - Class A Common Stock,nasdaq_trader
AVAV,US,"AeroVironment, Inc. - Common Stock",nasdaq_trader
AVB,US,"AvalonBay Communities, Inc. Common Stock",nasdaq_trader
AVBC,US,"Avidia Bancorp, Inc. Common Stock",nasdaq_trader
AVBH,US,"Avidbank Holdings, Inc. - Common Stock",nasdaq_trader
AVBP,US,"ArriVent BioPharma, Inc. - Common Stock",nasdaq_trader
AVD,US,American Vanguard Corporation Common Stock ($0.10 Par Value),nasdaq_trader
AVEX,US,AEVEX Corp. Class A Common Stock,nasdaq_trader
AVGO,US,Broadcom Inc. - Common Stock,nasdaq_trader
AVIR,US,"Atea Pharmaceuticals, Inc. - common stock",nasdaq_trader
AVK,US,Advent Convertible and Income Fund,nasdaq_trader
AVLN,US,Avalyn Pharma Inc. - common stock,nasdaq_trader
AVNS,US,"Avanos Medical, Inc. Common Stock",nasdaq_trader
AVNT,US,Avient Corporation Common Stock,nasdaq_trader
AVNW,US,"Aviat Networks, Inc. - Common Stock",nasdaq_trader
AVO,US,"Mission Produce, Inc. - Common Stock",nasdaq_trader
AVPT,US,"AvePoint, Inc. - Class A Common Stock",nasdaq_trader
AVR,US,Anteris Technologies Global Corp. - Common Stock,nasdaq_trader
AVT,US,"Avnet, Inc. - Common Stock",nasdaq_trader
AVTR,US,"Avantor, Inc. Common Stock",nasdaq_trader
AVTX,US,"Avalo Therapeutics, Inc. - Common Stock",nasdaq_trader
AVX,US,Avax One Technology Ltd. - Common Shares,nasdaq_trader
AVXL,US,Anavex Life Sciences Corp. - Common Stock,nasdaq_trader
AVY,US,Avery Dennison Corporation Common Stock,nasdaq_trader
AWF,US,Alliancebernstein Global High Income Fund,nasdaq_trader
AWI,US,Armstrong World Industries Inc Common Stock,nasdaq_trader
AWK,US,"American Water Works Company, Inc. Common Stock",nasdaq_trader
AWP,US,abrdn Global Premier Properties Fund Common Shares of Beneficial Interest,nasdaq_trader
AWR,US,American States Water Company Common Stock,nasdaq_trader
AWRE,US,"Aware, Inc. - Common Stock",nasdaq_trader
AWX,US,Avalon Holdings Corporation Common Stock,nasdaq_trader
AX,US,"Axos Financial, Inc. Common Stock",nasdaq_trader
AXG,US,Solowin Holdings - Class A Ordinary Share,nasdaq_trader
AXGN,US,"Axogen, Inc. - Common Stock",nasdaq_trader
AXIL,US,"AXIL Brands, Inc. Common Stock",nasdaq_trader
AXIN,US,Axiom Intelligence Acquisition Corp 1 - Class A Ordinary Shares,nasdaq_trader
AXON,US,"Axon Enterprise, Inc. - Common Stock",nasdaq_trader
AXP,US,American Express Company Common Stock,nasdaq_trader
AXR,US,AMREP Corporation Common Stock,nasdaq_trader
AXS,US,Axis Capital Holdings Limited Common Stock,nasdaq_trader
AXSM,US,"Axsome Therapeutics, Inc. - Common Stock",nasdaq_trader
AXTA,US,Axalta Coating Systems Ltd. Common Shares,nasdaq_trader
AXTI,US,AXT Inc - Common Stock,nasdaq_trader
AYA,US,Aya Gold & Silver Inc. - Common Shares,nasdaq_trader
AYI,US,Acuity Inc. Common Stock,nasdaq_trader
AYTU,US,"Aytu BioPharma, Inc.  - Common Stock",nasdaq_trader
AZ,US,A2Z Cust2Mate Solutions Corp. - Common Shares,nasdaq_trader
AZI,US,Autozi Internet Technology (Global) Ltd. - Class A Ordinary Shares,nasdaq_trader
AZN,US,AstraZeneca PLC Ordinary Shares,nasdaq_trader
AZO,US,"AutoZone, Inc. Common Stock",nasdaq_trader
AZTA,US,"Azenta, Inc. - Common Stock",nasdaq_trader
AZTR,US,Azitra Inc Common Stock,nasdaq_trader
AZZ,US,AZZ Inc.,nasdaq_trader
B,US,Barrick Mining Corporation Common Shares,nasdaq_trader
BA,US,Boeing Company (The) Common Stock,nasdaq_trader
BAC,US,Bank of America Corporation Common Stock,nasdaq_trader
BACC,US,Blue Acquisition Corp. - Class A Ordinary Shares,nasdaq_trader
BAER,US,"Bridger Aerospace Group Holdings, Inc. - Common Stock",nasdaq_trader
BAFN,US,BayFirst Financial Corp. - Common Stock,nasdaq_trader
BAH,US,Booz Allen Hamilton Holding Corporation Common Stock,nasdaq_trader
BAK,US,Braskem SA ADR,nasdaq_trader
BALL,US,Ball Corporation Common Stock,nasdaq_trader
BALY,US,Bally's Corporation Common Stock,nasdaq_trader
BAM,US,Brookfield Asset Management Inc Class A Limited Voting Shares,nasdaq_trader
BANC,US,"Banc of California, Inc. Common Stock",nasdaq_trader
BAND,US,Bandwidth Inc. - Class A Common Stock,nasdaq_trader
BANF,US,BancFirst Corporation - Common Stock,nasdaq_trader
BANL,US,CBL International Limited - Class B Ordinary Shares,nasdaq_trader
BANR,US,Banner Corporation - Common Stock,nasdaq_trader
BANX,US,ArrowMark Financial Corp. - Closed End Fund,nasdaq_trader
BAOS,US,Baosheng Media Group Holdings Limited - Ordinary shares,nasdaq_trader
BAP,US,Credicorp Ltd. Common Stock,nasdaq_trader
BAR,US,GraniteShares Gold Trust Shares of Beneficial Interest,nasdaq_trader
BARK,US,"BARK, Inc. Class A Common Stock",nasdaq_trader
BATL,US,Battalion Oil Corporation Common Stock,nasdaq_trader
BATRA,US,"Atlanta Braves Holdings, Inc. - Series A Common Stock",nasdaq_trader
BATRK,US,"Atlanta Braves Holdings, Inc. - Series C Common Stock",nasdaq_trader
BAX,US,Baxter International Inc. Common Stock,nasdaq_trader
BAYA,US,Bayview Acquisition Corp - Ordinary Share,nasdaq_trader
BB,US,BlackBerry Limited Common Stock,nasdaq_trader
BBAI,US,"BigBear.ai, Inc. Common Stock",nasdaq_trader
BBAR,US,Banco BBVA Argentina S.A. ADS,nasdaq_trader
BBBY,US,"Bed Bath & Beyond, Inc. Common Stock",nasdaq_trader
BBCP,US,"Concrete Pumping Holdings, Inc.  - Common Stock",nasdaq_trader
BBCQ,US,Bleichroeder Acquisition Corp. II - Class A Ordinary Shares,nasdaq_trader
BBDC,US,"Barings BDC, Inc. Common Stock",nasdaq_trader
BBGI,US,"Beasley Broadcast Group, Inc. - Class A Common Stock",nasdaq_trader
BBIO,US,"BridgeBio Pharma, Inc. - Common Stock",nasdaq_trader
BBLG,US,Bone Biologics Corp - Common Stock,nasdaq_trader
BBLGW,US,Bone Biologics Corp - warrants,nasdaq_trader
BBN,US,BlackRock Taxable Municipal Bond Trust Common Shares of Beneficial Interest,nasdaq_trader
BBNX,US,"Beta Bionics, Inc. - Common Stock",nasdaq_trader
BBOT,US,"BridgeBio Oncology Therapeutics, Inc. - Common Stock",nasdaq_trader
BBSI,US,"Barrett Business Services, Inc. - Common Stock",nasdaq_trader
BBT,US,Beacon Financial Corporation Common stock,nasdaq_trader
BBUC,US,Brookfield Business Corporation Class A Subordinate Voting Shares,nasdaq_trader
BBVA,US,Banco Bilbao Vizcaya Argentaria S.A. Common Stock,nasdaq_trader
BBW,US,"Build-A-Bear Workshop, Inc. Common Stock",nasdaq_trader
BBWI,US,"Bath & Body Works, Inc.",nasdaq_trader
BBY,US,"Best Buy Co., Inc. Common Stock",nasdaq_trader
BC,US,Brunswick Corporation Common Stock,nasdaq_trader
BCAB,US,"BioAtla, Inc. - Common Stock",nasdaq_trader
BCAL,US,California BanCorp - Common Stock,nasdaq_trader
BCAR,US,D. Boral ARC Acquisition I Corp. - Class A Ordinary Shares,nasdaq_trader
BCAT,US,BlackRock Capital Allocation Term Trust Common Shares of Beneficial Interest,nasdaq_trader
BCAX,US,Bicara Therapeutics Inc. - Common Stock,nasdaq_trader
BCBP,US,"BCB Bancorp, Inc. (NJ) - Common Stock",nasdaq_trader
BCC,US,"Boise Cascade, L.L.C. Common Stock",nasdaq_trader
BCDA,US,"BioCardia, Inc. - Common Stock",nasdaq_trader
BCE,US,"BCE, Inc. Common Stock",nasdaq_trader
BCG,US,"Binah Capital Group, Inc. - Common Stock",nasdaq_trader
BCH,US,Banco De Chile ADS,nasdaq_trader
BCHT,US,Birchtech Corp. Common Stock,nasdaq_trader
BCIC,US,BCP Investment Corporation - Closed End Fund,nasdaq_trader
BCML,US,BayCom Corp - Common Stock,nasdaq_trader
BCO,US,Brinks Company (The) Common Stock,nasdaq_trader
BCPC,US,Balchem Corporation - Common Stock,nasdaq_trader
BCRX,US,"BioCryst Pharmaceuticals, Inc. - Common Stock",nasdaq_trader
BCS,US,Barclays PLC Common Stock,nasdaq_trader
BCSF,US,"Bain Capital Specialty Finance, Inc. Common Stock",nasdaq_trader
BCSS,US,Bain Capital GSS Investment Corp. Class A Ordinary Shares,nasdaq_trader
BCSS-W,US,"Bain Capital GSS Investment Corp. Redeemable warrants, each whole warrant exercisable for one Class A ordinary share at an exercise price of $11.50",nasdaq_trader
BCTX,US,BriaCell Therapeutics Corp. - Common Shares,nasdaq_trader
BCV,US,"Bancroft Fund, Ltd.",nasdaq_trader
BCX,US,BlackRock Resources Common Shares of Beneficial Interest,nasdaq_trader
BDC,US,Belden Inc Common Stock,nasdaq_trader
BDCI,US,BTC Development Corp. - Class A Ordinary Shares,nasdaq_trader
BDCZ,US,"ETRACS MarketVector Business Development Companies Liquid Index ETN due April 26, 2041",nasdaq_trader
BDJ,US,Blackrock Enhanced Equity Dividend Trust,nasdaq_trader
BDL,US,"Flanigan's Enterprises, Inc. Common Stock",nasdaq_trader
BDMD,US,Baird Medical Investment Holdings Ltd - Ordinary Share,nasdaq_trader
BDN,US,Brandywine Realty Trust Common Stock,nasdaq_trader
BDSX,US,"Biodesix, Inc. - Common Stock",nasdaq_trader
BDTX,US,"Black Diamond Therapeutics, Inc. - Common Stock",nasdaq_trader
BDX,US,"Becton, Dickinson and Company Common Stock",nasdaq_trader
BE,US,Bloom Energy Corporation Class A Common Stock,nasdaq_trader
BEAG,US,Bold Eagle Acquisition Corp. - Class A Ordinary Shares,nasdaq_trader
BEAM,US,Beam Therapeutics Inc. - Common Stock,nasdaq_trader
BEAT,US,"Heartbeam, Inc. - Common Stock",nasdaq_trader
BEBE,US,TGE Value Creative Solutions Corp Class A Ordinary Shares,nasdaq_trader
BEBE-W,US,"TGE Value Creative Solutions Corp Redeemable warrants, each whole warrant exercisable for one Class A ordinary share at an exercise price of $11.50 per share",nasdaq_trader
BEEM,US,Beam Global - Common Stock,nasdaq_trader
BEEP,US,Mobile Infrastructure Corporation - Common Stock,nasdaq_trader
BELFA,US,Bel Fuse Inc. - Class A Common Stock,nasdaq_trader
BELFB,US,Bel Fuse Inc. - Class B Common Stock,nasdaq_trader
BEN,US,"Franklin Resources, Inc. Common Stock",nasdaq_trader
BENF,US,Beneficient - Class A Common Stock,nasdaq_trader
BEPC,US,Brookfield Renewable Corporation Brookfield Renewable Corporation Class A Subordinate Voting Shares,nasdaq_trader
BESS,US,Bimergen Energy Corporation Common Stock,nasdaq_trader
BETA,US,"Beta Technologies, Inc. Class A Common Stock",nasdaq_trader
BETR,US,Better Home & Finance Holding Company - Class A Common Stock,nasdaq_trader
BF-A,US,Brown Forman Inc Class A Common Stock,nasdaq_trader
BF-B,US,Brown Forman Inc Class B Common Stock,nasdaq_trader
BFAM,US,Bright Horizons Family Solutions Inc. Common Stock,nasdaq_trader
BFC,US,Bank First Corporation - Common Stock,nasdaq_trader
BFH,US,"Bread Financial Holdings, Inc. Common Stock",nasdaq_trader
BFLY,US,"Butterfly Network, Inc. Class A Common Stock",nasdaq_trader
BFRG,US,"Bullfrog AI Holdings, Inc. - Common Stock",nasdaq_trader
BFRI,US,Biofrontera Inc. - Common Stock,nasdaq_trader
BFS,US,"Saul Centers, Inc. Common Stock",nasdaq_trader
BFST,US,"Business First Bancshares, Inc. - Common Stock",nasdaq_trader
BG,US,Bunge Limited Common Shares,nasdaq_trader
BGB,US,Blackstone Strategic Credit 2027 Term Fund Common Shares of Beneficial Interest,nasdaq_trader
BGC,US,"BGC Group, Inc. - Class A Common Stock",nasdaq_trader
BGDE,US,"Big Digital Energy, Inc. - Common Stock",nasdaq_trader
BGH,US,Barings Global Short Duration High Yield Fund Common Shares of Beneficial Interests,nasdaq_trader
BGI,US,Birks Group Inc. Common Stock,nasdaq_trader
BGIN,US,Bgin Blockchain Limited - Class A Ordinary Shares,nasdaq_trader
BGL,US,Blue Gold Limited - Class A ordinary shares,nasdaq_trader
BGLC,US,BioNexus Gene Lab Corp - Common stock,nasdaq_trader
BGM,US,BGM Group Ltd. - Class A Ordinary Shares,nasdaq_trader
BGMS,US,"Bio Green Med Solution, Inc. - Common Stock",nasdaq_trader
BGR,US,BlackRock Energy and Resources Trust,nasdaq_trader
BGS,US,"B&G Foods, Inc. Common Stock",nasdaq_trader
BGSF,US,"BGSF, Inc. Common Stock",nasdaq_trader
BGSI,US,Boyd Group Services Inc. Common Shares,nasdaq_trader
BGT,US,BlackRock Floating Rate Income Trust,nasdaq_trader
BGX,US,Blackstone Long Short Credit Income Fund Common Shares,nasdaq_trader
BGY,US,Blackrock Enhanced International Dividend Trust,nasdaq_trader
BH,US,Biglari Holdings Inc. Class B Common Stock,nasdaq_trader
BH-A,US,Biglari Holdings Inc. Class A Common Stock,nasdaq_trader
BHAV,US,BHAV Acquisition Corp - Class A Ordinary Shares,nasdaq_trader
BHB,US,"Bar Harbor Bankshares, Inc. Common Stock",nasdaq_trader
BHC,US,Bausch Health Companies Inc. Common Stock,nasdaq_trader
BHE,US,"Benchmark Electronics, Inc. Common Stock",nasdaq_trader
BHF,US,"Brighthouse Financial, Inc. - Common Stock",nasdaq_trader
BHK,US,Blackrock Core Bond Trust,nasdaq_trader
BHM,US,"Bluerock Homes Trust, Inc. Class A Common Stock",nasdaq_trader
BHR,US,Braemar Hotels & Resorts Inc. Common Stock,nasdaq_trader
BHRB,US,Burke & Herbert Financial Services Corp. - Common Stock,nasdaq_trader
BHST,US,BioHarvest Sciences Inc. - Common Stock,nasdaq_trader
BHV,US,BlackRock Virginia Municipal Bond Trust,nasdaq_trader
BHVN,US,Biohaven Ltd. Common Shares,nasdaq_trader
BIAF,US,"bioAffinity Technologies, Inc. - Common Stock",nasdaq_trader
BIIB,US,Biogen Inc. - Common Stock,nasdaq_trader
BIII,US,Black Spade Acquisition III Co Class A Ordinary Shares,nasdaq_trader
BIII-W,US,"Black Spade Acquisition III Co Redeemable warrants, each whole warrant exercisable for one Class A ordinary share at an exercise price of $11.50",nasdaq_trader
BILL,US,"BILL Holdings, Inc. Common Stock",nasdaq_trader
BIO,US,"Bio-Rad Laboratories, Inc. Class A Common Stock",nasdaq_trader
BIO-B,US,"Bio-Rad Laboratories, Inc. Class B  Common Stock",nasdaq_trader
BIOA,US,"BioAge Labs, Inc. - Common Stock",nasdaq_trader
BIOX,US,Bioceres Crop Solutions Corp. - Ordinary Shares,nasdaq_trader
BIPC,US,Brookfield Infrastructure Corporation Brookfield Infrastructure Corporation,nasdaq_trader
BIRD,US,"Allbirds, Inc. - Class A Common Stock",nasdaq_trader
BIRK,US,Birkenstock Holding plc Ordinary Shares,nasdaq_trader
BIT,US,BlackRock Multi-Sector Income Trust Common Shares of Beneficial Interest,nasdaq_trader
BIVI,US,BioVie Inc. - Common stock,nasdaq_trader
BIXI,US,Bitcoin Infrastructure Acquisition Corp Ltd. - Class A Ordinary Shares,nasdaq_trader
BIYA,US,Baiya International Group Inc.  - Ordinary Shares,nasdaq_trader
BJ,US,"BJ's Wholesale Club Holdings, Inc. Common Stock",nasdaq_trader
BJDX,US,"Bluejay Diagnostics, Inc. - Common Stock",nasdaq_trader
BJRI,US,"BJ's Restaurants, Inc. - Common Stock",nasdaq_trader
BKD,US,Brookdale Senior Living Inc. Common Stock,nasdaq_trader
BKE,US,"Buckle, Inc. (The) Common Stock",nasdaq_trader
BKH,US,Black Hills Corporation Common Stock,nasdaq_trader
BKHA,US,Black Hawk Acquisition Corporation - Class A Ordinary Shares,nasdaq_trader
BKKT,US,"Bakkt, Inc. Class A Common Stock",nasdaq_trader
BKNG,US,Booking Holdings Inc. - Common Stock,nasdaq_trader
BKR,US,Baker Hughes Company - Common Stock,nasdaq_trader
BKSY,US,BlackSky Technology Inc. Class A Common Stock,nasdaq_trader
BKT,US,BlackRock Income Trust Inc. (The),nasdaq_trader
BKTI,US,BK Technologies Corporation Common Stock,nasdaq_trader
BKU,US,"BankUnited, Inc. Common Stock",nasdaq_trader
BKV,US,BKV Corporation Common Stock,nasdaq_trader
BL,US,"BlackLine, Inc. - Common Stock",nasdaq_trader
BLBD,US,Blue Bird Corporation - Common Stock,nasdaq_trader
BLCO,US,Bausch + Lomb Corporation Common Shares,nasdaq_trader
BLD,US,TopBuild Corp. Common Stock,nasdaq_trader
BLDP,US,"Ballard Power Systems, Inc. - Common Shares",nasdaq_trader
BLDR,US,"Builders FirstSource, Inc. Common Stock",nasdaq_trader
BLFS,US,"BioLife Solutions, Inc. - Common Stock",nasdaq_trader
BLIN,US,"Bridgeline Digital, Inc. - Common Stock",nasdaq_trader
BLIV,US,BeLive Holdings - ordinary shares,nasdaq_trader
BLK,US,"BlackRock, Inc. Common Stock",nasdaq_trader
BLKB,US,"Blackbaud, Inc. - Common Stock",nasdaq_trader
BLLN,US,"BillionToOne, Inc. - Class A common stock",nasdaq_trader
BLMN,US,"Bloomin' Brands, Inc. - Common Stock",nasdaq_trader
BLND,US,"Blend Labs, Inc. Class A Common Stock",nasdaq_trader
BLNE,US,"Beeline Holdings, Inc. - Common Stock",nasdaq_trader
BLNK,US,Blink Charging Co. - Common Stock,nasdaq_trader
BLRK,US,Bluerock Acquisition Corp. - Class A Ordinary Shares,nasdaq_trader
BLSH,US,Bullish Ordinary Shares,nasdaq_trader
BLUW,US,Blue Water Acquisition Corp. III - Class A Ordinary Shares,nasdaq_trader
BLW,US,Blackrock Limited Duration Income Trust,nasdaq_trader
BLX,US,"Banco Latinoamericano de Comercio Exterior, S.A.",nasdaq_trader
BLZE,US,"Backblaze, Inc. - Common Stock",nasdaq_trader
BLZR,US,Trailblazer Acquisition Corp. - Class A Ordinary Shares,nasdaq_trader
BMA,US,Banco Macro S.A.  ADR (representing Ten Class B Common Shares),nasdaq_trader
BMBL,US,Bumble Inc. - common stock,nasdaq_trader
BME,US,Blackrock Health Sciences Trust,nasdaq_trader
BMEA,US,"Biomea Fusion, Inc. - Common Stock",nasdaq_trader
BMEZ,US,BlackRock Health Sciences Term Trust Common Shares of Beneficial Interest,nasdaq_trader
BMGL,US,Basel Medical Group Ltd - ordinary shares,nasdaq_trader
BMHL,US,Bluemount Holdings Limited - Class B Ordinary Shares,nasdaq_trader
BMI,US,"Badger Meter, Inc. Common Stock",nasdaq_trader
BMM,US,Blue Moon Metals Inc. - Common Shares,nasdaq_trader
BMN,US,BlackRock 2037 Municipal Target Term Trust Common Shares of Beneficial Interest,nasdaq_trader
BMNR,US,"BitMine Immersion Technologies, Inc. Common Stock",nasdaq_trader
BMO,US,Bank Of Montreal Common Stock,nasdaq_trader
BMR,US,Beamr Imaging Ltd. - Ordinary Share,nasdaq_trader
BMRA,US,"Biomerica, Inc. - Common Stock",nasdaq_trader
BMRC,US,Bank of Marin Bancorp - Common Stock,nasdaq_trader
BMRN,US,BioMarin Pharmaceutical Inc. - Common Stock,nasdaq_trader
BMY,US,Bristol-Myers Squibb Company Common Stock,nasdaq_trader
BN,US,Brookfield Corporation Class A Limited Voting Shares,nasdaq_trader
BNAI,US,Brand Engagement Network Inc. - Common Stock,nasdaq_trader
BNBX,US,BNB Plus Corp. - Common Stock,nasdaq_trader
BNC,US,CEA Industries Inc. - Common Stock,nasdaq_trader
BNED,US,"Barnes & Noble Education, Inc Common Stock",nasdaq_trader
BNGO,US,"Bionano Genomics, Inc. - Common Stock",nasdaq_trader
BNKK,US,"Bonk, Inc. - Common Stock",nasdaq_trader
BNL,US,"Broadstone Net Lease, Inc. Common Stock",nasdaq_trader
BNRG,US,Brenmiller Energy Ltd - Ordinary Shares,nasdaq_trader
BNS,US,Bank Nova Scotia Halifax Pfd 3 Ordinary Shares,nasdaq_trader
BNT,US,Brookfield Wealth Solutions Ltd. Class A Exchangeable Limited Voting Shares,nasdaq_trader
BNTC,US,Benitec Biopharma Inc. - Common Stock,nasdaq_trader
BNY,US,The Bank of New York Mellon Corporation Common Stock,nasdaq_trader
BNZI,US,"Banzai International, Inc. - Class A Common Stock",nasdaq_trader
BOBS,US,"Bob's Discount Furniture, Inc. Common Stock",nasdaq_trader
BOC,US,Boston Omaha Corporation Class A Common Stock,nasdaq_trader
BODI,US,"The Beachbody Company, Inc. - Class A Common Stock",nasdaq_trader
BOE,US,Blackrock Enhanced Global Dividend Trust Common Shares of Beneficial Interest,nasdaq_trader
BOF,US,BranchOut Food Inc. - Common Stock,nasdaq_trader
BOH,US,Bank of Hawaii Corporation Common Stock,nasdaq_trader
BOKF,US,BOK Financial Corporation - Common Stock,nasdaq_trader
BOLD,US,"Boundless Bio, Inc. - Common Stock",nasdaq_trader
BOLT,US,"Bolt Biotherapeutics, Inc. - Common Stock",nasdaq_trader
BON,US,Bon Natural Life Limited - Class A Ordinary Shares,nasdaq_trader
BOOM,US,DMC Global Inc. - Common Stock,nasdaq_trader
BOOT,US,"Boot Barn Holdings, Inc. Common Stock",nasdaq_trader
BORR,US,Borr Drilling Limited Common Shares,nasdaq_trader
BOSC,US,B.O.S. Better Online Solutions - Ordinary Shares,nasdaq_trader
BOT,US,"RoboStrategy, Inc. - Common Stock",nasdaq_trader
BOTJ,US,"Bank of the James Financial Group, Inc. - Common Stock",nasdaq_trader
BOW,US,Bowhead Specialty Holdings Inc. Common Stock,nasdaq_trader
BOX,US,"Box, Inc. Class A Common Stock",nasdaq_trader
BOXL,US,Boxlight Corporation - Class A Common Stock,nasdaq_trader
BP,US,BP p.l.c. Common Stock,nasdaq_trader
BPAC,US,Blueport Acquisition Ltd - Class A Ordinary Shares,nasdaq_trader
BPOP,US,"Popular, Inc. - Common Stock",nasdaq_trader
BPRE,US,Bluerock Private Real Estate Fund Common Shares of Beneficial Interest,nasdaq_trader
BPRN,US,"Princeton Bancorp, Inc. - Common Stock",nasdaq_trader
BQ,US,Boqii Holding Limited Class A Ordinary Shares,nasdaq_trader
BR,US,"Broadridge Financial Solutions, Inc. Common Stock",nasdaq_trader
BRAG,US,Bragg Gaming Group Inc. - Common Shares,nasdaq_trader
BRAI,US,Braiin Limited - Common Stock,nasdaq_trader
BRBI,US,BRBI BR Partners S.A. - ADSs,nasdaq_trader
BRBR,US,"BellRing Brands, Inc. Common Stock",nasdaq_trader
BRBS,US,"Blue Ridge Bankshares, Inc. Common Stock",nasdaq_trader
BRC,US,Brady Corporation Common Stock,nasdaq_trader
BRCB,US,"Black Rock Coffee Bar, Inc. - Class A Common Stock",nasdaq_trader
BRCC,US,BRC Inc. Class A Common Stock,nasdaq_trader
BREZ,US,Breeze Acquisition Corp. II - Ordinary Shares,nasdaq_trader
BRFH,US,Barfresh Food Group Inc. - Common Stock,nasdaq_trader
BRIA,US,BrilliA Inc Class A Ordinary Shares,nasdaq_trader
BRID,US,Bridgford Foods Corporation - Common Stock,nasdaq_trader
BRK-A,US,Berkshire Hathaway Inc. Common Stock,nasdaq_trader
BRK-B,US,Berkshire Hathaway Inc. New Common Stock,nasdaq_trader
BRKR,US,Bruker Corporation - Common Stock,nasdaq_trader
BRLS,US,Borealis Foods Inc. - Class A Common Shares,nasdaq_trader
BRLT,US,"Brilliant Earth Group, Inc. - Class A Common Stock",nasdaq_trader
BRN,US,"Barnwell Industries, Inc. Common Stock",nasdaq_trader
BRO,US,"Brown & Brown, Inc. Common Stock",nasdaq_trader
BROS,US,Dutch Bros Inc. Class A Common Stock,nasdaq_trader
BRR,US,"ProCap Financial, Inc. - Common Stock",nasdaq_trader
BRSL,US,"Brightstar Lottery PLC Trading under the Legal Name to begin at the market open on July 21, 2025. Ordinary Shares",nasdaq_trader
BRSP,US,"BrightSpire Capital, Inc. Class A Common Stock",nasdaq_trader
BRT,US,BRT Apartments Corp. (MD) Common Stock,nasdaq_trader
BRTX,US,"BioRestorative Therapies, Inc. - Common Stock",nasdaq_trader
BRUN,US,Boost Run Inc. - Class A Common Stock,nasdaq_trader
BRW,US,Saba Capital Income & Opportunities Fund SBI,nasdaq_trader
BRX,US,Brixmor Property Group Inc. Common Stock,nasdaq_trader
BRZE,US,"Braze, Inc. - Class A Common Stock",nasdaq_trader
BSAA,US,BEST SPAC I Acquisition Corp. - Class A Ordinary Shares,nasdaq_trader
BSAC,US,Banco Santander - Chile ADS,nasdaq_trader
BSBK,US,Bogota Financial Corp. - Common Stock,nasdaq_trader
BSET,US,"Bassett Furniture Industries, Incorporated - Common Stock",nasdaq_trader
BSIN,US,Big Sky Industrial Inc. - Common Stock,nasdaq_trader
BSL,US,Blackstone Senior Floating Rate 2027 Term Fund Common Shares of Beneficial Interest,nasdaq_trader
BSM,US,"Black Stone Minerals, L.P. Common units representing limited partner interests",nasdaq_trader
BSRR,US,Sierra Bancorp - Common Stock,nasdaq_trader
BST,US,BlackRock Science and Technology Trust Common Shares of Beneficial Interest,nasdaq_trader
BSTZ,US,BlackRock Science and Technology Term Trust Common Shares of Beneficial Interest,nasdaq_trader
BSVN,US,Bank7 Corp. - Common stock,nasdaq_trader
BSX,US,Boston Scientific Corporation Common Stock,nasdaq_trader
BSY,US,"Bentley Systems, Incorporated - Class B Common Stock",nasdaq_trader
BTAI,US,"BioXcel Therapeutics, Inc. - Common Stock",nasdaq_trader
BTBD,US,"BT Brands, Inc. - Common Stock",nasdaq_trader
BTBT,US,"Bit Digital, Inc. - Ordinary Share",nasdaq_trader
BTCS,US,BTCS Inc. - Common Stock,nasdaq_trader
BTCT,US,BTC Digital Ltd. - Ordinary Shares,nasdaq_trader
BTDR,US,Bitdeer Technologies Group - Ordinary Shares,nasdaq_trader
BTE,US,Baytex Energy Corp Common Shares,nasdaq_trader
BTG,US,B2Gold Corp Common shares (Canada),nasdaq_trader
BTGO,US,"BitGo Holdings, Inc. Class A Common Stock",nasdaq_trader
BTI,US,"British American Tobacco  Industries, p.l.c. Common Stock ADR",nasdaq_trader
BTMD,US,Biote Corp. - Class A common stock,nasdaq_trader
BTO,US,John Hancock Financial Opportunities Fund Common Stock,nasdaq_trader
BTOC,US,Armlogi Holding Corp. - common stock,nasdaq_trader
BTOG,US,Bit Origin Limited - Class A Ordinary Shares,nasdaq_trader
BTQ,US,BTQ Technologies Corp. - Common Stock,nasdaq_trader
BTSG,US,"BrightSpring Health Services, Inc. - Common Stock",nasdaq_trader
BTT,US,BlackRock Municipal 2030 Target Term Trust,nasdaq_trader
BTTC,US,Black Titan Corp - Ordinary Shares,nasdaq_trader
BTU,US,Peabody Energy Corporation Common Stock,nasdaq_trader
BTX,US,BlackRock Technology and Private Equity Term Trust Common Shares of Beneficial Interest,nasdaq_trader
BTZ,US,BlackRock Credit Allocation Income Trust,nasdaq_trader
BUD,US,Anheuser-Busch Inbev SA Sponsored ADR (Belgium),nasdaq_trader
BUDA,US,"Buda Juice, Inc. Common Stock",nasdaq_trader
BUI,US,"BlackRock Utility, Infrastructure & Power Opportunities Trust",nasdaq_trader
BULL,US,Webull Corporation - Class A Ordinary Shares,nasdaq_trader
BUR,US,Burford Capital Limited Ordinary Shares,nasdaq_trader
BURL,US,"Burlington Stores, Inc. Common Stock",nasdaq_trader
BURU,US,"Nuburu, Inc. Common Stock",nasdaq_trader
BUSE,US,First Busey Corporation - Common Stock,nasdaq_trader
BUUU,US,BUUU Group Limited - Class A Ordinary Share,nasdaq_trader
BV,US,"BrightView Holdings, Inc. Common Stock",nasdaq_trader
BVC,US,BitVentures Limited - Ordinary Share,nasdaq_trader
BVFL,US,"BV Financial, Inc. - Common Stock",nasdaq_trader
BVN,US,Buenaventura Mining Company Inc.,nasdaq_trader
BVS,US,Bioventus Inc. - Class A Common Stock,nasdaq_trader
BW,US,"Babcock & Wilcox Enterprises, Inc. Common Stock",nasdaq_trader
BWA,US,BorgWarner Inc. Common Stock,nasdaq_trader
BWB,US,"Bridgewater Bancshares, Inc. - Common Stock",nasdaq_trader
BWEN,US,"Broadwind, Inc. - Common Stock",nasdaq_trader
BWFG,US,"Bankwell Financial Group, Inc. - Common Stock",nasdaq_trader
BWG,US,BrandywineGLOBAL Global Income Opportunities Fund Inc.,nasdaq_trader
BWIN,US,"The Baldwin Insurance Group, Inc. - Class A Common Stock",nasdaq_trader
BWIV,US,Blue Water Acquisition Corp. IV Class A Ordinary Shares,nasdaq_trader
BWLP,US,BW LPG Limited Common Shares,nasdaq_trader
BWMN,US,Bowman Consulting Group Ltd. - Common Stock,nasdaq_trader
BWMX,US,"Betterware de Mexico, S.A.P.I. de C.V. Ordinary Shares",nasdaq_trader
BWXT,US,"BWX Technologies, Inc. Common Stock",nasdaq_trader
BX,US,Blackstone Inc. Common Stock,nasdaq_trader
BXC,US,Bluelinx Holdings Inc. Common Stock,nasdaq_trader
BXDC,US,Blackstone Digital Infrastructure Trust Inc. Common Stock,nasdaq_trader
BXMT,US,"Blackstone Mortgage Trust, Inc. Common Stock",nasdaq_trader
BXP,US,"BXP, Inc. Common Stock",nasdaq_trader
BXSL,US,Blackstone Secured Lending Fund Common Shares of Beneficial Interest,nasdaq_trader
BY,US,"Byline Bancorp, Inc. Common Stock",nasdaq_trader
BYAH,US,"Park Ha Biological Technology Co., Ltd. - Class A Ordinary Shares",nasdaq_trader
BYD,US,Boyd Gaming Corporation Common Stock,nasdaq_trader
BYFC,US,Broadway Financial Corporation - Class A Common Stock,nasdaq_trader
BYND,US,"Beyond Meat, Inc. - Common stock",nasdaq_trader
BYRN,US,"Byrna Technologies, Inc. - Common Stock",nasdaq_trader
BYSI,US,"BeyondSpring, Inc. - Ordinary Shares",nasdaq_trader
BZ,US,KANZHUN LIMITED - American Depository Shares,nasdaq_trader
BZAI,US,"Blaize Holdings, Inc. - Common Stock",nasdaq_trader
BZFD,US,"BuzzFeed, Inc. - Class A Common Stock",nasdaq_trader
BZH,US,"Beazer Homes USA, Inc. Common Stock",nasdaq_trader
C,US,"Citigroup, Inc. Common Stock",nasdaq_trader
CAAP,US,Corporacion America Airports SA Common Shares,nasdaq_trader
CAAS,US,"China Automotive Systems, Inc. - Ordinary Share",nasdaq_trader
CABA,US,"Cabaletta Bio, Inc. - Common Stock",nasdaq_trader
CABO,US,"Cable One, Inc. Common Stock",nasdaq_trader
CABR,US,"Caring Brands, Inc. - Common Stock",nasdaq_trader
CAC,US,Camden National Corporation - Common Stock,nasdaq_trader
CACC,US,Credit Acceptance Corporation - Common Stock,nasdaq_trader
CACI,US,"CACI International, Inc. Class A Common Stock",nasdaq_trader
CADL,US,"Candel Therapeutics, Inc. - Common Stock",nasdaq_trader
CAE,US,CAE Inc. Ordinary Shares,nasdaq_trader
CAES,US,"Cantor Equity Partners VII, Inc. - Class A Ordinary Shares",nasdaq_trader
CAF,US,Morgan Stanley China A Share Fund Inc. Common Stock,nasdaq_trader
CAG,US,"ConAgra Brands, Inc. Common Stock",nasdaq_trader
CAH,US,"Cardinal Health, Inc. Common Stock",nasdaq_trader
CAI,US,"Caris Life Sciences, Inc. - Common Stock",nasdaq_trader
CAKE,US,The Cheesecake Factory Incorporated - Common Stock,nasdaq_trader
CAL,US,"Caleres, Inc. Common Stock",nasdaq_trader
CALC,US,"CalciMedica, Inc. - Common Stock",nasdaq_trader
CALM,US,"Cal-Maine Foods, Inc. - Common Stock",nasdaq_trader
CALX,US,"Calix, Inc Common Stock",nasdaq_trader
CALY,US,Callaway Golf Company Common Stock,nasdaq_trader
CAMP,US,CAMP4 Therapeutics Corporation - Common Stock,nasdaq_trader
CAMT,US,Camtek Ltd. - Ordinary Shares,nasdaq_trader
CANG,US,Cango Inc. Class A Ordinary Shares,nasdaq_trader
CAPN,US,Cayson Acquisition Corp - Ordinary Shares,nasdaq_trader
CAPR,US,"Capricor Therapeutics, Inc. - Common Stock",nasdaq_trader
CAPS,US,Capstone Holding Corp. - Common Stock,nasdaq_trader
CAQ,US,Cambridge Acquisition Corp. - Class A Ordinary Shares,nasdaq_trader
CAR,US,"Avis Budget Group, Inc. - Common Stock",nasdaq_trader
CARE,US,"Carter Bankshares, Inc. - Common Stock",nasdaq_trader
CARG,US,"CarGurus, Inc. - Class A Common Stock",nasdaq_trader
CARL,US,"Carlsmed, Inc. - Common Stock",nasdaq_trader
CARR,US,Carrier Global Corporation Common Stock,nasdaq_trader
CARS,US,Cars.com Inc. Common Stock,nasdaq_trader
CART,US,Maplebear Inc. - Common Stock,nasdaq_trader
CASH,US,"Pathward Financial, Inc. - Common Stock",nasdaq_trader
CASS,US,"Cass Information Systems, Inc - Common Stock",nasdaq_trader
CAST,US,"FreeCast, Inc. - Class A common stock",nasdaq_trader
CASY,US,"Caseys General Stores, Inc. - Common Stock",nasdaq_trader
CAT,US,"Caterpillar, Inc. Common Stock",nasdaq_trader
CATO,US,Cato Corporation (The) Class A Common Stock,nasdaq_trader
CATX,US,"Perspective Therapeutics, Inc. Common Stock",nasdaq_trader
CATY,US,Cathay General Bancorp - Common Stock,nasdaq_trader
CAVA,US,"CAVA Group, Inc. Common Stock",nasdaq_trader
CB,US,Chubb Limited  Common Stock,nasdaq_trader
CBAN,US,"Colony Bankcorp, Inc. Common Stock",nasdaq_trader
CBAT,US,"CBAK Energy Technology, Inc. - Common Stock",nasdaq_trader
CBC,US,"Central Bancompany, Inc. - Class A Common Stock",nasdaq_trader
CBFV,US,"CB Financial Services, Inc. - Common Stock",nasdaq_trader
CBIO,US,"Crescent Biopharma, Inc. - Common Stock",nasdaq_trader
CBK,US,"Commercial Bancgroup, Inc. - Common Stock",nasdaq_trader
CBL,US,"CBL & Associates Properties, Inc. Common Stock",nasdaq_trader
CBLL,US,"CeriBell, Inc. - Common Stock",nasdaq_trader
CBNA,US,"Chain Bridge Bancorp, Inc. Class A Common Stock",nasdaq_trader
CBNK,US,"Capital Bancorp, Inc. - Common Stock",nasdaq_trader
CBOE,US,"Cboe Global Markets, Inc. Common Stock",nasdaq_trader
CBRE,US,CBRE Group Inc Common Stock Class A,nasdaq_trader
CBRL,US,"Cracker Barrel Old Country Store, Inc. - Common Stock",nasdaq_trader
CBRS,US,Cerebras Systems Inc. - Class A Common Stock,nasdaq_trader
CBSH,US,"Commerce Bancshares, Inc. - Common Stock",nasdaq_trader
CBT,US,Cabot Corporation Common Stock,nasdaq_trader
CBU,US,"Community Financial System, Inc. Common Stock",nasdaq_trader
CBUS,US,"Cibus, Inc. - Class A Common Stock",nasdaq_trader
CBZ,US,"CBIZ, Inc. Common Stock",nasdaq_trader
CC,US,Chemours Company (The) Common Stock,nasdaq_trader
CCAP,US,"Crescent Capital BDC, Inc. - Common Stock",nasdaq_trader
CCAQ,US,Collective Acquisition Corp. - Class A ordinary shares,nasdaq_trader
CCB,US,Coastal Financial Corporation - Common Stock,nasdaq_trader
CCBG,US,Capital City Bank Group - Common Stock,nasdaq_trader
CCC,US,CCC Intelligent Solutions Holdings Inc. - Common Stock,nasdaq_trader
CCCC,US,"C4 Therapeutics, Inc. - Common Stock",nasdaq_trader
CCD,US,Calamos Dynamic Convertible & Income Fund - Closed End Fund,nasdaq_trader
CCEC,US,Capital Clean Energy Carriers Corp. - Common Share,nasdaq_trader
CCEL,US,"Cryo-Cell International, Inc. Common Stock",nasdaq_trader
CCEP,US,Coca-Cola Europacific Partners plc - Ordinary Shares,nasdaq_trader
CCG,US,Cheche Group Inc. - Class A Ordinary Shares,nasdaq_trader
CCHH,US,CCH Holdings Ltd - Class A Ordinary Shares,nasdaq_trader
CCI,US,Crown Castle Inc. Common Stock,nasdaq_trader
CCIF,US,Carlyle Credit Income Fund Shares of Beneficial Interest,nasdaq_trader
CCII,US,Cohen Circle Acquisition Corp. II - Class A Ordinary Shares,nasdaq_trader
CCIX,US,Churchill Capital Corp IX - Ordinary Shares,nasdaq_trader
CCJ,US,Cameco Corporation Common Stock,nasdaq_trader
CCK,US,"Crown Holdings, Inc.",nasdaq_trader
CCL,US,Carnival Corporation Ltd. Common Shares,nasdaq_trader
CCLD,US,"CareCloud, Inc. - Common Stock",nasdaq_trader
CCNE,US,CNB Financial Corporation - Common Stock,nasdaq_trader
CCO,US,"Clear Channel Outdoor Holdings, Inc. Common Stock",nasdaq_trader
CCOI,US,"Cogent Communications Holdings, Inc. - Common Stock",nasdaq_trader
CCRN,US,"Cross Country Healthcare, Inc. - Common Stock",nasdaq_trader
CCS,US,"Century Communities, Inc. Common Stock",nasdaq_trader
CCSI,US,"Consensus Cloud Solutions, Inc. - Common Stock",nasdaq_trader
CCTG,US,CCSC Technology International Holdings Limited - Class A Ordinary Shares,nasdaq_trader
CCU,US,"Compania Cervecerias Unidas, S.A. Common Stock",nasdaq_trader
CCXI,US,Churchill Capital Corp XI - Class A Ordinary Shares,nasdaq_trader
CCZ,US,Comcast Holdings ZONES,nasdaq_trader
CD,US,Chaince Digital Holdings Inc. - American Ordinary Shares,nasdaq_trader
CDE,US,"Coeur Mining, Inc. Common Stock",nasdaq_trader
CDIO,US,Cardio Diagnostics Holdings Inc. - Common stock,nasdaq_trader
CDLX,US,"Cardlytics, Inc. - Common Stock",nasdaq_trader
CDNA,US,"CareDx, Inc. - Common Stock",nasdaq_trader
CDNL,US,Cardinal Infrastructure Group Inc. - Class A Common Stock,nasdaq_trader
CDNS,US,"Cadence Design Systems, Inc. - Common Stock",nasdaq_trader
CDP,US,COPT Defense Properties Common Shares of Beneficial Interest,nasdaq_trader
CDRE,US,"Cadre Holdings, Inc. Common Stock",nasdaq_trader
CDRO,US,"Codere Online Luxembourg, S.A. - Ordinary Shares",nasdaq_trader
CDT,US,CDT Equity Inc. - Common Stock,nasdaq_trader
CDTG,US,CDT Environmental Technology Investment Holdings Limited - ordinary shares,nasdaq_trader
CDW,US,CDW Corporation - Common Stock,nasdaq_trader
CDXS,US,"Codexis, Inc. - Common Stock",nasdaq_trader
CDZI,US,"Cadiz, Inc. - Common Stock",nasdaq_trader
CE,US,Celanese Corporation Common Stock,nasdaq_trader
CECO,US,CECO Environmental Corp. - Common Stock,nasdaq_trader
CEE,US,"The Central and Eastern Europe Fund, Inc. (The) Common Stock",nasdaq_trader
CEG,US,Constellation Energy Corporation - Common Stock When-Issued,nasdaq_trader
CELC,US,Celcuity Inc. - Common Stock,nasdaq_trader
CELH,US,"Celsius Holdings, Inc. - Common Stock",nasdaq_trader
CELU,US,Celularity Inc. - Class A Common Stock,nasdaq_trader
CELZ,US,"Creative Medical Technology Holdings, Inc. - Common Stock",nasdaq_trader
CENN,US,Cenntro Inc. - Common Stock,nasdaq_trader
CENT,US,Central Garden & Pet Company - Common Stock,nasdaq_trader
CENTA,US,Central Garden & Pet Company - Class A Common Stock Nonvoting,nasdaq_trader
CENX,US,Century Aluminum Company - Common Stock,nasdaq_trader
CEPF,US,"Cantor Equity Partners IV, Inc. - Class A Ordinary Shares",nasdaq_trader
CEPO,US,"Cantor Equity Partners I, Inc. - Class A Ordinary Shares",nasdaq_trader
CEPS,US,"Cantor Equity Partners VI, Inc. - Class A Ordinary Shares",nasdaq_trader
CEPT,US,"Cantor Equity Partners II, Inc. - Class A ordinary share",nasdaq_trader
CEPV,US,"Cantor Equity Partners V, Inc. - Class A Ordinary Shares",nasdaq_trader
CERS,US,Cerus Corporation - Common Stock,nasdaq_trader
CERT,US,"Certara, Inc. - Common Stock",nasdaq_trader
CET,US,Central Securities Corporation Common Stock,nasdaq_trader
CETX,US,Cemtrex Inc. - Common Stock,nasdaq_trader
CETY,US,"Clean Energy Technologies, Inc. - Common Stock",nasdaq_trader
CEV,US,Eaton Vance California Municipal Income Trust Shares of Beneficial Interest,nasdaq_trader
CEVA,US,"CEVA, Inc. - Common Stock",nasdaq_trader
CF,US,"CF Industries Holdings, Inc. Common Stock",nasdaq_trader
CFBK,US,CF Bankshares Inc. - Common Stock,nasdaq_trader
CFFI,US,C&F Financial Corporation - Common Stock,nasdaq_trader
CFFN,US,"Capitol Federal Financial, Inc. - Common Stock",nasdaq_trader
CFG,US,"Citizens Financial Group, Inc. Common Stock",nasdaq_trader
CFND,US,C1 Fund Inc. Common Stock,nasdaq_trader
CFR,US,"Cullen/Frost Bankers, Inc. Common Stock",nasdaq_trader
CG,US,The Carlyle Group Inc. - Common Stock,nasdaq_trader
CGAU,US,Centerra Gold Inc. Common Shares,nasdaq_trader
CGBD,US,"Carlyle Secured Lending, Inc. - Closed End Fund",nasdaq_trader
CGC,US,Canopy Growth Corporation - Common Shares,nasdaq_trader
CGEM,US,"Cullinan Therapeutics, Inc. - Common Stock",nasdaq_trader
CGEN,US,Compugen Ltd. - Ordinary Shares,nasdaq_trader
CGNT,US,Cognyte Software Ltd. - Ordinary Shares,nasdaq_trader
CGNX,US,Cognex Corporation - Common Stock,nasdaq_trader
CGO,US,Calamos Global Total Return Fund - Closed End Fund,nasdaq_trader
CGON,US,"CG Oncology, Inc. - Common stock",nasdaq_trader
CGTL,US,Creative Global Technology Holdings Limited - Class A Ordinary Shares,nasdaq_trader
CGTX,US,"Cognition Therapeutics, Inc. - Common Stock",nasdaq_trader
CHAI,US,"Core AI Holdings, Inc. - Common Shares",nasdaq_trader
CHAR,US,Charlton Aria Acquisition Corporation - Class A Ordinary Shares,nasdaq_trader
CHCI,US,"Comstock Holding Companies, Inc. - Class A Common Stock",nasdaq_trader
CHCO,US,City Holding Company - Common Stock,nasdaq_trader
CHCT,US,Community Healthcare Trust Incorporated Common Stock,nasdaq_trader
CHD,US,"Church & Dwight Company, Inc. Common Stock",nasdaq_trader
CHDN,US,"Churchill Downs, Incorporated - Common Stock",nasdaq_trader
CHE,US,Chemed Corp,nasdaq_trader
CHEC,US,Chenghe Acquisition III Co. - Class A Ordinary Shares,nasdaq_trader
CHEF,US,"The Chefs' Warehouse, Inc. - Common Stock",nasdaq_trader
CHGG,US,"Chegg, Inc. Common Stock",nasdaq_trader
CHH,US,"Choice Hotels International, Inc. Common Stock",nasdaq_trader
CHI,US,Calamos Convertible Opportunities and Income Fund - Closed End Fund,nasdaq_trader
CHKP,US,Check Point Software Technologies Ltd. - Ordinary Shares,nasdaq_trader
CHMG,US,Chemung Financial Corp  - Common Stock,nasdaq_trader
CHMI,US,Cherry Hill Mortgage Investment Corporation Common Stock,nasdaq_trader
CHNR,US,"China Natural Resources, Inc. - Common Shares",nasdaq_trader
CHOW,US,ChowChow Cloud International Holdings Limited Ordinary Shares,nasdaq_trader
CHPG,US,ChampionsGate Acquisition Corporation - Class A Ordinary Share,nasdaq_trader
CHPT,US,"ChargePoint Holdings, Inc. Common Stock",nasdaq_trader
CHR,US,"Cheer Holding, Inc.  - Class A Ordinary Share",nasdaq_trader
CHRD,US,Chord Energy Corporation - Common Stock,nasdaq_trader
CHRN,US,ChronoScale Corporation - Common Stock,nasdaq_trader
CHRS,US,"Coherus Oncology, Inc. - Common Stock",nasdaq_trader
CHRW,US,"C.H. Robinson Worldwide, Inc. - Common Stock",nasdaq_trader
CHSN,US,Chanson International Holding - Class A Ordinary Shares,nasdaq_trader
CHT,US,"Chunghwa Telecom Co., Ltd.",nasdaq_trader
CHTR,US,"Charter Communications, Inc. - Class A Common Stock",nasdaq_trader
CHW,US,Calamos Global Dynamic Income Fund - Closed End Fund,nasdaq_trader
CHWY,US,"Chewy, Inc. Class A Common Stock",nasdaq_trader
CHY,US,Calamos Convertible and High Income Fund - Closed End Fund,nasdaq_trader
CHYM,US,"Chime Financial, Inc. - Class A Common Stock",nasdaq_trader
CI,US,The Cigna Group Common Stock,nasdaq_trader
CIA,US,"Citizens, Inc. Class A Common Stock ($1.00 Par)",nasdaq_trader
CIEN,US,Ciena Corporation Common Stock,nasdaq_trader
CIF,US,MFS Intermediate High Income Fund Common Stock,nasdaq_trader
CIFR,US,Cipher Digital Inc. - Common Stock,nasdaq_trader
CIGI,US,Colliers International Group Inc.  - Subordinate Voting Shares,nasdaq_trader
CII,US,"BlackRock Enhanced Large Cap Core Fund, Inc. Common Stock",nasdaq_trader
CIIT,US,"Tianci International, Inc. - Common Stock",nasdaq_trader
CIK,US,"Credit Suisse Asset Management Income Fund, Inc. Common Stock",nasdaq_trader
CIM,US,Chimera Investment Corporation Common Stock,nasdaq_trader
CINF,US,Cincinnati Financial Corporation - Common Stock,nasdaq_trader
CING,US,Cingulate Inc. - Common Stock,nasdaq_trader
CINT,US,CI&T Inc Class A Common Shares,nasdaq_trader
CION,US,CION Investment Corporation Common Stock,nasdaq_trader
CISO,US,"CISO Global, Inc. - Common Stock",nasdaq_trader
CISS,US,C3is Inc. - Common Stock,nasdaq_trader
CITR,US,CitroTech Inc. Common Stock,nasdaq_trader
CIVB,US,"Civista Bancshares, Inc.  - Common Stock",nasdaq_trader
CIX,US,CompX International Inc. Common Stock,nasdaq_trader
CJMB,US,Callan JMB Inc. - Common Stock,nasdaq_trader
CKX,US,"CKX Lands, Inc. Common Stock",nasdaq_trader
CL,US,Colgate-Palmolive Company Common Stock,nasdaq_trader
CLAR,US,Clarus Corporation - Common Stock,nasdaq_trader
CLB,US,Core Laboratories Inc. Common Stock,nasdaq_trader
CLBK,US,"Columbia Financial, Inc. - Common Stock",nasdaq_trader
CLBR,US,Colombier Acquisition Corp. III Class A Ordinary Shares,nasdaq_trader
CLBT,US,Cellebrite DI Ltd. - Ordinary Shares,nasdaq_trader
CLDI,US,"Calidi Biotherapeutics, Inc. Common Stock",nasdaq_trader
CLDT,US,Chatham Lodging Trust (REIT) Common Shares of Beneficial Interest,nasdaq_trader
CLDX,US,"Celldex Therapeutics, Inc. - Common Stock",nasdaq_trader
CLF,US,Cleveland-Cliffs Inc. Common Stock,nasdaq_trader
CLFD,US,"Clearfield, Inc. - Common Stock",nasdaq_trader
CLGN,US,CollPlant Biotechnologies Ltd. - Ordinary Shares,nasdaq_trader
CLH,US,"Clean Harbors, Inc. Common Stock",nasdaq_trader
CLIK,US,Click Holdings Limited - Ordinary Share,nasdaq_trader
CLIR,US,ClearSign Technologies Corporation - Common Stock,nasdaq_trader
CLM,US,"Cornerstone Strategic Investment Fund, Inc. Common Shares",nasdaq_trader
CLMB,US,"Climb Global Solutions, Inc. - Common Stock",nasdaq_trader
CLMT,US,"Calumet, Inc - Common Stock",nasdaq_trader
CLNE,US,Clean Energy Fuels Corp. - Common Stock,nasdaq_trader
CLNN,US,Clene Inc. - Common Stock,nasdaq_trader
CLOV,US,"Clover Health Investments, Corp.  - Class A Common stock",nasdaq_trader
CLPR,US,Clipper Realty Inc. Common Stock,nasdaq_trader
CLPS,US,CLPS Incorporation - Common Stock,nasdaq_trader
CLPT,US,ClearPoint Neuro Inc. - Common Stock,nasdaq_trader
CLRB,US,"Cellectar Biosciences, Inc. - Common Stock",nasdaq_trader
CLRO,US,"ClearOne, Inc. - Common Stock",nasdaq_trader
CLS,US,"Celestica, Inc. Common Stock",nasdaq_trader
CLSK,US,"CleanSpark, Inc. - Common Stock",nasdaq_trader
CLST,US,"Catalyst Bancorp, Inc. - common stock",nasdaq_trader
CLVT,US,Clarivate Plc Ordinary Shares,nasdaq_trader
CLW,US,Clearwater Paper Corporation Common Stock,nasdaq_trader
CLWT,US,Euro Tech Holdings Company Limited - Ordinary Shares,nasdaq_trader
CLX,US,Clorox Company (The) Common Stock,nasdaq_trader
CLYM,US,"Climb Bio, Inc. - Common Stock",nasdaq_trader
CM,US,Canadian Imperial Bank of Commerce Common Stock,nasdaq_trader
CMBT,US,CMB.TECH NV Ordinary Shares,nasdaq_trader
CMC,US,Commercial Metals Company Common Stock,nasdaq_trader
CMCL,US,Caledonia Mining Corporation Plc Common Shares,nasdaq_trader
CMCO,US,Columbus McKinnon Corporation - Common Stock,nasdaq_trader
CMCSA,US,Comcast Corporation - Class A Common Stock,nasdaq_trader
CMCT,US,Creative Media  - Common Stock,nasdaq_trader
CMDB,US,Costamare Bulkers Holdings Limited Common Stock,nasdaq_trader
CME,US,CME Group Inc. - Class A Common Stock,nasdaq_trader
CMG,US,"Chipotle Mexican Grill, Inc. Common Stock",nasdaq_trader
CMI,US,Cummins Inc. Common Stock,nasdaq_trader
CMII,US,Columbus Circle Capital Corp II - Class A Ordinary Shares,nasdaq_trader
CMND,US,Clearmind Medicine Inc. - Common Shares,nasdaq_trader
CMP,US,Compass Minerals Intl Inc Common Stock,nasdaq_trader
CMPR,US,Cimpress plc - Ordinary Shares,nasdaq_trader
CMPS,US,COMPASS Pathways Plc - American Depository Shares,nasdaq_trader
CMPX,US,"Compass Therapeutics, Inc. - Common Stock",nasdaq_trader
CMRC,US,"Commerce.com, Inc. - Series 1 Common Stock",nasdaq_trader
CMRE,US,Costamare Inc. Common Stock $0.0001 par value,nasdaq_trader
CMS,US,CMS Energy Corporation Common Stock,nasdaq_trader
CMT,US,Core Molding Technologies Inc Common Stock,nasdaq_trader
CMTG,US,"Claros Mortgage Trust, Inc. Common Stock",nasdaq_trader
CMTL,US,Comtech Telecommunications Corp. - Common Stock,nasdaq_trader
CMTV,US,Community Bancorp.  - Common stock,nasdaq_trader
CNA,US,CNA Financial Corporation Common Stock,nasdaq_trader
CNC,US,Centene Corporation Common Stock,nasdaq_trader
CNCK,US,Coincheck Group N.V. - Ordinary Shares,nasdaq_trader
CNDT,US,Conduent Incorporated - Common Stock,nasdaq_trader
CNET,US,ZW Data Action Technologies Inc. - Common Stock,nasdaq_trader
CNEY,US,CN Energy Group Inc. - Class A Ordinary Shares,nasdaq_trader
CNH,US,CNH Industrial N.V. Common Shares,nasdaq_trader
CNI,US,Canadian National Railway Company Common Stock,nasdaq_trader
CNK,US,"Cinemark Holdings Inc Cinemark Holdings, Inc. Common Stock",nasdaq_trader
CNL,US,Collective Mining Ltd. Common Shares,nasdaq_trader
CNM,US,"Core & Main, Inc. Class A Common Stock",nasdaq_trader
CNMD,US,CONMED Corporation Common Stock,nasdaq_trader
CNNE,US,"Cannae Holdings, Inc. Common Stock",nasdaq_trader
CNO,US,"CNO Financial Group, Inc. Common Stock",nasdaq_trader
CNOB,US,"ConnectOne Bancorp, Inc. - Common Stock",nasdaq_trader
CNP,US,"CenterPoint Energy, Inc (Holding Co) Common Stock",nasdaq_trader
CNQ,US,Canadian Natural Resources Limited Common Stock,nasdaq_trader
CNR,US,"Core Natural Resources, Inc. Common Stock",nasdaq_trader
CNS,US,Cohen & Steers Inc Common Stock,nasdaq_trader
CNSP,US,"CNS Pharmaceuticals, Inc. - Common Stock",nasdaq_trader
CNTB,US,Connect Biopharma Holdings Limited - Ordinary Shares,nasdaq_trader
CNTN,US,"Canton Strategic Holdings, Inc. - Common Stock",nasdaq_trader
CNTX,US,Context Therapeutics Inc. - Common Stock,nasdaq_trader
CNTY,US,"Century Casinos, Inc. - Common Stock",nasdaq_trader
CNVS,US,Cineverse Corp. - Class A Common Stock,nasdaq_trader
CNX,US,CNX Resources Corporation Common Stock,nasdaq_trader
CNXC,US,Concentrix Corporation - Common Stock,nasdaq_trader
CNXN,US,"PC Connection, Inc. - Common Stock",nasdaq_trader
CNXU,US,Conexeu Sciences Inc. - Common Stock,nasdaq_trader
COAG,US,"Hemab Therapeutics Holdings, Inc. - Common Stock",nasdaq_trader
COCH,US,"Envoy Medical, Inc. - Class A Common Stock",nasdaq_trader
COCO,US,"The Vita Coco Company, Inc. - Common Stock",nasdaq_trader
COCP,US,"Cocrystal Pharma, Inc. - Common Stock",nasdaq_trader
CODA,US,"Coda Octopus Group, Inc. - Common stock",nasdaq_trader
CODI,US,D/B/A Compass Diversified Holdings Shares of Beneficial Interest,nasdaq_trader
CODX,US,"Co-Diagnostics, Inc. - Common Stock",nasdaq_trader
COE,US,"51Talk Online Education Group American depositary shares, each representing 60 Class A ordinary shares",nasdaq_trader
COF,US,Capital One Financial Corporation Common Stock,nasdaq_trader
COFS,US,"ChoiceOne Financial Services, Inc. - Common Stock",nasdaq_trader
COGT,US,"Cogent Biosciences, Inc. - Common Stock",nasdaq_trader
COHN,US,Cohen & Company Inc.,nasdaq_trader
COHR,US,Coherent Corp. Common Stock,nasdaq_trader
COHU,US,"Cohu, Inc. - Common Stock",nasdaq_trader
COIN,US,"Coinbase Global, Inc. - Class A Common Stock",nasdaq_trader
COKE,US,"Coca-Cola Consolidated, Inc. - Common Stock",nasdaq_trader
COLA,US,Columbus Acquisition Corp - Ordinary Shares,nasdaq_trader
COLB,US,"Columbia Banking System, Inc. - Common Stock",nasdaq_trader
COLD,US,"Americold Realty Trust, Inc. Common Stock",nasdaq_trader
COLL,US,"Collegium Pharmaceutical, Inc. - Common Stock",nasdaq_trader
COLM,US,Columbia Sportswear Company - Common Stock,nasdaq_trader
COMP,US,"Compass, Inc. Class A Common Stock",nasdaq_trader
CON,US,"Concentra Group Holdings Parent, Inc. Common Stock",nasdaq_trader
COO,US,"The Cooper Companies, Inc.  - Common Stock",nasdaq_trader
COOK,US,"Traeger, Inc. Common Stock",nasdaq_trader
COOT,US,Australian Oilseeds Holdings Limited - Ordinary Shares,nasdaq_trader
COP,US,ConocoPhillips Common Stock,nasdaq_trader
COPL,US,Copley Acquisition Corp Ordinary Shares,nasdaq_trader
COPL-W,US,"Copley Acquisition Corp Redeemable warrants, each whole warrant exercisable for one Class A ordinary share at an exercise price of $11.50",nasdaq_trader
COR,US,"Cencora, Inc. Common Stock",nasdaq_trader
CORT,US,Corcept Therapeutics Incorporated - Common Stock,nasdaq_trader
CORZ,US,"Core Scientific, Inc. - Common Stock",nasdaq_trader
COSM,US,Cosmos Health Inc. - Common Stock,nasdaq_trader
COSO,US,"CoastalSouth Bancshares, Inc. Common Stock",nasdaq_trader
COST,US,Costco Wholesale Corporation - Common Stock,nasdaq_trader
COTY,US,Coty Inc. Class A Common Stock,nasdaq_trader
COUR,US,"Coursera, Inc. Common Stock",nasdaq_trader
COYA,US,"Coya Therapeutics, Inc. - Common Stock",nasdaq_trader
CP,US,Canadian Pacific Kansas City Limited Common Shares,nasdaq_trader
CPA,US,"Copa Holdings, S.A. Class A Common Stock",nasdaq_trader
CPAY,US,"Corpay, Inc. Common Stock",nasdaq_trader
CPB,US,The Campbell's Company - Common Stock,nasdaq_trader
CPBI,US,"Central Plains Bancshares, Inc. - Common Stock",nasdaq_trader
CPF,US,Central Pacific Financial Corp New,nasdaq_trader
CPHC,US,Canterbury Park Holding Corporation - Common Stock,nasdaq_trader
CPHI,US,"China Pharma Holdings, Inc. Common Stock",nasdaq_trader
CPIX,US,Cumberland Pharmaceuticals Inc. - Common Stock,nasdaq_trader
CPK,US,Chesapeake Utilities Corporation Common Stock,nasdaq_trader
CPNG,US,"Coupang, Inc. Class A Common Stock",nasdaq_trader
CPOP,US,"Pop Culture Group Co., Ltd - Class A Ordinary Shares",nasdaq_trader
CPRI,US,Capri Holdings Limited Ordinary Shares,nasdaq_trader
CPRT,US,"Copart, Inc. - Common Stock",nasdaq_trader
CPRX,US,"Catalyst Pharmaceuticals, Inc. - Common Stock",nasdaq_trader
CPS,US,Cooper-Standard Holdings Inc. Common Stock,nasdaq_trader
CPSH,US,CPS Technologies Corp. - Common Stock,nasdaq_trader
CPSS,US,"Consumer Portfolio Services, Inc. - Common Stock",nasdaq_trader
CPT,US,Camden Property Trust Common Stock,nasdaq_trader
CPZ,US,Calamos Long/Short Equity & Dynamic Income Trust - Closed End Fund,nasdaq_trader
CR,US,Crane Company Common Stock,nasdaq_trader
CRAC,US,Crown Reserve Acquisition Corp. I - Class A Ordinary Shares,nasdaq_trader
CRAI,US,"CRA International,Inc. - Common Stock",nasdaq_trader
CRAN,US,Crane Harbor Acquisition Corp. II - Class A Ordinary Shares,nasdaq_trader
CRAQ,US,Cal Redwood Acquisition Corp. - Class A Ordinary Shares,nasdaq_trader
CRBG,US,Corebridge Financial Inc. Common Stock,nasdaq_trader
CRBP,US,"Corbus Pharmaceuticals Holdings, Inc. - Common Stock",nasdaq_trader
CRBU,US,"Caribou Biosciences, Inc. - Common Stock",nasdaq_trader
CRC,US,California Resources Corporation Common Stock,nasdaq_trader
CRCL,US,"Circle Internet Group, Inc. Class A Common Stock",nasdaq_trader
CRCT,US,"Cricut, Inc. - Class A common stock",nasdaq_trader
CRD-A,US,Crawford & Company Common Stock,nasdaq_trader
CRD-B,US,Crawford & Company Common Stock,nasdaq_trader
CRDF,US,"Cardiff Oncology, Inc. - Common Stock",nasdaq_trader
CRDL,US,Cardiol Therapeutics Inc. - Class A Common Shares,nasdaq_trader
CRDO,US,Credo Technology Group Holding Ltd - Ordinary Shares,nasdaq_trader
CRE,US,Cre8 Enterprise Limited - Class A Ordinary Shares,nasdaq_trader
CREG,US,Smart Powerr Corp. - Common Stock,nasdaq_trader
CREX,US,"Creative Realities, Inc. - Common Stock",nasdaq_trader
CRF,US,"Cornerstone Total Return Fund, Inc. (The) Common Stock",nasdaq_trader
CRGO,US,Freightos Limited - Ordinary shares,nasdaq_trader
CRGY,US,Crescent Energy Company Class A Common Stock,nasdaq_trader
CRH,US,CRH PLC Ordinary Shares,nasdaq_trader
CRI,US,"Carter's, Inc. Common Stock",nasdaq_trader
CRIS,US,"Curis, Inc. - Common Stock",nasdaq_trader
CRK,US,"Comstock Resources, Inc. Common Stock",nasdaq_trader
CRL,US,"Charles River Laboratories International, Inc. Common Stock",nasdaq_trader
CRM,US,"Salesforce, Inc. Common Stock",nasdaq_trader
CRMD,US,CorMedix Inc. - Common Stock,nasdaq_trader
CRML,US,Critical Metals Corp. - Ordinary Shares,nasdaq_trader
CRMT,US,"America's Car-Mart, Inc. - Common Stock",nasdaq_trader
CRNC,US,Cerence Inc. - Common Stock,nasdaq_trader
CRNT,US,Ceragon Networks Ltd. - Ordinary Shares,nasdaq_trader
CRNX,US,"Crinetics Pharmaceuticals, Inc. - Common Stock",nasdaq_trader
CRON,US,Cronos Group Inc. - Common Share,nasdaq_trader
CROX,US,"Crocs, Inc. - Common Stock",nasdaq_trader
CRS,US,Carpenter Technology Corporation Common Stock,nasdaq_trader
CRSP,US,CRISPR Therapeutics AG - Common Shares,nasdaq_trader
CRSR,US,"Corsair Gaming, Inc. - Common Stock",nasdaq_trader
CRT,US,Cross Timbers Royalty Trust Common Stock,nasdaq_trader
CRUS,US,"Cirrus Logic, Inc. - Common Stock",nasdaq_trader
CRVL,US,CorVel Corp. - Common Stock,nasdaq_trader
CRVO,US,CervoMed Inc. - Common Stock,nasdaq_trader
CRVS,US,"Corvus Pharmaceuticals, Inc. - Common Stock",nasdaq_trader
CRWD,US,"CrowdStrike Holdings, Inc. - Class A Common Stock",nasdaq_trader
CRWS,US,"Crown Crafts, Inc. - Common Stock",nasdaq_trader
CRWV,US,"CoreWeave, Inc. - Class A Common Stock",nasdaq_trader
CSAI,US,"Cloudastructure, Inc. - Class A Common Stock",nasdaq_trader
CSAN,US,Cosan S.A. ADS,nasdaq_trader
CSBR,US,"Champions Oncology, Inc. - Common Stock",nasdaq_trader
CSCO,US,"Cisco Systems, Inc. - Common Stock",nasdaq_trader
CSGP,US,"CoStar Group, Inc. - Common Stock",nasdaq_trader
CSHR,US,CoinShares PLC - Ordinary Shares,nasdaq_trader
CSIQ,US,Canadian Solar Inc. - Common Shares,nasdaq_trader
CSL,US,Carlisle Companies Incorporated Common Stock,nasdaq_trader
CSPI,US,CSP Inc. - Common Stock,nasdaq_trader
CSQ,US,Calamos Strategic Total Return Fund - Closed End Fund,nasdaq_trader
CSR,US,D/B/A Centerspace Common Stock,nasdaq_trader
CSTE,US,Caesarstone Ltd. - Ordinary Shares,nasdaq_trader
CSTL,US,"Castle Biosciences, Inc. - Common stock",nasdaq_trader
CSTM,US,Constellium SE Ordinary Shares (France),nasdaq_trader
CSV,US,"Carriage Services, Inc. Common Stock",nasdaq_trader
CSW,US,"CSW Industrials, Inc. Common Stock",nasdaq_trader
CSWC,US,Capital Southwest Corporation - Common Stock,nasdaq_trader
CSX,US,CSX Corporation - Common Stock,nasdaq_trader
CTAA,US,ClearThink 1 Acquisition Corp. - Class A Ordinary Shares,nasdaq_trader
CTAS,US,Cintas Corporation - Common Stock,nasdaq_trader
CTBI,US,"Community Trust Bancorp, Inc. - Common Stock",nasdaq_trader
CTEV,US,Claritev Corporation Class A Common Stock,nasdaq_trader
CTGO,US,Contango Silver & Gold Inc. Common Stock,nasdaq_trader
CTKB,US,"Cytek Biosciences, Inc. - Common Stock",nasdaq_trader
CTM,US,"Castellum, Inc. Common Stock",nasdaq_trader
CTMX,US,"CytomX Therapeutics, Inc. - Common Stock",nasdaq_trader
CTNM,US,"Contineum Therapeutics, Inc. - Common stock",nasdaq_trader
CTNT,US,Cheetah Net Supply Chain Service Inc. - Class A Common Stock,nasdaq_trader
CTO,US,"CTO Realty Growth, Inc. Common Stock",nasdaq_trader
CTOR,US,"Citius Oncology, Inc.  - Common Stock",nasdaq_trader
CTOS,US,"Custom Truck One Source, Inc. Common Stock",nasdaq_trader
CTRE,US,"CareTrust REIT, Inc. Common Stock",nasdaq_trader
CTRI,US,"Centuri Holdings, Inc. Common Stock",nasdaq_trader
CTRM,US,Castor Maritime Inc. - Common Shares,nasdaq_trader
CTRN,US,"Citi Trends, Inc. - Common Stock",nasdaq_trader
CTS,US,CTS Corporation Common Stock,nasdaq_trader
CTSH,US,Cognizant Technology Solutions Corporation - Class A Common Stock,nasdaq_trader
CTSO,US,Cytosorbents Corporation - Common Stock,nasdaq_trader
CTVA,US,"Corteva, Inc. Common Stock",nasdaq_trader
CTW,US,CTW - Class A Ordinary Shares,nasdaq_trader
CTXR,US,"Citius Pharmaceuticals, Inc. - Common Stock",nasdaq_trader
CUB,US,Lionheart Holdings - Class A Ordinary Shares,nasdaq_trader
CUBE,US,CubeSmart Common Shares,nasdaq_trader
CUBI,US,"Customers Bancorp, Inc Common Stock",nasdaq_trader
CUE,US,"Cue Biopharma, Inc. - Common Stock",nasdaq_trader
CULP,US,"Culp, Inc. - Common Shares",nasdaq_trader
CUPR,US,Cuprina Holdings (Cayman) Limited - Class A Ordinary shares,nasdaq_trader
CURB,US,Curbline Properties Corp. Common Stock,nasdaq_trader
CURI,US,CuriosityStream Inc.  - Class A Common Stock,nasdaq_trader
CURR,US,Currenc Group Inc. - Ordinary Shares,nasdaq_trader
CURV,US,Torrid Holdings Inc. Common Stock,nasdaq_trader
CURX,US,Curanex Pharmaceuticals Inc - Common Stock,nasdaq_trader
CUZ,US,Cousins Properties Incorporated Common Stock,nasdaq_trader
CV,US,"CapsoVision, Inc. - Common Stock",nasdaq_trader
CVBF,US,CVB Financial Corporation - Common Stock,nasdaq_trader
CVCO,US,"Cavco Industries, Inc. - Common Stock",nasdaq_trader
CVE,US,Cenovus Energy Inc Common Stock,nasdaq_trader
CVEO,US,Civeo Corporation (Canada) Common Shares,nasdaq_trader
CVGI,US,"Commercial Vehicle Group, Inc. - Common Stock",nasdaq_trader
CVI,US,CVR Energy Inc. Common Stock,nasdaq_trader
CVKD,US,"Cadrenal Therapeutics, Inc. - Common Stock",nasdaq_trader
CVLG,US,"Covenant Logistics Group, Inc. Class A Common Stock",nasdaq_trader
CVLT,US,"Commvault Systems, Inc. - Common Stock",nasdaq_trader
CVM,US,Cel-Sci Corporation Common Stock,nasdaq_trader
CVNA,US,Carvana Co. Class A Common Stock,nasdaq_trader
CVR,US,Chicago Rivet & Machine Co. Common Stock,nasdaq_trader
CVRX,US,"CVRx, Inc. - Common Stock",nasdaq_trader
CVS,US,CVS Health Corporation Common Stock,nasdaq_trader
CVSA,US,Covista Inc. Common Shares,nasdaq_trader
CVU,US,"CPI Aerostructures, Inc. Common Stock",nasdaq_trader
CVV,US,CVD Equipment Corporation - Common Stock,nasdaq_trader
CVX,US,Chevron Corporation Common Stock,nasdaq_trader
CW,US,Curtiss-Wright Corporation Common Stock,nasdaq_trader
CWAN,US,"Clearwater Analytics Holdings, Inc. Class A Common Stock",nasdaq_trader
CWBC,US,Community West Bancshares - Common Stock,nasdaq_trader
CWCO,US,Consolidated Water Co. Ltd. - Ordinary Shares,nasdaq_trader
CWD,US,CaliberCos Inc. - Class A Common Stock,nasdaq_trader
CWEN,US,"Clearway Energy, Inc. Class C Common Stock",nasdaq_trader
CWH,US,"Camping World Holdings, Inc. Class A Common Stock",nasdaq_trader
CWK,US,Cushman & Wakefield Ltd. Common Shares,nasdaq_trader
CWST,US,"Casella Waste Systems, Inc. - Class A Common Stock",nasdaq_trader
CWT,US,California Water Service Group Common Stock,nasdaq_trader
CX,US,"Cemex, S.A.B. de C.V. Sponsored ADR",nasdaq_trader
CXAI,US,CXApp Inc. - Class A Common Stock,nasdaq_trader
CXDO,US,"Crexendo, Inc. - Common Stock",nasdaq_trader
CXII,US,Churchill Capital Corp XII - Class A Ordinary Shares,nasdaq_trader
CXM,US,"Sprinklr, Inc. Class A Common Stock",nasdaq_trader
CXT,US,"Crane NXT, Co. Common Stock",nasdaq_trader
CXW,US,"CoreCivic, Inc. Common Stock",nasdaq_trader
CYAB,US,"Cyabra, Inc. - Common Stock",nasdaq_trader
CYCN,US,"Cyclerion Therapeutics, Inc. - Common Stock",nasdaq_trader
CYCU,US,"Cycurion, Inc. - Common Stock",nasdaq_trader
CYD,US,China Yuchai International Limited Common Stock,nasdaq_trader
CYH,US,"Community Health Systems, Inc. Common Stock",nasdaq_trader
CYN,US,Cyngn Inc. - Common stock,nasdaq_trader
CYPH,US,Cypherpunk Technologies Inc. - Common Stock,nasdaq_trader
CYRX,US,"CryoPort, Inc. - Common Stock",nasdaq_trader
CYTK,US,"Cytokinetics, Incorporated - Common Stock",nasdaq_trader
CZFS,US,"Citizens Financial Services, Inc. - Common Stock",nasdaq_trader
CZNC,US,Citizens & Northern Corp - Common Stock,nasdaq_trader
CZR,US,"Caesars Entertainment, Inc. - Common Stock",nasdaq_trader
CZWI,US,"Citizens Community Bancorp, Inc. - Common Stock",nasdaq_trader
D,US,"Dominion Energy, Inc. Common Stock",nasdaq_trader
DAAQ,US,Digital Asset Acquisition Corp. - Class A Ordinary shares,nasdaq_trader
DAC,US,Danaos Corporation Common Stock,nasdaq_trader
DAIC,US,"CID HoldCo, Inc. - Common Stock",nasdaq_trader
DAIO,US,Data I/O Corporation - Common Stock,nasdaq_trader
DAKT,US,"Daktronics, Inc. - Common Stock",nasdaq_trader
DAL,US,"Delta Air Lines, Inc. Common Stock",nasdaq_trader
DAN,US,Dana Incorporated Common Stock,nasdaq_trader
DAR,US,Darling Ingredients Inc. Common Stock,nasdaq_trader
DARE,US,"Dare Bioscience, Inc. - Common Stock",nasdaq_trader
DASH,US,"DoorDash, Inc. - Common Stock",nasdaq_trader
DAVE,US,Dave Inc.  - Class A Common Stock,nasdaq_trader
DB,US,Deutsche Bank AG Common Stock,nasdaq_trader
DBCA,US,D. Boral Acquisition I Corp. - Class A Ordinary Shares,nasdaq_trader
DBD,US,Diebold Nixdorf Incorporated Common stock,nasdaq_trader
DBGI,US,"Digital Brands Group, Inc. - Common Stock",nasdaq_trader
DBI,US,Designer Brands Inc. Class A Common Stock,nasdaq_trader
DBL,US,DoubleLine Opportunistic Credit Fund Common Shares of Beneficial Interest,nasdaq_trader
DBRG,US,"DigitalBridge Group, Inc.",nasdaq_trader
DBX,US,"Dropbox, Inc. - Class A Common Stock",nasdaq_trader
DC,US,Dakota Gold Corp. Common Stock,nasdaq_trader
DCBO,US,Docebo Inc. - Common Shares,nasdaq_trader
DCGO,US,DocGo Inc. - Common Stock,nasdaq_trader
DCH,US,Dauch Corporation Common Stock,nasdaq_trader
DCI,US,"Donaldson Company, Inc. Common Stock",nasdaq_trader
DCO,US,Ducommun Incorporated Common Stock,nasdaq_trader
DCOM,US,"Dime Commercial Bancshares, Inc. Common Stock",nasdaq_trader
DCOY,US,Decoy Therapeutics Inc. - Common Stock,nasdaq_trader
DCTH,US,"Delcath Systems, Inc. - Common Stock",nasdaq_trader
DCX,US,Digital Currency X Technology Inc. - Class A Ordinary Shares,nasdaq_trader
DD,US,"DuPont de Nemours, Inc. Common Stock",nasdaq_trader
DDC,US,DDC Enterprise Limited Class A Ordinary Shares,nasdaq_trader
DDD,US,3D Systems Corporation Common Stock,nasdaq_trader
DDI,US,"DoubleDown Interactive Co., Ltd. - American Depository Shares",nasdaq_trader
DDOG,US,"Datadog, Inc. - Class A Common Stock",nasdaq_trader
DDS,US,"Dillard's, Inc. Common Stock",nasdaq_trader
DDT,US,Dillard's Capital Trust I,nasdaq_trader
DE,US,Deere & Company Common Stock,nasdaq_trader
DEA,US,"Easterly Government Properties, Inc. Common Stock",nasdaq_trader
DEC,US,Diversified Energy Company Common Stock,nasdaq_trader
DECK,US,Deckers Outdoor Corporation Common Stock,nasdaq_trader
DEFT,US,"Defi Technologies, Inc. - Common Stock",nasdaq_trader
DEI,US,"Douglas Emmett, Inc. Common Stock",nasdaq_trader
DELL,US,Dell Technologies Inc. Class C Common Stock,nasdaq_trader
DEO,US,Diageo plc Common Stock,nasdaq_trader
DERM,US,Journey Medical Corporation - Common Stock,nasdaq_trader
DETX,US,"Liberty Defense Holdings, Ltd. - Common Shares",nasdaq_trader
DEVS,US,DevvStream Corp. - Common Stock,nasdaq_trader
DFDV,US,DeFi Development Corp. - Common Stock,nasdaq_trader
DFH,US,"Dream Finders Homes, Inc. Class A Common Stock",nasdaq_trader
DFIN,US,"Donnelley Financial Solutions, Inc. Common Stock",nasdaq_trader
DFLI,US,Dragonfly Energy Holdings Corp - Common Stock,nasdaq_trader
DFNS,US,T3 Defense Inc. - Common Stock,nasdaq_trader
DFSC,US,"DEFSEC Technologies Inc. - common stock, no R/S concurrent with offering",nasdaq_trader
DFSCW,US,DEFSEC Technologies Inc. - warrant,nasdaq_trader
DFTX,US,"Definium Therapeutics, Inc.  - Common Shares",nasdaq_trader
DG,US,Dollar General Corporation Common Stock,nasdaq_trader
DGICA,US,"Donegal Group, Inc. - Class A Common Stock",nasdaq_trader
DGICB,US,"Donegal Group, Inc. - Class B Common Stock",nasdaq_trader
DGII,US,Digi International Inc. - Common Stock,nasdaq_trader
DGNX,US,Diginex Limited - Ordinary Shares,nasdaq_trader
DGP,US,"DB Gold Double Long ETN due February 15, 2038",nasdaq_trader
DGX,US,Quest Diagnostics Incorporated Common Stock,nasdaq_trader
DGXX,US,Digi Power X Inc. - Common Subordinate Voting Shares,nasdaq_trader
DGZ,US,"DB Gold Short ETN due February 15, 2038",nasdaq_trader
DH,US,Definitive Healthcare Corp. - Class A Common Stock,nasdaq_trader
DHC,US,Diversified Healthcare Trust  - Common Shares of Beneficial Interest,nasdaq_trader
DHF,US,BNY Mellon High Yield Strategies Fund Common Stock,nasdaq_trader
DHI,US,"D.R. Horton, Inc. Common Stock",nasdaq_trader
DHR,US,Danaher Corporation Common Stock,nasdaq_trader
DHT,US,"DHT Holdings, Inc.",nasdaq_trader
DHX,US,"DHI Group, Inc. Common Stock",nasdaq_trader
DHY,US,Credit Suisse High Yield Credit Fund Common Stock,nasdaq_trader
DIBS,US,"1stdibs.com, Inc. - Common Stock",nasdaq_trader
DIN,US,"Dine Brands Global, Inc. Common Stock",nasdaq_trader
DINO,US,HF Sinclair Corporation Common Stock,nasdaq_trader
DIOD,US,Diodes Incorporated - Common Stock,nasdaq_trader
DIS,US,Walt Disney Company (The) Common Stock,nasdaq_trader
DIT,US,AMCON Distributing Company Common Stock,nasdaq_trader
DJCO,US,Daily Journal Corp. (S.C.) - Common Stock,nasdaq_trader
DJP,US,iPath Bloomberg Commodity Index Total Return ETN,nasdaq_trader
DJT,US,Trump Media & Technology Group Corp. - Common Stock,nasdaq_trader
DK,US,"Delek US Holdings, Inc. Common Stock",nasdaq_trader
DKI,US,DarkIris Inc. - Class A Ordinary Shares,nasdaq_trader
DKNG,US,DraftKings Inc. - Class A Common Stock,nasdaq_trader
DKS,US,Dick's Sporting Goods Inc Common Stock,nasdaq_trader
DLB,US,Dolby Laboratories Common Stock,nasdaq_trader
DLHC,US,DLH Holdings Corp. - Common Stock,nasdaq_trader
DLO,US,DLocal Limited - Class A Common Shares,nasdaq_trader
DLPN,US,"Dolphin Entertainment, Inc. - Common Stock",nasdaq_trader
DLR,US,"Digital Realty Trust, Inc. Common Stock",nasdaq_trader
DLTH,US,Duluth Holdings Inc. - Class B Common Stock,nasdaq_trader
DLTR,US,"Dollar Tree, Inc. - Common Stock",nasdaq_trader
DLX,US,Deluxe Corporation Common Stock,nasdaq_trader
DLXY,US,Delixy Holdings Limited - Class A Ordinary Shares,nasdaq_trader
DLY,US,DoubleLine Yield Opportunities Fund Common Shares of Beneficial Interest,nasdaq_trader
DMA,US,Destra Multi-Alternative Fund Common Stock,nasdaq_trader
DMAA,US,Drugs Made In America Acquisition Corp. - Ordinary Shares,nasdaq_trader
DMAC,US,DiaMedica Therapeutics Inc. - Common Stock,nasdaq_trader
DMB,US,"BNY Mellon Municipal Bond Infrastructure Fund, Inc. Common Stock",nasdaq_trader
DMII,US,Drugs Made In America Acquisition II Corp. - Ordinary Shares,nasdaq_trader
DMO,US,Western Asset Mortgage Opportunity Fund Inc. Common Stock,nasdaq_trader
DMRA,US,"Damora Therapeutics, Inc. - Common Stock",nasdaq_trader
DMRC,US,Digimarc Corporation - Common Stock,nasdaq_trader
DNA,US,"Ginkgo Bioworks Holdings, Inc. Class A Common Stock",nasdaq_trader
DNLI,US,Denali Therapeutics Inc. - Common Stock,nasdaq_trader
DNMX,US,Dynamix Corporation III - Class A Ordinary Shares,nasdaq_trader
DNN,US,Denison Mines Corp Ordinary Shares (Canada),nasdaq_trader
DNOW,US,DNOW Inc. Common Stock,nasdaq_trader
DNP,US,"DNP Select Income Fund, Inc. Common Stock",nasdaq_trader
DNTH,US,"Dianthus Therapeutics, Inc. - Common Stock",nasdaq_trader
DNUT,US,"Krispy Kreme, Inc. - Common Stock",nasdaq_trader
DOC,US,"Healthpeak Properties, Inc. Common Stock",nasdaq_trader
DOCN,US,"DigitalOcean Holdings, Inc. Common Stock",nasdaq_trader
DOCS,US,"Doximity, Inc. Class A Common Stock",nasdaq_trader
DOCU,US,"DocuSign, Inc. - Common Stock",nasdaq_trader
DOGZ,US,Dogness (International) Corporation - Class A Common Stock,nasdaq_trader
DOLE,US,Dole plc Ordinary Shares,nasdaq_trader
DOMH,US,Dominari Holdings Inc. - Common Stock,nasdaq_trader
DOMO,US,"Domo, Inc. - Class B Common Stock",nasdaq_trader
DOO,US,BRP Inc. - Common Subordinate Voting Shares,nasdaq_trader
DORM,US,"Dorman Products, Inc. - Common Stock",nasdaq_trader
DOUG,US,Douglas Elliman Inc. Common Stock,nasdaq_trader
DOV,US,Dover Corporation Common Stock,nasdaq_trader
DOW,US,Dow Inc. Common Stock,nasdaq_trader
DOX,US,Amdocs Limited - Ordinary Shares,nasdaq_trader
DPG,US,Duff & Phelps Utility and Infrastructure Fund Inc.,nasdaq_trader
DPRO,US,Draganfly Inc. - Common Shares,nasdaq_trader
DPZ,US,Domino's Pizza Inc - Common Stock,nasdaq_trader
DRCT,US,"Direct Digital Holdings, Inc. - Class A Common Stock",nasdaq_trader
DRDB,US,Roman DBDR Acquisition Corp. II - Ordinary shares,nasdaq_trader
DRH,US,Diamondrock Hospitality Company - Common Stock,nasdaq_trader
DRI,US,"Darden Restaurants, Inc. Common Stock",nasdaq_trader
DRIO,US,DarioHealth Corp. - Common Stock,nasdaq_trader
DRMA,US,"Dermata Therapeutics, Inc. - Common Stock",nasdaq_trader
DRS,US,"Leonardo DRS, Inc. - Common Stock",nasdaq_trader
DRTS,US,Alpha Tau Medical Ltd. - Ordinary Shares,nasdaq_trader
DRUG,US,Bright Minds Biosciences Inc. - common stock,nasdaq_trader
DRVN,US,Driven Brands Holdings Inc. - Common Stock,nasdaq_trader
DSAC,US,Daedalus Special Acquisition Corp. - Class A Ordinary Shares,nasdaq_trader
DSGN,US,"Design Therapeutics, Inc. - Common Stock",nasdaq_trader
DSGR,US,"Distribution Solutions Group, Inc. - Common Stock",nasdaq_trader
DSGX,US,The Descartes Systems Group Inc. - Common Stock,nasdaq_trader
DSL,US,DoubleLine Income Solutions Fund Common Shares of Beneficial Interests,nasdaq_trader
DSM,US,"BNY Mellon Strategic Municipal Bond Fund, Inc. Common Stock",nasdaq_trader
DSP,US,Viant Technology Inc. - common stock,nasdaq_trader
DSS,US,"DSS, Inc. Common Stock",nasdaq_trader
DSU,US,"Blackrock Debt Strategies Fund, Inc. Common Stock",nasdaq_trader
DSWL,US,"Deswell Industries, Inc. - Common Shares",nasdaq_trader
DSX,US,Diana Shipping inc. common stock,nasdaq_trader
DSY,US,Big Tree Cloud Holdings Limited - Class A Ordinary Shares,nasdaq_trader
DT,US,"Dynatrace, Inc. Common Stock",nasdaq_trader
DTCX,US,"Datacentrex, Inc. - Common Stock",nasdaq_trader
DTE,US,DTE Energy Company Common Stock,nasdaq_trader
DTF,US,DTF Tax-Free Income 2028 Term Fund Inc. Common Stock,nasdaq_trader
DTI,US,Drilling Tools International Corporation  - Common Stock,nasdaq_trader
DTIL,US,"Precision BioSciences, Inc. - Common Stock",nasdaq_trader
DTM,US,"DT Midstream, Inc. Common Stock",nasdaq_trader
DTSQ,US,DT Cloud Star Acquisition Corporation - Ordinary Shares,nasdaq_trader
DTSS,US,Datasea Intelligent Technology Ltd. - Class A Ordinary Shares,nasdaq_trader
DTST,US,Data Storage Corporation - Common Stock,nasdaq_trader
DUK,US,Duke Energy Corporation (Holding Company) Common Stock,nasdaq_trader
DUKR,US,DUKE Robotics Corp. - Common Stock,nasdaq_trader
DUO,US,Fangdd Network Group Ltd. - Class A Ordinary Shares,nasdaq_trader
DUOL,US,"Duolingo, Inc. - Class A Common Stock",nasdaq_trader
DUOT,US,"Duos Technologies Group, Inc. - Common Stock",nasdaq_trader
DV,US,"DoubleVerify Holdings, Inc. Common Stock",nasdaq_trader
DVA,US,DaVita Inc. Common Stock,nasdaq_trader
DVLT,US,Datavault AI Inc. - Common Stock,nasdaq_trader
DVN,US,Devon Energy Corporation Common Stock,nasdaq_trader
DWSN,US,Dawson Geophysical Company - Common Stock,nasdaq_trader
DWTX,US,"Dogwood Therapeutics, Inc.  - Common Stock",nasdaq_trader
DX,US,"Dynex Capital, Inc. Common Stock",nasdaq_trader
DXC,US,DXC Technology Company Common Stock,nasdaq_trader
DXCM,US,"DexCom, Inc. - Common Stock",nasdaq_trader
DXLG,US,"Destination XL Group, Inc. - Common Stock",nasdaq_trader
DXPE,US,"DXP Enterprises, Inc. - Common Stock",nasdaq_trader
DXR,US,Daxor Corporation - Closed End Fund,nasdaq_trader
DXST,US,Decent Holding Inc. - Class A Ordinary Shares,nasdaq_trader
DXYZ,US,Destiny Tech100 Inc. Common Stock,nasdaq_trader
DY,US,"Dycom Industries, Inc. Common Stock",nasdaq_trader
DYAI,US,"Dyadic International, Inc. - Common Stock",nasdaq_trader
DYN,US,"Dyne Therapeutics, Inc. - Common Stock",nasdaq_trader
DYNC,US,Dynamix Corporation - Class A Ordinary Share,nasdaq_trader
DYOR,US,Insight Digital Partners II - Class A Ordinary Shares,nasdaq_trader
DZZ,US,"DB Gold Double Short ETN due February 15, 2038",nasdaq_trader
E,US,ENI S.p.A. Common Stock,nasdaq_trader
EA,US,Electronic Arts Inc. - Common Stock,nasdaq_trader
EAD,US,Allspring Income Opportunities Fund Common Shares,nasdaq_trader
EAF,US,GrafTech International Ltd. Common Stock,nasdaq_trader
EAI,US,"Entergy Arkansas, LLC First Mortgage Bonds, 4.875% Series Due September 1, 2066",nasdaq_trader
EARN,US,Ellington Credit Company Common Shares of Beneficial Interest,nasdaq_trader
EAT,US,"Brinker International, Inc. Common Stock",nasdaq_trader
EBAY,US,eBay Inc. - Common Stock,nasdaq_trader
EBC,US,"Eastern Bankshares, Inc. - Common Stock",nasdaq_trader
EBF,US,"Ennis, Inc. Common Stock",nasdaq_trader
EBMT,US,"Eagle Bancorp Montana, Inc. - Common Stock",nasdaq_trader
EBON,US,Ebang International Holdings Inc. - Class A Ordinary Shares,nasdaq_trader
EBS,US,Emergent BioSolutions Inc. Common Stock,nasdaq_trader
ECAT,US,BlackRock ESG Capital Allocation Term Trust Common Shares of Beneficial Interest,nasdaq_trader
ECBK,US,"ECB Bancorp, Inc. - Common Stock",nasdaq_trader
ECC,US,Eagle Point Credit Company Common Share of Beneficial Interest,nasdaq_trader
ECF,US,Ellsworth Growth and Income Fund Ltd.,nasdaq_trader
ECG,US,"Everus Construction Group, Inc. Common Stock",nasdaq_trader
ECL,US,Ecolab Inc. Common Stock,nasdaq_trader
ECO,US,Okeanis Eco Tankers Corp. Common Stock,nasdaq_trader
ECOR,US,"electroCore, Inc. - Common Stock",nasdaq_trader
ECPG,US,Encore Capital Group Inc - Common Stock,nasdaq_trader
ECVT,US,Ecovyst Inc. Common Stock,nasdaq_trader
ECX,US,ECARX Holdings Inc. - Class A Ordinary shares,nasdaq_trader
ED,US,"Consolidated Edison, Inc. Common Stock",nasdaq_trader
EDBL,US,Edible Garden AG Incorporated - Common Stock,nasdaq_trader
EDD,US,"Morgan Stanley Emerging Markets Domestic Debt Fund, Inc. Common Stock",nasdaq_trader
EDF,US,Virtus Stone Harbor Emerging Markets Income Fund Common Shares of Beneficial Interest,nasdaq_trader
EDHL,US,Everbright Digital Holding Limited - Ordinary Shares,nasdaq_trader
EDIT,US,"Editas Medicine, Inc. - Common Stock",nasdaq_trader
EDRY,US,EuroDry Ltd. - Common Shares,nasdaq_trader
EDSA,US,"Edesa Biotech, Inc. - Common Shares",nasdaq_trader
EDTK,US,Skillful Craftsman Education Technology Limited - Ordinary Share,nasdaq_trader
EDU,US,"New Oriental Education & Technology Group, Inc. Sponsored ADR representing 10 Ordinary Share (Cayman Islands)",nasdaq_trader
EDUC,US,Educational Development Corporation - Common Stock,nasdaq_trader
EE,US,"Excelerate Energy, Inc. Class A Common Stock",nasdaq_trader
EEA,US,"The European Equity Fund, Inc. Common Stock",nasdaq_trader
EEFT,US,"Euronet Worldwide, Inc. - Common Stock",nasdaq_trader
EEIQ,US,EpicQuest Education Group International Limited - Common Stock,nasdaq_trader
EEX,US,"Emerald Holding, Inc. Common Stock",nasdaq_trader
EFC,US,Ellington Financial Inc. Common Stock,nasdaq_trader
EFOI,US,"Energy Focus, Inc. - Common Stock",nasdaq_trader
EFOR,US,"Everforth, Inc. Common Stock",nasdaq_trader
EFR,US,Eaton Vance Senior Floating-Rate Fund Common Shares of Beneficial Interest,nasdaq_trader
EFSC,US,Enterprise Financial Services Corporation - Common Stock,nasdaq_trader
EFSI,US,Eagle Financial Services Inc - Common Stock,nasdaq_trader
EFT,US,Eaton Vance Floating Rate Income Trust Common Shares of Beneficial Interest,nasdaq_trader
EFTY,US,"Etoiles Capital Group Co., Ltd. - Class A Ordinary Shares",nasdaq_trader
EFX,US,"Equifax, Inc. Common Stock",nasdaq_trader
EFXT,US,Enerflex Ltd Common Shares,nasdaq_trader
EG,US,"Everest Group, Ltd. Common Stock",nasdaq_trader
EGAN,US,eGain Corporation - Common Stock,nasdaq_trader
EGBN,US,"Eagle Bancorp, Inc. - Common Stock",nasdaq_trader
EGG,US,Enigmatig Limited Class A Ordinary Shares,nasdaq_trader
EGHA,US,EGH Acquisition Corp. - Class A ordinary shares,nasdaq_trader
EGHAR,US,EGH Acquisition Corp. - rights,nasdaq_trader
EGHT,US,8x8 Inc - Common stock,nasdaq_trader
EGO,US,Eldorado Gold Corporation Ordinary Shares,nasdaq_trader
EGP,US,"EastGroup Properties, Inc. Common Stock",nasdaq_trader
EGY,US,"VAALCO Energy, Inc.  Common Stock",nasdaq_trader
EH,US,EHang Holdings Limited - ADS,nasdaq_trader
EHC,US,Encompass Health Corporation Common Stock,nasdaq_trader
EHGO,US,Eshallgo Inc. - Class A Ordinary Shares,nasdaq_trader
EHI,US,Western Asset Global High Income Fund Inc Common Stock,nasdaq_trader
EHLD,US,Euroholdings Ltd. - Common Stock,nasdaq_trader
EHTH,US,"eHealth, Inc. - Common Stock",nasdaq_trader
EIC,US,Eagle Point Income Company Inc. Common Stock,nasdaq_trader
EIG,US,Employers Holdings Inc Common Stock,nasdaq_trader
EIKN,US,"Eikon Therapeutics, Inc. - Common Stock",nasdaq_trader
EIM,US,"Eaton Vance Municipal Bond Fund Common Shares of Beneficial Interest, $.01 par value",nasdaq_trader
EIX,US,Edison International Common Stock,nasdaq_trader
EJH,US,E-Home Household Service Holdings Limited - Ordinary shares,nasdaq_trader
EL,US,"Estee Lauder Companies, Inc. (The) Common Stock",nasdaq_trader
ELA,US,Envela Corporation Common Stock,nasdaq_trader
ELAB,US,PMGC Holdings Inc. - Common Stock,nasdaq_trader
ELAN,US,Elanco Animal Health Incorporated Common Stock,nasdaq_trader
ELBM,US,Electra Battery Materials Corporation - Common Stock,nasdaq_trader
ELDN,US,"Eledon Pharmaceuticals, Inc. - Common Stock",nasdaq_trader
ELE,US,Elemental Royalty Corporation - Common Stock,nasdaq_trader
ELF,US,"e.l.f. Beauty, Inc. Common Stock",nasdaq_trader
ELLO,US,Ellomay Capital Ltd Ordinary Shares (Israel),nasdaq_trader
ELMD,US,"Electromed, Inc. Common Stock",nasdaq_trader
ELME,US,Elme Communities Common Stock,nasdaq_trader
ELMT,US,The Elmet Group Co. - Common Stock,nasdaq_trader
ELOG,US,Eastern International Ltd. - Ordinary Shares,nasdaq_trader
ELOX,US,"Eloxx Pharmaceuticals, Inc. - Common Stock",nasdaq_trader
ELPW,US,Elong Power Holding Limited - Class A Ordinary Shares,nasdaq_trader
ELS,US,"Equity Lifestyle Properties, Inc. Common Stock",nasdaq_trader
ELSE,US,"Electro-Sensors, Inc. - Common Stock",nasdaq_trader
ELTK,US,Eltek Ltd. - Ordinary Shares,nasdaq_trader
ELTX,US,"Elicio Therapeutics, Inc. - Common Stock",nasdaq_trader
ELUT,US,"Elutia, Inc. - Class A Common Stock",nasdaq_trader
ELV,US,"Elevance Health, Inc. Common Stock",nasdaq_trader
ELVA,US,Electrovaya Inc. - Common Shares,nasdaq_trader
ELVN,US,"Enliven Therapeutics, Inc.  - Common Stock",nasdaq_trader
ELVR,US,Elevra Lithium Limited - American Depository Shares,nasdaq_trader
ELWT,US,"Elauwit Connection, Inc. - Common Stock",nasdaq_trader
EMA,US,Emera Incorporated Common Shares,nasdaq_trader
EMAT,US,Evolution Metals & Technologies Corp. - Common Stock,nasdaq_trader
EMBC,US,Embecta Corp. - Common Stock,nasdaq_trader
EMBJ,US,Embraer S.A. Common Stock,nasdaq_trader
EMD,US,Western Asset Emerging Markets Debt Fund Inc Common Stock,nasdaq_trader
EME,US,"EMCOR Group, Inc. Common Stock",nasdaq_trader
EMF,US,Templeton Emerging Markets Fund Common Stock,nasdaq_trader
EMIS,US,Emmis Acquisition Corp. - Class A Ordinary Share,nasdaq_trader
EML,US,Eastern Company (The) - Common Stock,nasdaq_trader
EMN,US,Eastman Chemical Company Common Stock,nasdaq_trader
EMO,US,ClearBridge Energy Midstream Opportunity Fund Inc. Common Stock,nasdaq_trader
EMP,US,"Entergy Mississippi, LLC First Mortgage Bonds, 4.90% Series Due October 1, 2066",nasdaq_trader
EMPD,US,Empery Digital Inc. - Common stock,nasdaq_trader
EMPG,US,Empro Group Inc. - Ordinary shares,nasdaq_trader
EMR,US,Emerson Electric Company Common Stock,nasdaq_trader
ENB,US,Enbridge Inc Common Stock,nasdaq_trader
ENGN,US,enGene Therapeutics Inc. - Common Stock,nasdaq_trader
ENGS,US,Energys Group Limited - Ordinary Shares,nasdaq_trader
ENHA,US,Enhanced Group Inc. Class A Common Stock,nasdaq_trader
ENJ,US,"Entergy New Orleans, LLC First Mortgage Bonds, 5.0% Series due December 1, 2052",nasdaq_trader
ENLT,US,Enlight Renewable Energy Ltd. - Ordinary Shares,nasdaq_trader
ENLV,US,Enlivex Ltd. - Ordinary Shares,nasdaq_trader
ENO,US,"Entergy New Orleans, LLC First Mortgage Bonds, 5.50% Series due April 1, 2066",nasdaq_trader
ENOV,US,Enovis Corporation Common Stock,nasdaq_trader
ENPH,US,"Enphase Energy, Inc. - Common Stock",nasdaq_trader
ENR,US,"Energizer Holdings, Inc. Common Stock",nasdaq_trader
ENS,US,EnerSys Common Stock,nasdaq_trader
ENSC,US,"Ensysce Biosciences, Inc. - Common Stock",nasdaq_trader
ENSG,US,"The Ensign Group, Inc. - Common Stock",nasdaq_trader
ENTA,US,"Enanta Pharmaceuticals, Inc. - Common Stock",nasdaq_trader
ENTG,US,"Entegris, Inc. - Common Stock",nasdaq_trader
ENTX,US,Entera Bio Ltd. - Ordinary Shares,nasdaq_trader
ENVA,US,"Enova International, Inc. Common Stock",nasdaq_trader
ENVB,US,"Enveric Biosciences, Inc.  - Common Stock",nasdaq_trader
ENVX,US,Enovix Corporation - Common Stock,nasdaq_trader
EOD,US,Allspring Global Dividend Opportunity Fund Common Shares of Beneficial Interest,nasdaq_trader
EOG,US,"EOG Resources, Inc. Common Stock",nasdaq_trader
EOI,US,Eaton Vance Enhance Equity Income Fund Eaton Vance Enhanced Equity Income Fund Shares of Beneficial Interest,nasdaq_trader
EOLS,US,"Evolus, Inc. - Common Stock",nasdaq_trader
EONR,US,EON Resources Inc. Class A Common Stock,nasdaq_trader
EOS,US,Eaton Vance Enhance Equity Income Fund II Common Stock,nasdaq_trader
EOSE,US,"Eos Energy Enterprises, Inc. - Common Stock",nasdaq_trader
EOT,US,Eaton Vance Municipal Income Trust EATON VANCE NATIONAL MUNICIPAL OPPORTUNITIES TRUST,nasdaq_trader
EP,US,Empire Petroleum Corporation Common Stock,nasdaq_trader
EPAC,US,Enerpac Tool Group Corp. Common Stock,nasdaq_trader
EPAM,US,"EPAM Systems, Inc. Common Stock",nasdaq_trader
EPC,US,Edgewell Personal Care Company Common Stock,nasdaq_trader
EPD,US,Enterprise Products Partners L.P. Common Stock,nasdaq_trader
EPM,US,"Evolution Petroleum Corporation, Inc. Common Stock",nasdaq_trader
EPOW,US,E-Power Inc. - Class A Ordinary Shares,nasdaq_trader
EPR,US,EPR Properties Common Stock,nasdaq_trader
EPRT,US,"Essential Properties Realty Trust, Inc. Common Stock",nasdaq_trader
EPRX,US,Eupraxia Pharmaceuticals Inc. - Common Stock,nasdaq_trader
EPSM,US,Epsium Enterprise Limited - Class A Ordinary Shares,nasdaq_trader
EPSN,US,Epsilon Energy Ltd. - Common Shares,nasdaq_trader
EQ,US,"Equillium, Inc. - Common Stock",nasdaq_trader
EQBK,US,"Equity Bancshares, Inc. Class A Common Stock",nasdaq_trader
EQH,US,"Equitable Holdings, Inc. Common Stock",nasdaq_trader
EQIX,US,"Equinix, Inc. - Common Stock",nasdaq_trader
EQNR,US,Equinor ASA,nasdaq_trader
EQPT,US,EquipmentShare.com Inc - Class A Common Stock,nasdaq_trader
EQR,US,Equity Residential Common Shares of Beneficial Interest,nasdaq_trader
EQS,US,"Equus Total Return, Inc. Common Stock",nasdaq_trader
EQT,US,EQT Corporation Common Stock,nasdaq_trader
EQX,US,Equinox Gold Corp. Common Shares,nasdaq_trader
ERAS,US,"Erasca, Inc. - Common Stock",nasdaq_trader
ERC,US,Allspring Multi-Sector Income Fund Common Stock,nasdaq_trader
ERH,US,Allspring Utilities and High Income Fund Common Shares,nasdaq_trader
ERIE,US,Erie Indemnity Company - Class A Common Stock,nasdaq_trader
ERII,US,"Energy Recovery, Inc. - Common Stock",nasdaq_trader
ERNA,US,Ernexa Therapeutics Inc. - Common Stock,nasdaq_trader
ERO,US,Ero Copper Corp. Common Shares,nasdaq_trader
EROC,US,"ERock, Inc. Class A Common Stock",nasdaq_trader
EROK,US,"EagleRock Land, LLC Class A shares representing limited liability company interests",nasdaq_trader
ES,US,Eversource Energy (D/B/A) Common Stock,nasdaq_trader
ESAB,US,ESAB Corporation Common Stock,nasdaq_trader
ESCA,US,"Escalade, Incorporated - Common Stock",nasdaq_trader
ESE,US,ESCO Technologies Inc. Common Stock,nasdaq_trader
ESEA,US,Euroseas Ltd. - Common Stock,nasdaq_trader
ESI,US,Element Solutions Inc. Common Stock,nasdaq_trader
ESLA,US,"Estrella Immunopharma, Inc. - Common Stock",nasdaq_trader
ESLT,US,Elbit Systems Ltd. - Ordinary Shares,nasdaq_trader
ESNT,US,Essent Group Ltd. Common Shares,nasdaq_trader
ESOA,US,Energy Services of America Corporation - Common Stock,nasdaq_trader
ESP,US,Espey Mfg. & Electronics Corp. Common Stock,nasdaq_trader
ESPR,US,"Esperion Therapeutics, Inc. - Common Stock",nasdaq_trader
ESQ,US,"Esquire Financial Holdings, Inc. - Common Stock",nasdaq_trader
ESRT,US,"Empire State Realty Trust, Inc. Class A Common Stock",nasdaq_trader
ESS,US,"Essex Property Trust, Inc. Common Stock",nasdaq_trader
ESTA,US,Establishment Labs Holdings Inc. - Common Shares,nasdaq_trader
ESTC,US,Elastic N.V. Ordinary Shares,nasdaq_trader
ETB,US,Eaton Vance Tax-Managed Buy-Write Income Fund Eaton Vance Tax-Managed Buy-Write Income Fund Common Shares of Beneficial Interest,nasdaq_trader
ETD,US,Ethan Allen Interiors Inc. Common Stock,nasdaq_trader
ETG,US,Eaton Vance Tax-Advantaged Global Dividend Income Fund Common Shares of Beneficial Interest,nasdaq_trader
ETJ,US,Eaton Vance Risk-Managed Diversified Equity Income Fund Common Shares of Beneficial Interest,nasdaq_trader
ETN,US,"Eaton Corporation, PLC Ordinary Shares",nasdaq_trader
ETO,US,Eaton Vance Tax-Advantage Global Dividend Opp Common Stock,nasdaq_trader
ETON,US,"Eton Pharmaceuticals, Inc. - Common Stock",nasdaq_trader
ETOR,US,eToro Group Ltd. - Class A Common Shares,nasdaq_trader
ETR,US,Entergy Corporation Common Stock,nasdaq_trader
ETS,US,Elite Express Holding Inc. - Class A Common Stock,nasdaq_trader
ETSS,US,Energy Transition Special Opportunities Class A Ordinary Shares,nasdaq_trader
ETSY,US,"Etsy, Inc. Common Stock",nasdaq_trader
ETV,US,Eaton Vance Corporation Eaton Vance Tax-Managed Buy-Write Opportunities Fund Common Shares of Beneficial Interest,nasdaq_trader
ETW,US,Eaton Vance Corporation Eaton Vance Tax-Managed Global Buy-Write Opportunites Fund Common Shares of Beneficial Interest,nasdaq_trader
ETX,US,Eaton Vance Municipal Income 2028 Term Trust Common Shares of Beneficial Interest,nasdaq_trader
ETY,US,"Eaton Vance Tax-Managed Diversified Equity Income Fund Common Shares of Beneficial Interest,",nasdaq_trader
EU,US,enCore Energy Corp. - Common Stock,nasdaq_trader
EUDA,US,Euda Health Holdings Limited - Ordinary Shares,nasdaq_trader
EURK,US,Eureka Acquisition Corp - Class A Ordinary Share,nasdaq_trader
EVAC,US,EQV Ventures Acquisition Corp. II Class A Ordinary Shares,nasdaq_trader
EVC,US,Entravision Communications Corporation Common Stock,nasdaq_trader
EVCM,US,EverCommerce Inc. - Common Stock,nasdaq_trader
EVER,US,"EverQuote, Inc. - Class A Common Stock",nasdaq_trader
EVEX,US,"Eve Holding, Inc. Common Stock",nasdaq_trader
EVF,US,Eaton Vance Senior Income Trust Common Stock,nasdaq_trader
EVG,US,Eaton Vance Short Diversified Income Fund Eaton Vance Short Duration Diversified Income Fund Common Shares of Beneficial Interest,nasdaq_trader
EVGN,US,Evogene Ltd. - Ordinary Shares,nasdaq_trader
EVGO,US,EVgo Inc. - Common Stock,nasdaq_trader
EVH,US,"Evolent Health, Inc Class A Common Stock",nasdaq_trader
EVI,US,"EVI Industries, Inc.  Common Stock",nasdaq_trader
EVLV,US,"Evolv Technologies Holdings, Inc. - Class A Common Stock",nasdaq_trader
EVMN,US,"Evommune, Inc. Common Stock",nasdaq_trader
EVN,US,Eaton Vance Municipal Income Trust Common Stock,nasdaq_trader
EVOX,US,Evolution Global Acquisition Corp - Class A Ordinary Shares,nasdaq_trader
EVR,US,Evercore Inc. Class A Common Stock,nasdaq_trader
EVRG,US,"Evergy, Inc. - Common Stock",nasdaq_trader
EVT,US,Eaton Vance Tax Advantaged Dividend Income Fund Common Shares of Beneficial Interest,nasdaq_trader
EVTC,US,"Evertec, Inc. Common Stock",nasdaq_trader
EVTL,US,Vertical Aerospace Ltd. Ordinary Shares,nasdaq_trader
EVTV,US,"Envirotech Vehicles, Inc. - Common stock",nasdaq_trader
EVV,US,Eaton Vance Limited Duration Income Fund Common Shares of Beneficial Interest,nasdaq_trader
EW,US,Edwards Lifesciences Corporation Common Stock,nasdaq_trader
EWBC,US,"East West Bancorp, Inc. - Common Stock",nasdaq_trader
EWTX,US,"Edgewise Therapeutics, Inc. - Common Stock",nasdaq_trader
EXC,US,Exelon Corporation - Common Stock,nasdaq_trader
EXE,US,Expand Energy Corporation - Common Stock,nasdaq_trader
EXEL,US,"Exelixis, Inc. - Common Stock",nasdaq_trader
EXFY,US,"Expensify, Inc. - Class A Common Stock",nasdaq_trader
EXG,US,Eaton Vance Tax-Managed Global Diversified Equity Income Fund Common Shares of Beneficial Interest,nasdaq_trader
EXK,US,Endeavour Silver Corporation Ordinary Shares (Canada),nasdaq_trader
EXLS,US,"ExlService Holdings, Inc. - Common Stock",nasdaq_trader
EXOD,US,"Exodus Movement, Inc. Class A Common Stock",nasdaq_trader
EXOZ,US,eXoZymes Inc. - Common Stock,nasdaq_trader
EXP,US,Eagle Materials Inc Common Stock,nasdaq_trader
EXPD,US,"Expeditors International of Washington, Inc. Common Stock",nasdaq_trader
EXPE,US,"Expedia Group, Inc. - Common Stock",nasdaq_trader
EXPO,US,"Exponent, Inc. - Common Stock",nasdaq_trader
EXR,US,Extra Space Storage Inc Common Stock,nasdaq_trader
EXTR,US,"Extreme Networks, Inc. - Common Stock",nasdaq_trader
EXYN,US,"Exyn Technologies, Inc. - Common Stock",nasdaq_trader
EYE,US,"National Vision Holdings, Inc. - Common Stock",nasdaq_trader
EYPT,US,"EyePoint, Inc. - Common Stock",nasdaq_trader
EZGO,US,EZGO Technologies Ltd. - Ordinary Shares,nasdaq_trader
EZPW,US,"EZCORP, Inc. - Class A Non-Voting Common Stock",nasdaq_trader
EZRA,US,"Reliance Global Group, Inc. - Common Stock",nasdaq_trader
F,US,Ford Motor Company Common Stock,nasdaq_trader
FA,US,First Advantage Corporation - Common Stock,nasdaq_trader
FABC,US,"Fabric.AI, Inc. - Common Stock",nasdaq_trader
FAC,US,Factorial Energy Inc. - Class A Common Stock,nasdaq_trader
FACT,US,FACT II Acquisition Corp. - Class A Ordinary Shares,nasdaq_trader
FAF,US,First American Corporation (New) Common Stock,nasdaq_trader
FAMI,US,"Farmmi, Inc. - Class A Ordinary Shares",nasdaq_trader
FANG,US,"Diamondback Energy, Inc. - Common Stock",nasdaq_trader
FAST,US,Fastenal Company - Common Stock,nasdaq_trader
FATE,US,"Fate Therapeutics, Inc. - Common Stock",nasdaq_trader
FATN,US,"FatPipe, Inc. - common stock",nasdaq_trader
FAX,US,"abrdn Asia-Pacific Income Fund, Inc. Common Stock",nasdaq_trader
FBGL,US,FBS Global Limited - Ordinary Shares,nasdaq_trader
FBIN,US,"Fortune Brands Innovations, Inc. Common Stock",nasdaq_trader
FBIO,US,"Fortress Biotech, Inc. - Common Stock",nasdaq_trader
FBIZ,US,"First Business Financial Services, Inc. - Common Stock",nasdaq_trader
FBK,US,FB Financial Corporation Common Stock,nasdaq_trader
FBLA,US,"FB Bancorp, Inc. - Common Stock",nasdaq_trader
FBLG,US,"FibroBiologics, Inc. - Common Stock",nasdaq_trader
FBNC,US,First Bancorp - Common Stock,nasdaq_trader
FBP,US,First BanCorp. New Common Stock,nasdaq_trader
FBRT,US,"Franklin BSP Realty Trust, Inc. Common Stock",nasdaq_trader
FBRX,US,"Forte Biosciences, Inc.  - Common Stock",nasdaq_trader
FBYD,US,"Falcon's Beyond Global, Inc. - Class A Common Stock",nasdaq_trader
FC,US,Franklin Covey Company Common Stock,nasdaq_trader
FCAP,US,"First Capital, Inc. - Common Stock",nasdaq_trader
FCBC,US,"First Community Bankshares, Inc. - Common Stock",nasdaq_trader
FCBM,US,"First Carolina Financial Services, Inc. Common Stock",nasdaq_trader
FCCO,US,First Community Corporation - Common Stock,nasdaq_trader
FCEL,US,"FuelCell Energy, Inc. - Common Stock",nasdaq_trader
FCF,US,First Commonwealth Financial Corporation Common Stock,nasdaq_trader
FCFS,US,"FirstCash Holdings, Inc. - Common Stock",nasdaq_trader
FCHL,US,Fitness Champs Holdings Limited - Ordinary Shares,nasdaq_trader
FCN,US,"FTI Consulting, Inc. Common Stock",nasdaq_trader
FCNCA,US,"First Citizens BancShares, Inc. - Class A Common Stock",nasdaq_trader
FCPT,US,"Four Corners Property Trust, Inc. Common Stock",nasdaq_trader
FCRS,US,FutureCrest Acquisition Corp. Class A Ordinary Shares,nasdaq_trader
FCRS-W,US,"FutureCrest Acquisition Corp. Redeemable warrants, each whole warrant exercisable for one Class A ordinary share at an exercise price of $11.50",nasdaq_trader
FCT,US,First Trust Senior Floating Rate Income Fund II Common Shares of Beneficial Interest,nasdaq_trader
FCUV,US,Focus Universal Inc. - Common Stock,nasdaq_trader
FCX,US,"Freeport-McMoRan, Inc. Common Stock",nasdaq_trader
FDBC,US,"Fidelity D & D Bancorp, Inc. - Common Stock",nasdaq_trader
FDMT,US,"4D Molecular Therapeutics, Inc. - Common Stock",nasdaq_trader
FDP,US,Del Monte Corporation Ordinary Shares,nasdaq_trader
FDS,US,FactSet Research Systems Inc. Common Stock,nasdaq_trader
FDSB,US,"Fifth District Bancorp, Inc. - Common Stock",nasdaq_trader
FDUS,US,Fidus Investment Corporation - Closed End Fund,nasdaq_trader
FDX,US,FedEx Corporation Common Stock,nasdaq_trader
FDXF,US,"FedEx Freight Holding Company, Inc. Common Stock",nasdaq_trader
FE,US,FirstEnergy Corp. Common Stock,nasdaq_trader
FEAM,US,"5E Advanced Materials, Inc. - Common Stock",nasdaq_trader
FEBO,US,Fenbo Holdings Limited - Class A Ordinary Shares,nasdaq_trader
FEED,US,"ENvue Medical, Inc. - Common Stock",nasdaq_trader
FEIM,US,"Frequency Electronics, Inc. - Common Stock",nasdaq_trader
FELE,US,"Franklin Electric Co., Inc. - Common Stock",nasdaq_trader
FEMY,US,Femasys Inc. - Common Stock,nasdaq_trader
FENC,US,Fennec Pharmaceuticals Inc. - Common Stock,nasdaq_trader
FER,US,Ferrovial N.V. - Ordinary Shares,nasdaq_trader
FERA,US,Fifth Era Acquisition Corp I - Class A Ordinary Shares,nasdaq_trader
FERG,US,Ferguson Enterprises Inc. Common Stock,nasdaq_trader
FET,US,"Forum Energy Technologies, Inc. Common Stock",nasdaq_trader
FF,US,FutureFuel Corp.  Common shares,nasdaq_trader
FFA,US,First Trust Enhanced Equity Income Fund Common Shares of Beneficial Interest,nasdaq_trader
FFAI,US,Faraday Future Intelligent Electric Inc. - Class A Common Stock,nasdaq_trader
FFBC,US,First Financial Bancorp. - Common Stock,nasdaq_trader
FFIN,US,"First Financial Bankshares, Inc. - Common Stock",nasdaq_trader
FFIV,US,"F5, Inc. - Common Stock",nasdaq_trader
FG,US,"F&G Annuities & Life, Inc. Common Stock",nasdaq_trader
FGBI,US,"First Guaranty Bancshares, Inc. - Common Stock",nasdaq_trader
FGI,US,FGI Industries Ltd. - Ordinary Shares,nasdaq_trader
FGII,US,FG Imperii Acquisition Corp. - Class A Ordinary Shares,nasdaq_trader
FGIWW,US,FGI Industries Ltd. - warrant,nasdaq_trader
FGL,US,Founder Group Limited - Class A Ordinary Shares,nasdaq_trader
FGMC,US,FG Merger II Corp. - Common stock,nasdaq_trader
FGNX,US,FG Nexus Inc. - Common Stock,nasdaq_trader
FHB,US,"First Hawaiian, Inc. - Common Stock",nasdaq_trader
FHI,US,"Federated Hermes, Inc. Common Stock",nasdaq_trader
FHN,US,First Horizon Corporation Common Stock,nasdaq_trader
FHTX,US,Foghorn Therapeutics Inc. - Common Stock,nasdaq_trader
FIBK,US,"First Interstate BancSystem, Inc. - Common Stock",nasdaq_trader
FICO,US,Fair Isaac Corporation Common Stock,nasdaq_trader
FIEE,US,"FiEE, Inc - Common Stock",nasdaq_trader
FIG,US,"Figma, Inc. Class A Common Stock",nasdaq_trader
FIGR,US,"Figure Technology Solutions, Inc. - Class A Common Stock",nasdaq_trader
FIGS,US,"FIGS, Inc. Class A Common Stock",nasdaq_trader
FIGX,US,FIGX Capital Acquisition Corp. - Class A ordinary share,nasdaq_trader
FIGXW,US,FIGX Capital Acquisition Corp. - one-half of one redeemable warrant.,nasdaq_trader
FINS,US,Angel Oak Financial Strategies Income Term Trust Common Shares of Beneficial Interest,nasdaq_trader
FINW,US,FinWise Bancorp - Common Stock,nasdaq_trader
FIP,US,FTAI Infrastructure Inc. - Common Stock,nasdaq_trader
FIS,US,"Fidelity National Information Services, Inc. Common Stock",nasdaq_trader
FISI,US,"Financial Institutions, Inc. - Common Stock",nasdaq_trader
FISN,US,"Deep Fission, Inc. - Common Stock",nasdaq_trader
FISV,US,"Fiserv, Inc. - Common Stock",nasdaq_trader
FITB,US,Fifth Third Bancorp Common Stock,nasdaq_trader
FIVE,US,"Five Below, Inc. - Common Stock",nasdaq_trader
FIVN,US,"Five9, Inc. - Common Stock",nasdaq_trader
FIX,US,"Comfort Systems USA, Inc. Common Stock",nasdaq_trader
FIZZ,US,National Beverage Corp. - Common Stock,nasdaq_trader
FJET,US,"Starfighters Space, Inc. Common Stock",nasdaq_trader
FKWL,US,Franklin Wireless Corp. - common stock,nasdaq_trader
FLC,US,Flaherty & Crumrine Total Return Fund Inc Common Stock,nasdaq_trader
FLD,US,"Fold Holdings, Inc. - Class A Common Stock",nasdaq_trader
FLEX,US,Flex Ltd. - Ordinary Shares,nasdaq_trader
FLG,US,"Flagstar Bank, N.A. Common Stock",nasdaq_trader
FLGT,US,"Fulgent Genetics, Inc. - Common Stock",nasdaq_trader
FLL,US,"Full House Resorts, Inc. - Common Stock",nasdaq_trader
FLNA,US,"Filana Therapeutics, Inc. - Common Stock",nasdaq_trader
FLNC,US,"Fluence Energy, Inc. - Class A Common Stock",nasdaq_trader
FLNG,US,FLEX LNG Ltd. Ordinary Shares,nasdaq_trader
FLNT,US,"Fluent, Inc. - Common Stock",nasdaq_trader
FLO,US,"Flowers Foods, Inc. Common Stock",nasdaq_trader
FLOC,US,Flowco Holdings Inc. Class A Common Stock,nasdaq_trader
FLR,US,Fluor Corporation Common Stock,nasdaq_trader
FLS,US,Flowserve Corporation Common Stock,nasdaq_trader
FLUT,US,Flutter Entertainment plc Ordinary Shares,nasdaq_trader
FLUX,US,"Flux Power Holdings, Inc. - Common Stock",nasdaq_trader
FLWS,US,"1-800-FLOWERS.COM, Inc. - Class A Common Stock",nasdaq_trader
FLXS,US,"Flexsteel Industries, Inc. - Common Stock",nasdaq_trader
FLY,US,Firefly Aerospace Inc. - Common Stock,nasdaq_trader
FLYE,US,"Fly-E Group, Inc. - Common Stock",nasdaq_trader
FLYW,US,Flywire Corporation - Voting Common Stock,nasdaq_trader
FLYX,US,"flyExclusive, Inc. Class A Common Stock",nasdaq_trader
FLYX-W,US,"flyExclusive, Inc. Redeemable warrants, each whole warrant exercisable for one Class A common stock at an exercise price of $11.50 per share",nasdaq_trader
FLZH,US,"Flash Sports & Media Holdings, Inc. - Common Stock",nasdaq_trader
FMAC,US,Future Money Acquisition Corporation - Ordinary Shares,nasdaq_trader
FMAO,US,"Farmers & Merchants Bancorp, Inc. - Common Stock",nasdaq_trader
FMBH,US,"First Mid Bancshares, Inc. - Common Stock",nasdaq_trader
FMC,US,FMC Corporation Common Stock,nasdaq_trader
FMFC,US,Kandal M Venture Limited - Class A ordinary Shares,nasdaq_trader
FMN,US,Federated Hermes Premier Municipal Income Fund,nasdaq_trader
FMNB,US,Farmers National Banc Corp. - Common Stock,nasdaq_trader
FMST,US,Foremost Clean Energy Ltd. - Common Shares,nasdaq_trader
FMX,US,Fomento Economico Mexicano S.A.B. de C.V. Common Stock,nasdaq_trader
FMY,US,First Trust Mortgage Income Fund Common Shares of Beneficial Interest,nasdaq_trader
FN,US,Fabrinet Ordinary Shares,nasdaq_trader
FNB,US,F.N.B. Corporation Common Stock,nasdaq_trader
FND,US,"Floor & Decor Holdings, Inc. Common Stock",nasdaq_trader
FNF,US,"Fidelity National Financial, Inc. Common Stock",nasdaq_trader
FNGD,US,"MicroSectors FANG  Index -3X Inverse Leveraged ETNs due January 8, 2038",nasdaq_trader
FNGO,US,"MicroSectors FANG  Index 2X Leveraged ETNs due January 8, 2038",nasdaq_trader
FNGR,US,"FingerMotion, Inc. - common stock",nasdaq_trader
FNKO,US,"Funko, Inc. - Class A Common Stock",nasdaq_trader
FNLC,US,"First Bancorp, Inc (ME) - Common Stock",nasdaq_trader
FNRN,US,First Northern Community Bancorp - Common stock,nasdaq_trader
FNUC,US,Frontier Nuclear and Minerals Inc. - Common Shares,nasdaq_trader
FNV,US,Franco-Nevada Corporation,nasdaq_trader
FNWB,US,First Northwest Bancorp - Common Stock,nasdaq_trader
FNWD,US,Finward Bancorp - common stock,nasdaq_trader
FOA,US,Finance of America Companies Inc. Class A Common Stock,nasdaq_trader
FOF,US,"Cohen & Steers Closed-End Opportunity Fund, Inc. Common Stock",nasdaq_trader
FOFO,US,"Hang Feng Technology Innovation Co., Ltd. - Ordinary Shares",nasdaq_trader
FOR,US,Forestar Group Inc Common Stock,nasdaq_trader
FORM,US,"FormFactor, Inc. - Common Stock",nasdaq_trader
FORR,US,"Forrester Research, Inc. - Common Stock",nasdaq_trader
FOSL,US,"Fossil Group, Inc. - Common Stock",nasdaq_trader
FOUR,US,"Shift4 Payments, Inc. Class A Common Stock",nasdaq_trader
FOX,US,Fox Corporation - Class B Common Stock,nasdaq_trader
FOXA,US,Fox Corporation - Class A Common Stock,nasdaq_trader
FOXF,US,Fox Factory Holding Corp. - Common Stock,nasdaq_trader
FOXX,US,Foxx Development Holdings Inc. - Common Stock,nasdaq_trader
FPH,US,"Five Point Holdings, LLC Class A Common Shares",nasdaq_trader
FPI,US,Farmland Partners Inc. Common Stock,nasdaq_trader
FPS,US,"Forgent Power Solutions, Inc. Class A Common Stock",nasdaq_trader
FR,US,"First Industrial Realty Trust, Inc. Common Stock",nasdaq_trader
FRA,US,Blackrock Floating Rate Income Strategies Fund Inc  Common Stock,nasdaq_trader
FRAF,US,Franklin Financial Services Corporation - Common Stock,nasdaq_trader
FRBA,US,First Bank  - Common Stock,nasdaq_trader
FRBT,US,"Forbright, Inc. - Class A Common Stock",nasdaq_trader
FRD,US,Friedman Industries Inc. - Common Stock,nasdaq_trader
FRGT,US,"Freight Technologies, Inc. - Ordinary Shares",nasdaq_trader
FRHC,US,Freedom Holding Corp. - Common Stock,nasdaq_trader
FRME,US,First Merchants Corporation - Common Stock,nasdaq_trader
FRMI,US,Fermi Inc. - Common Stock,nasdaq_trader
FRMM,US,"Forum Markets, Incorporated - Common Stock",nasdaq_trader
FRO,US,Frontline Plc Ordinary Shares,nasdaq_trader
FROG,US,JFrog Ltd. - Ordinary shares,nasdaq_trader
FRPH,US,"FRP Holdings, Inc. - Common Stock",nasdaq_trader
FRPT,US,"Freshpet, Inc. - Common Stock",nasdaq_trader
FRSH,US,Freshworks Inc. - Class A Common Stock,nasdaq_trader
FRST,US,Primis Financial Corp. - Common Stock,nasdaq_trader
FRT,US,Federal Realty Investment Trust Common Stock,nasdaq_trader
FRTT,US,Fort Technology Inc. - Common Shares,nasdaq_trader
FRVO,US,Fervo Energy Company - Class A common stock,nasdaq_trader
FSBC,US,Five Star Bancorp - Common Stock,nasdaq_trader
FSBW,US,"FS Bancorp, Inc. - Common Stock",nasdaq_trader
FSCO,US,FS Credit Opportunities Corp. Common Stock,nasdaq_trader
FSEA,US,"First Seacoast Bancorp, Inc. - Common Stock",nasdaq_trader
FSHP,US,Flag Ship Acquisition Corp. - Ordinary Shares,nasdaq_trader
FSI,US,Flexible Solutions International Inc. Common Stock (CDA),nasdaq_trader
FSK,US,FS KKR Capital Corp. Common Stock,nasdaq_trader
FSLR,US,"First Solar, Inc. - Common Stock",nasdaq_trader
FSLY,US,"Fastly, Inc. - Class A Common Stock",nasdaq_trader
FSM,US,Fortuna Mining Corp. Common Shares,nasdaq_trader
FSP,US,Franklin Street Properties Corp. Common Stock,nasdaq_trader
FSS,US,Federal Signal Corporation Common Stock,nasdaq_trader
FSSL,US,FS Specialty Lending Fund Common Shares of Beneficial Interest,nasdaq_trader
FSTR,US,L.B. Foster Company - Common Stock,nasdaq_trader
FSUN,US,FirstSun Capital Bancorp - Common Stock,nasdaq_trader
FSV,US,FirstService Corporation - Common Shares,nasdaq_trader
FT,US,Franklin Universal Trust Common Stock,nasdaq_trader
FTAI,US,FTAI Aviation Ltd. - Common Stock,nasdaq_trader
FTCI,US,"FTC Solar, Inc. - Common Stock",nasdaq_trader
FTDR,US,"Frontdoor, Inc. - Common Stock",nasdaq_trader
FTEK,US,"Fuel Tech, Inc. - Common Stock",nasdaq_trader
FTF,US,Franklin Limited Duration Income Trust Common Shares of Beneficial Interest,nasdaq_trader
FTFT,US,Future FinTech Group Inc. - Common Stock,nasdaq_trader
FTH,US,"Faeth Therapeutics, Inc.  - Common Stock",nasdaq_trader
FTHM,US,Fathom Holdings Inc. - Common Stock,nasdaq_trader
FTHY,US,First Trust High Yield Opportunities 2027 Term Fund Common Stock,nasdaq_trader
FTI,US,TechnipFMC plc Ordinary Share,nasdaq_trader
FTK,US,"Flotek Industries, Inc. Common Stock",nasdaq_trader
FTLF,US,"FitLife Brands, Inc. - Common Stock",nasdaq_trader
FTNT,US,"Fortinet, Inc. - Common Stock",nasdaq_trader
FTRE,US,Fortrea Holdings Inc. - Common Stock,nasdaq_trader
FTRK,US,FAST TRACK GROUP - Ordinary shares,nasdaq_trader
FTS,US,Fortis Inc. Common Shares,nasdaq_trader
FTV,US,Fortive Corporation Common Stock,nasdaq_trader
FTW,US,Presidio Production Company Class A Common Stock,nasdaq_trader
FUBO,US,FuboTV Inc. Class A Common Stock,nasdaq_trader
FUFU,US,BitFuFu Inc. - Class A Ordinary Shares,nasdaq_trader
FUL,US,H. B. Fuller Company Common Stock,nasdaq_trader
FULC,US,"Fulcrum Therapeutics, Inc. - Common Stock",nasdaq_trader
FULT,US,Fulton Financial Corporation - Common Stock,nasdaq_trader
FUN,US,Six Flags Entertainment Corporation Common Stock New,nasdaq_trader
FUND,US,"Sprott Focus Trust, Inc. - Closed End Fund",nasdaq_trader
FURY,US,Fury Gold Mines Limited Common Shares,nasdaq_trader
FUSB,US,"First US Bancshares, Inc. - Common Stock",nasdaq_trader
FUSE,US,Fusemachines Inc. - Common stock,nasdaq_trader
FVAV,US,Fortress Value Acquisition Corp. V - Class A Ordinary Shares,nasdaq_trader
FVCB,US,"FVCBankcorp, Inc. - Common Stock",nasdaq_trader
FVN,US,Future Vision II Acquisition Corporation - Ordinary Shares,nasdaq_trader
FVR,US,"FrontView REIT, Inc. Common Stock",nasdaq_trader
FVRR,US,"Fiverr International Ltd. Ordinary Shares, no par value",nasdaq_trader
FWDI,US,"Forward Industries, Inc. - Common Stock",nasdaq_trader
FWONA,US,Liberty Media Corporation - Series A Liberty Formula One Common Stock,nasdaq_trader
FWONK,US,Liberty Media Corporation - Series C Liberty Formula One Common Stock,nasdaq_trader
FWRD,US,Forward Air Corporation - Common Stock,nasdaq_trader
FWRG,US,"First Watch Restaurant Group, Inc. - Common Stock",nasdaq_trader
FXNC,US,First National Corporation - Common Stock,nasdaq_trader
G,US,Genpact Limited Common Stock,nasdaq_trader
GAB,US,"Gabelli Equity Trust, Inc. (The) Common Stock",nasdaq_trader
GABC,US,"German American Bancorp, Inc. - Common Stock",nasdaq_trader
GAIA,US,"Gaia, Inc. - Class A Common Stock",nasdaq_trader
GAIN,US,Gladstone Investment Corporation - Business Development Company,nasdaq_trader
GALT,US,Galectin Therapeutics Inc. - Common Stock,nasdaq_trader
GAM,US,"General American Investors, Inc. Common Stock",nasdaq_trader
GAMB,US,Gambling.com Group Limited - Ordinary Shares,nasdaq_trader
GAME,US,"GameSquare Holdings, Inc. - Common stock",nasdaq_trader
GANX,US,"Gain Therapeutics, Inc. - Common Stock",nasdaq_trader
GAP,US,"Gap, Inc. (The) Common Stock",nasdaq_trader
GASS,US,"StealthGas, Inc. - common stock",nasdaq_trader
GATX,US,GATX Corporation Common Stock,nasdaq_trader
GAU,US,Galiano Gold Inc.,nasdaq_trader
GAUZ,US,Gauzy Ltd. - Ordinary Shares,nasdaq_trader
GBAB,US,Guggenheim Taxable Municipal Bond & Investment Grade Debt Trust Common Shares of Beneficial Interest,nasdaq_trader
GBCI,US,"Glacier Bancorp, Inc. Common Stock",nasdaq_trader
GBDC,US,"Golub Capital BDC, Inc. - Closed End Fund",nasdaq_trader
GBFH,US,GBank Financial Holdings Inc. - Common Stock,nasdaq_trader
GBLI,US,"Global Indemnity Group, LLC - Class A Common Shares",nasdaq_trader
GBR,US,"New Concept Energy, Inc Common Stock",nasdaq_trader
GBTG,US,"Global Business Travel Group, Inc. Class A Common Stock",nasdaq_trader
GBX,US,"Greenbrier Companies, Inc. (The) Common Stock",nasdaq_trader
GCBC,US,"Greene County Bancorp, Inc. - Common Stock",nasdaq_trader
GCDT,US,Green Circle Decarbonize Technology Limited Ordinary Shares,nasdaq_trader
GCL,US,GCL Global Holdings Ltd - Ordinary Shares,nasdaq_trader
GCMG,US,GCM Grosvenor Inc. - Class A Common Stock,nasdaq_trader
GCO,US,Genesco Inc. Common Stock,nasdaq_trader
GCT,US,GigaCloud Technology Inc - Class A Ordinary Shares,nasdaq_trader
GCTK,US,"GlucoTrack, Inc. - Common Stock",nasdaq_trader
GCTS,US,"GCT Semiconductor Holding, Inc. Common Stock",nasdaq_trader
GCV,US,"Gabelli Convertible and Income Securities Fund, Inc. (The) Common Stock",nasdaq_trader
GD,US,General Dynamics Corporation Common Stock,nasdaq_trader
GDC,US,GD Culture Group Limited - Common Stock,nasdaq_trader
GDDY,US,GoDaddy Inc. Class A Common Stock,nasdaq_trader
GDEV,US,GDEV Inc. - Ordinary Shares,nasdaq_trader
GDHG,US,Golden Heaven Group Holdings Ltd.  - Class A Ordinary Shares,nasdaq_trader
GDL,US,"GDL Fund, The Common Shares of Beneficial Interest",nasdaq_trader
GDO,US,Western Asset Global Corporate Opportunity Fund Inc. Common Stock,nasdaq_trader
GDOT,US,"Green Dot Corporation Class A Common Stock, $0.001 par value",nasdaq_trader
GDRX,US,"GoodRx Holdings, Inc. - Class A Common Stock",nasdaq_trader
GDTC,US,CytoMed Therapeutics Limited - Ordinary Shares,nasdaq_trader
GDV,US,Gabelli Dividend & Income Trust Common Shares of Beneficial Interest,nasdaq_trader
GDYN,US,"Grid Dynamics Holdings, Inc. - Class A Common Stock",nasdaq_trader
GE,US,GE Aerospace Common Stock,nasdaq_trader
GECC,US,Great Elm Capital Corp. - Closed End Fund,nasdaq_trader
GECCI,US,Great Elm Capital Corp. - 8.50% NOTES DUE 2029,nasdaq_trader
GEF,US,Greif Inc. Class A Common Stock,nasdaq_trader
GEF-B,US,"Greif, Inc. Corporation Class B Common Stock",nasdaq_trader
GEG,US,"Great Elm Group, Inc.  - Common Stock",nasdaq_trader
GEHC,US,GE HealthCare Technologies Inc. - Common Stock,nasdaq_trader
GELS,US,Gelteq Limited - Ordinary Shares,nasdaq_trader
GEMI,US,"Gemini Space Station, Inc. - Class A Common Stock",nasdaq_trader
GEN,US,Gen Digital Inc. - Common Stock,nasdaq_trader
GENB,US,"Generate Biomedicines, Inc. - Common Stock",nasdaq_trader
GENC,US,"Gencor Industries, Inc. Common Stock",nasdaq_trader
GENI,US,Genius Sports Limited Ordinary Shares,nasdaq_trader
GENK,US,"GEN Restaurant Group, Inc. - Class A Common Stock",nasdaq_trader
GEO,US,Geo Group Inc (The) REIT,nasdaq_trader
GEOS,US,Geospace Technologies Corporation - Common Stock,nasdaq_trader
GERN,US,Geron Corporation - Common Stock,nasdaq_trader
GETY,US,"Getty Images Holdings, Inc. Class A Common Stock",nasdaq_trader
GEV,US,GE Vernova Inc. Common Stock,nasdaq_trader
GEVO,US,"Gevo, Inc. - Common Stock",nasdaq_trader
GF,US,"New Germany Fund, Inc. (The) Common Stock",nasdaq_trader
GFAI,US,"Guardforce AI Co., Limited - Ordinary Shares",nasdaq_trader
GFF,US,Griffon Corporation Common Stock,nasdaq_trader
GFL,US,"GFL Environmental Inc. Subordinate voting shares, no par value",nasdaq_trader
GFR,US,Greenfire Resources Ltd. Common Shares,nasdaq_trader
GFS,US,GlobalFoundries Inc. - Ordinary Share,nasdaq_trader
GGB,US,Gerdau S.A. Common Stock,nasdaq_trader
GGG,US,Graco Inc. Common Stock,nasdaq_trader
GGN,US,"GAMCO Global Gold, Natural Resources & Income Trust",nasdaq_trader
GGR,US,Gogoro Inc. - Ordinary Shares,nasdaq_trader
GGRP,US,"The Glimpse Group, Inc. - Common Stock",nasdaq_trader
GGT,US,"Gabelli Multi-Media Trust, Inc. (The) Common Stock",nasdaq_trader
GGZ,US,Gabelli Global Small and Mid Cap Value Trust (The) Common Shares of Beneficial Interest,nasdaq_trader
GH,US,"Guardant Health, Inc. - Common Stock",nasdaq_trader
GHC,US,Graham Holdings Company Common Stock,nasdaq_trader
GHG,US,"GreenTree Hospitality Group Ltd. American depositary shares, each representing one Class A ordinary share",nasdaq_trader
GHM,US,Graham Corporation Common Stock,nasdaq_trader
GHRS,US,GH Research PLC - Ordinary Shares,nasdaq_trader
GHY,US,"PGIM Global High Yield Fund, Inc.",nasdaq_trader
GIB,US,CGI Inc. Common Stock,nasdaq_trader
GIBO,US,GIBO Holdings Limited - Class A Ordinary Shares,nasdaq_trader
GIC,US,Global Industrial Company Common Stock,nasdaq_trader
GIFT,US,"Giftify, Inc. - Common Stock",nasdaq_trader
GIGM,US,GigaMedia Limited - Ordinary Shares,nasdaq_trader
GIII,US,"G-III Apparel Group, LTD. - Common Stock",nasdaq_trader
GIL,US,"Gildan Activewear, Inc. Class A Sub. Vot. Common Stock",nasdaq_trader
GILD,US,"Gilead Sciences, Inc. - Common Stock",nasdaq_trader
GILT,US,Gilat Satellite Networks Ltd. - Ordinary Shares,nasdaq_trader
GIPR,US,Generation Income Properties Inc. - Common stock,nasdaq_trader
GIS,US,"General Mills, Inc. Common Stock",nasdaq_trader
GITS,US,"Global Interactive Technologies, Inc. Common Stock - Common Stock",nasdaq_trader
GIW,US,GigCapital8 Corp. - Class A Ordinary Shares,nasdaq_trader
GIX,US,GigCapital9 Corp. - Class A Ordinary Share,nasdaq_trader
GJH,US,Synthetic Fixed-Income Securities Inc 6.375% (STRATS) Cl A-1,nasdaq_trader
GJO,US,"Synthetic Fixed-Income Securities, Inc. on behalf of STRATS(SM) Trust for Wal-Mart Stores, Inc. Securities, Series 2004-5",nasdaq_trader
GJP,US,"Synthetic Fixed-Income Securities, Inc. on behalf of STRATS (SM) Trust for Dominion Resources, Inc. Securities, Series 2005-6, Floating Rate Structured Repackaged Asset-Backed Trust Securities (STRATS) Certificates",nasdaq_trader
GJR,US,"Synthetic Fixed-Income Securities, Inc. STRATS Trust for Procter&Gamble Securities, Series 2006-1",nasdaq_trader
GJS,US,"Goldman Sachs Group Securities STRATS Trust for Goldman Sachs Group Securities, Series 2006-2",nasdaq_trader
GJT,US,"Synthetic Fixed-Income Securities, Inc. Floating Rate Structured Repackaged Asset-Backed Trust Securities Certificates, Series 2006-3",nasdaq_trader
GKOS,US,Glaukos Corporation Common Stock,nasdaq_trader
GL,US,Globe Life Inc. Common Stock,nasdaq_trader
GLAD,US,Gladstone Capital Corporation - Closed End Fund,nasdaq_trader
GLBE,US,Global-E Online Ltd. - ordinary shares,nasdaq_trader
GLBS,US,Globus Maritime Limited - Common Stock,nasdaq_trader
GLDG,US,GoldMining Inc. Common Shares,nasdaq_trader
GLE,US,Global Engine Group Holding Limited - Class A Ordinary Shares,nasdaq_trader
GLED,US,GalaxyEdge Acquisition Corporation Ordinary Shares,nasdaq_trader
GLIBA,US,Liberty Capital Corporation - Series A GCI Group Common Stock,nasdaq_trader
GLIBK,US,Liberty Capital Corporation - Series C GCI Group Common Stock,nasdaq_trader
GLMD,US,Galmed Pharmaceuticals Ltd. - Ordinary Shares,nasdaq_trader
GLND,US,Greenland Energy Company - Common Stock,nasdaq_trader
GLNG,US,Golar LNG Limited - Common Shares,nasdaq_trader
GLO,US,Clough Global Opportunities Fund Common Stock,nasdaq_trader
GLOB,US,Globant S.A. Common Shares,nasdaq_trader
GLOO,US,"Gloo Holdings, Inc. - Common Stock",nasdaq_trader
GLPI,US,"Gaming and Leisure Properties, Inc. - Common Stock",nasdaq_trader
GLQ,US,Clough Global Equity Fund Clough Global Equity Fund Common Shares of Beneficial Interest,nasdaq_trader
GLRE,US,"Greenlight Reinsurance, Ltd. - Class A Ordinary Shares",nasdaq_trader
GLSI,US,"Greenwich LifeSciences, Inc. - Common stock",nasdaq_trader
GLU,US,Gabelli Global Utility Common Shares of Beneficial Ownership,nasdaq_trader
GLUE,US,"Monte Rosa Therapeutics, Inc. - Common Stock",nasdaq_trader
GLV,US,Clough Global Dividend and Income Fund Common Shares of beneficial interest,nasdaq_trader
GLW,US,Corning Incorporated Common Stock,nasdaq_trader
GLXG,US,Galaxy Payroll Group Limited - Class A Ordinary Shares,nasdaq_trader
GLXY,US,Galaxy Digital Inc. - Class A common stock,nasdaq_trader
GM,US,General Motors Company Common Stock,nasdaq_trader
GME,US,GameStop Corporation Common Stock,nasdaq_trader
GMED,US,"Globus Medical, Inc. Class A Common Stock",nasdaq_trader
GMEX,US,GMEX ROBOTICS CORPORATION - Class A Ordinary Shares,nasdaq_trader
GMHS,US,Gamehaus Holdings Inc. - Class A Ordinary Shares,nasdaq_trader
GMM,US,Global Mofy AI Limited  - Class A Ordinary Shares,nasdaq_trader
GMRS,US,GMR Solutions Inc. Class A Common Stock,nasdaq_trader
GMTL,US,Guardian Metal Resources PLC ADS,nasdaq_trader
GNE,US,Genie Energy Ltd. Class B Common Stock Stock,nasdaq_trader
GNK,US,Genco Shipping & Trading Limited Ordinary Shares New (Marshall Islands),nasdaq_trader
GNL,US,"Global Net Lease, Inc. Common Stock",nasdaq_trader
GNLN,US,"Greenlane Holdings, Inc. - Class A Common Stock",nasdaq_trader
GNLX,US,Genelux Corporation - Common Stock,nasdaq_trader
GNPX,US,"Genprex, Inc. - Common Stock",nasdaq_trader
GNRC,US,Generac Holdlings Inc. Common Stock,nasdaq_trader
GNS,US,Genius Group Limited Ordinary Shares,nasdaq_trader
GNSS,US,Genasys Inc. - Common Stock,nasdaq_trader
GNT,US,"GAMCO Natural Resources, Gold & Income Trust",nasdaq_trader
GNTX,US,Gentex Corporation - Common Stock,nasdaq_trader
GNW,US,Genworth Financial Inc Common Stock,nasdaq_trader
GO,US,Grocery Outlet Holding Corp. - Common Stock,nasdaq_trader
GOAI,US,Eva Live Inc. - Common Stock,nasdaq_trader
GOF,US,Guggenheim Strategic Opportunities Fund Common Shares of Beneficial Interest,nasdaq_trader
GOGO,US,Gogo Inc. - Common Stock,nasdaq_trader
GOLD,US,"Gold.com, Inc. Common Stock",nasdaq_trader
GOLF,US,Acushnet Holdings Corp. Common Stock,nasdaq_trader
GOOD,US,Gladstone Commercial Corporation - Real Estate Investment Trust,nasdaq_trader
GOOG,US,Alphabet Inc. - Class C Capital Stock,nasdaq_trader
GOOGL,US,Alphabet Inc. - Class A Common Stock,nasdaq_trader
GOOS,US,Canada Goose Holdings Inc. Subordinate Voting Shares,nasdaq_trader
GORO,US,Gold Resource Corporation Common Stock,nasdaq_trader
GOSS,US,"Gossamer Bio, Inc. - Common Stock",nasdaq_trader
GOVX,US,"GeoVax Labs, Inc. - Common Stock",nasdaq_trader
GP,US,GreenPower Motor Company Inc. - Common Shares,nasdaq_trader
GPAC,US,General Purpose Acquisition Corp. - Class A Ordinary Shares,nasdaq_trader
GPAT,US,GP-Act III Acquisition Corp. - Class A Ordinary Share,nasdaq_trader
GPC,US,Genuine Parts Company Common Stock,nasdaq_trader
GPGI,US,"GPGI, Inc. Class A Common Stock",nasdaq_trader
GPI,US,"Group 1 Automotive, Inc. Common Stock",nasdaq_trader
GPK,US,Graphic Packaging Holding Company,nasdaq_trader
GPMT,US,Granite Point Mortgage Trust Inc. Common Stock,nasdaq_trader
GPN,US,Global Payments Inc. Common Stock,nasdaq_trader
GPOR,US,Gulfport Energy Corporation Common Shares,nasdaq_trader
GPRE,US,"Green Plains, Inc. - Common Stock",nasdaq_trader
GPRK,US,Geopark Ltd Common Shares,nasdaq_trader
GPRO,US,"GoPro, Inc. - Class A Common Stock",nasdaq_trader
GPUS,US,"Hyperscale Data, Inc. Common Stock",nasdaq_trader
GRAB,US,Grab Holdings Limited - Class A Ordinary Shares,nasdaq_trader
GRAF,US,Graf Global Corp. Class A ordinary shares,nasdaq_trader
GRAL,US,"GRAIL, Inc. - Common Stock",nasdaq_trader
GRAN,US,Grande Group Limited - Class A Ordinary Shares,nasdaq_trader
GRBK,US,"Green Brick Partners, Inc. Common Stock",nasdaq_trader
GRC,US,Gorman-Rupp Company (The) Common Stock,nasdaq_trader
GRCE,US,"Grace Therapeutics, Inc. - Common Stock",nasdaq_trader
GRDN,US,"Guardian Pharmacy Services, Inc. Class A Common Stock",nasdaq_trader
GRDX,US,GridAI Technologies Corp.  - Common Stock,nasdaq_trader
GREE,US,Greenidge Generation Holdings Inc. - Class A Common Stock,nasdaq_trader
GRF,US,"Eagle Capital Growth Fund, Inc. Common Stock",nasdaq_trader
GRI,US,"GRI Bio, Inc. - Common Stock",nasdaq_trader
GRML,US,Greenland Mines Ltd - Common Stock,nasdaq_trader
GRMN,US,Garmin Ltd. Common Stock (Switzerland),nasdaq_trader
GRND,US,Grindr Inc. Common Stock,nasdaq_trader
GRNQ,US,Greenpro Capital Corp. - Common Stock,nasdaq_trader
GRNT,US,"Granite Ridge Resources, Inc. Common Stock",nasdaq_trader
GRO,US,Brazil Potash Corp. Common Shares,nasdaq_trader
GROV,US,"Grove Collaborative Holdings, Inc. Class A Common Stock",nasdaq_trader
GROW,US,"U.S. Global Investors, Inc. - Class A Common Stock",nasdaq_trader
GROY,US,Gold Royalty Corp. Common Shares,nasdaq_trader
GRPN,US,"Groupon, Inc. - Common Stock",nasdaq_trader
GRRR,US,Gorilla Technology Group Inc. - Ordinary shares,nasdaq_trader
GRVY,US,"GRAVITY Co., Ltd. - American depositary shares, each representing one common share.",nasdaq_trader
GRWG,US,GrowGeneration Corp. - Common Stock,nasdaq_trader
GRX,US,The Gabelli Healthcare & Wellness Trust Common Shares of Beneficial Interest,nasdaq_trader
GS,US,"Goldman Sachs Group, Inc. (The) Common Stock",nasdaq_trader
GSAT,US,"Globalstar, Inc. - Common Stock",nasdaq_trader
GSBC,US,"Great Southern Bancorp, Inc. - Common Stock",nasdaq_trader
GSBD,US,"Goldman Sachs BDC, Inc. Common Stock",nasdaq_trader
GSHD,US,"Goosehead Insurance, Inc. - Class A Common Stock",nasdaq_trader
GSHR,US,Gesher Acquisition Corp. II - Class A Ordinary Shares,nasdaq_trader
GSIT,US,"GSI Technology, Inc. - Common Stock",nasdaq_trader
GSIW,US,Garden Stage Limited - Class A Ordinary Shares,nasdaq_trader
GSL,US,Global Ship Lease Inc New Class A Common Shares,nasdaq_trader
GSM,US,Ferroglobe PLC - Ordinary Shares,nasdaq_trader
GSRF,US,GSR IV Acquisition Corp. - Class A ordinary share,nasdaq_trader
GSUN,US,Golden Sun Technology Group Limited - Class A Ordinary Shares,nasdaq_trader
GT,US,The Goodyear Tire & Rubber Company - Common Stock,nasdaq_trader
GTBP,US,"GT Biopharma, Inc. - Common Stock",nasdaq_trader
GTE,US,Gran Tierra Energy Inc. Common Stock,nasdaq_trader
GTEC,US,Greenland Technologies Holding Corporation - Class A Ordinary Shares,nasdaq_trader
GTEN,US,"Gores Holdings X, Inc. - Class A ordinary shares",nasdaq_trader
GTERA,US,Globa Terra Acquisition Corporation - Class A Ordinary Shares,nasdaq_trader
GTES,US,Gates Industrial Corporation plc Ordinary Shares,nasdaq_trader
GTIM,US,Good Times Restaurants Inc. - Common Stock,nasdaq_trader
GTLB,US,GitLab Inc. - Class A Common Stock,nasdaq_trader
GTLS,US,"Chart Industries, Inc. Common Stock",nasdaq_trader
GTM,US,ZoomInfo Technologies Inc. - Common Stock,nasdaq_trader
GTN,US,"Gray Media, Inc. Common Stock",nasdaq_trader
GTN-A,US,"Gray Media, Inc. Class A Common Stock",nasdaq_trader
GTX,US,Garrett Motion Inc. - Common Stock,nasdaq_trader
GTY,US,Getty Realty Corporation Common Stock,nasdaq_trader
GUG,US,Guggenheim Active Allocation Fund Common Shares of Beneficial Interest,nasdaq_trader
GURE,US,"Gulf Resources, Inc. - Common Stock",nasdaq_trader
GUT,US,Gabelli Utility Trust (The) Common Stock,nasdaq_trader
GUTS,US,"Fractyl Health, Inc. - Common Stock",nasdaq_trader
GV,US,Visionary Holdings Inc. - Common Shares,nasdaq_trader
GVA,US,Granite Construction Incorporated Common Stock,nasdaq_trader
GVH,US,Globavend Holdings Limited - Ord Shares,nasdaq_trader
GWAV,US,"Greenwave Technology Solutions, Inc. - Common Stock",nasdaq_trader
GWH,US,"ESS Tech, Inc. Common Stock",nasdaq_trader
GWRE,US,"Guidewire Software, Inc. Common Stock",nasdaq_trader
GWRS,US,"Global Water Resources, Inc. - common stock",nasdaq_trader
GWW,US,"W.W. Grainger, Inc. Common Stock",nasdaq_trader
GXAI,US,Gaxos.ai Inc. - Common Stock,nasdaq_trader
GXO,US,"GXO Logistics, Inc. Common Stock",nasdaq_trader
GYRE,US,"Gyre Therapeutics, Inc. - Common Stock",nasdaq_trader
GYRO,US,"Gyrodyne , LLC - Common Stock",nasdaq_trader
H,US,Hyatt Hotels Corporation Class A Common Stock,nasdaq_trader
HACQ,US,HCM IV Acquisition Corp. - Class A Ordinary Share,nasdaq_trader
HAE,US,Haemonetics Corporation Common Stock,nasdaq_trader
HAFC,US,Hanmi Financial Corporation - Common Stock,nasdaq_trader
HAFN,US,Hafnia Limited Common Shares,nasdaq_trader
HAIN,US,"The Hain Celestial Group, Inc. - Common Stock",nasdaq_trader
HAL,US,Halliburton Company Common Stock,nasdaq_trader
HALO,US,"Halozyme Therapeutics, Inc. - Common Stock",nasdaq_trader
HAO,US,Haoxi Health Technology Limited - Class A Ord Share,nasdaq_trader
HAS,US,"Hasbro, Inc. - Common Stock",nasdaq_trader
HASI,US,"HA Sustainable Infrastructure Capital, Inc. Common Stock",nasdaq_trader
HAVA,US,Harvard Ave Acquisition Corporation - Class A Ordinary Share,nasdaq_trader
HAWK,US,"HawkEye 360, Inc. Common Stock",nasdaq_trader
HAYW,US,"Hayward Holdings, Inc. Common Stock",nasdaq_trader
HBAN,US,Huntington Bancshares Incorporated - Common Stock,nasdaq_trader
HBB,US,Hamilton Beach Brands Holding Company Class A Common Stock,nasdaq_trader
HBCP,US,"Home Bancorp, Inc. - Common Stock",nasdaq_trader
HBIO,US,"Harvard Bioscience, Inc. - Common Stock",nasdaq_trader
HBM,US,Hudbay Minerals Inc. Ordinary Shares (Canada),nasdaq_trader
HBNB,US,Hotel101 Global Holdings Corp. - Class A Ordinary Shares,nasdaq_trader
HBNC,US,"Horizon Bancorp, Inc. - Common Stock",nasdaq_trader
HBT,US,"HBT Financial, Inc. - Common Stock",nasdaq_trader
HCA,US,"HCA Healthcare, Inc. Common Stock",nasdaq_trader
HCAC,US,Hall Chadwick Acquisition Corp. - Class A Ordinary Shares,nasdaq_trader
HCAI,US,"Huachen AI Parking Management Technology Holding Co., Ltd. - Class A Ordinary Shares",nasdaq_trader
HCAT,US,"Health Catalyst, Inc - Common stock",nasdaq_trader
HCC,US,"Warrior Met Coal, Inc. Common Stock",nasdaq_trader
HCHL,US,Happy City Holdings Limited - Class A Ordinary shares,nasdaq_trader
HCI,US,"HCI Group, Inc. Common Stock",nasdaq_trader
HCIC,US,Hennessy Capital Investment Corp. VIII - Class A Ordinary Shares,nasdaq_trader
HCKT,US,"The Hackett Group, Inc. - Common Stock",nasdaq_trader
HCMA,US,HCM III Acquisition Corp. - Class A Ordinary Share,nasdaq_trader
HCSG,US,"Healthcare Services Group, Inc. - Common Stock",nasdaq_trader
HCTI,US,"Healthcare Triangle, Inc. - Common Stock",nasdaq_trader
HCWB,US,HCW Biologics Inc. - Common Stock,nasdaq_trader
HCWC,US,Healthy Choice Wellness Corp. Class A Common Stock,nasdaq_trader
HD,US,"Home Depot, Inc. (The) Common Stock",nasdaq_trader
HDB,US,HDFC Bank Limited Common Stock,nasdaq_trader
HDRN,US,"Hadron Energy, Inc. - Common Stock",nasdaq_trader
HDSN,US,"Hudson Technologies, Inc. - Common Stock",nasdaq_trader
HE,US,"Hawaiian Electric Industries, Inc. Common Stock",nasdaq_trader
HEI,US,Heico Corporation Common Stock,nasdaq_trader
HEI-A,US,Heico Corporation Common Stock,nasdaq_trader
HELE,US,Helen of Troy Limited - Common Stock,nasdaq_trader
HELP,US,Cybin Inc. - Common Stock,nasdaq_trader
HEQ,US,John Hancock Diversified Income Fund Common Shares of Beneficial Interest,nasdaq_trader
HERZ,US,"Herzfeld Credit Income Fund, Inc.  - Closed End Fund",nasdaq_trader
HESM,US,Hess Midstream LP Class A Representing Limited Partner Interests,nasdaq_trader
HFBL,US,"Home Federal Bancorp, Inc. of Louisiana - Common Stock",nasdaq_trader
HFFG,US,HF Foods Group Inc. - Common Stock,nasdaq_trader
HFRO,US,Highland Opportunities and Income Fund Common Shares of Beneficial Interest,nasdaq_trader
HFWA,US,Heritage Financial Corporation - Common Stock,nasdaq_trader
HG,US,"Hamilton Insurance Group, Ltd. Class B Common Shares",nasdaq_trader
HGBL,US,Heritage Global Inc. - Common Stock,nasdaq_trader
HGLB,US,Highland Global Allocation Fund Common Stock,nasdaq_trader
HGTY,US,"Hagerty, Inc. Class A Common Stock",nasdaq_trader
HGV,US,Hilton Grand Vacations Inc. Common Stock,nasdaq_trader
HHH,US,Howard Hughes Holdings Inc. Common Stock,nasdaq_trader
HHS,US,"Harte Hanks, Inc. - Common Stock",nasdaq_trader
HIFS,US,Hingham Institution for Savings - Common Stock,nasdaq_trader
HIG,US,"The Hartford Insurance Group, Inc. Common Stock",nasdaq_trader
HIHO,US,Highway Holdings Limited - Common Stock,nasdaq_trader
HII,US,"Huntington Ingalls Industries, Inc. Common Stock",nasdaq_trader
HIMS,US,"Hims & Hers Health, Inc. Class A Common Stock",nasdaq_trader
HIMX,US,"Himax Technologies, Inc. - American depositary shares, each of which represents two ordinary shares.",nasdaq_trader
HIND,US,"Vyome Holdings, Inc. - Common Stock",nasdaq_trader
HIO,US,"Western Asset High Income Opportunity Fund, Inc. Common Stock",nasdaq_trader
HIPO,US,Hippo Holdings Inc. Common Stock,nasdaq_trader
HIT,US,"Health In Tech, Inc. - Class A Common Stock",nasdaq_trader
HITI,US,High Tide Inc. - Common Shares,nasdaq_trader
HIVE,US,HIVE Digital Technologies Ltd - Common Shares,nasdaq_trader
HIW,US,"Highwoods Properties, Inc. Common Stock",nasdaq_trader
HIX,US,Western Asset High Income Fund II Inc. Common Stock,nasdaq_trader
HKIT,US,Hitek Global Inc. - Class A Ordinary Share,nasdaq_trader
HKPD,US,"Cellyan Biotechnology Co., Ltd  - Class A Ordinary Shares",nasdaq_trader
HL,US,Hecla Mining Company Common Stock,nasdaq_trader
HLF,US,Herbalife Ltd. Common Shares,nasdaq_trader
HLI,US,"Houlihan Lokey, Inc. Class A Common Stock",nasdaq_trader
HLIO,US,"Helios Technologies, Inc. Common Stock",nasdaq_trader
HLIT,US,Harmonic Inc. - Common Stock,nasdaq_trader
HLLY,US,Holley Inc. Common Stock,nasdaq_trader
HLMN,US,Hillman Solutions Corp. - Common Stock,nasdaq_trader
HLNE,US,Hamilton Lane Incorporated - Class A Common Stock,nasdaq_trader
HLP,US,Hongli Group Inc. - Ordinary Shares,nasdaq_trader
HLT,US,Hilton Worldwide Holdings Inc. Common Stock,nasdaq_trader
HLX,US,"Helix Energy Solutions Group, Inc. Common Stock",nasdaq_trader
HLXC,US,Helix Acquisition Corp. III - Class A Ordinary Shares,nasdaq_trader
HMC,US,"Honda Motor Company, Ltd. Common Stock",nasdaq_trader
HMH,US,HMH Holding Inc. - Common Stock,nasdaq_trader
HMN,US,Horace Mann Educators Corporation Common Stock,nasdaq_trader
HMR,US,Heidmar Maritime Holdings Corp. - Common Stock,nasdaq_trader
HMY,US,Harmony Gold Mining Company Limited,nasdaq_trader
HNGE,US,"Hinge Health, Inc. Class A Common Stock",nasdaq_trader
HNI,US,HNI Corporation Common Stock,nasdaq_trader
HNNA,US,"Hennessy Advisors, Inc. - Common Stock",nasdaq_trader
HNRG,US,Hallador Energy Company - Common Stock,nasdaq_trader
HNST,US,"The Honest Company, Inc. - Common Stock",nasdaq_trader
HNVR,US,"Hanover Bancorp, Inc. - Common Stock",nasdaq_trader
HOFT,US,Hooker Furnishings Corporation - Common Stock,nasdaq_trader
HOG,US,"Harley-Davidson, Inc. Common Stock",nasdaq_trader
HOLO,US,MicroCloud Hologram Inc. - Ordinary Shares,nasdaq_trader
HOMB,US,"Home BancShares, Inc. Common Stock",nasdaq_trader
HON,US,Honeywell International Inc. - Common Stock,nasdaq_trader
HONAV,US,Honeywell Aerospace Inc. - Common Stock,nasdaq_trader
HONIV,US,Honeywell International Inc. - Common Stock Ex Distribution When Issued,nasdaq_trader
HOOD,US,"Robinhood Markets, Inc. - Class A Common Stock",nasdaq_trader
HOPE,US,"Hope Bancorp, Inc. - Common Stock",nasdaq_trader
HOUR,US,"Hour Loop, Inc. - common stock",nasdaq_trader
HOV,US,"Hovnanian Enterprises, Inc. Class A Common Stock",nasdaq_trader
HOVR,US,New Horizon Aircraft Ltd. - Class A Ordinary Shares,nasdaq_trader
HOWL,US,"Werewolf Therapeutics, Inc. - Common Stock",nasdaq_trader
HP,US,"Helmerich & Payne, Inc. Common Stock",nasdaq_trader
HPAI,US,Helport AI Limited - Ordinary Shares,nasdaq_trader
HPE,US,Hewlett Packard Enterprise Company Common Stock,nasdaq_trader
HPF,US,John Hancock Pfd Income Fund II Pfd Income Fund II,nasdaq_trader
HPK,US,"HighPeak Energy, Inc. - Common Stock",nasdaq_trader
HPP,US,"Hudson Pacific Properties, Inc. Common Stock",nasdaq_trader
HPQ,US,HP Inc. Common Stock,nasdaq_trader
HQ,US,Horizon Quantum Holdings Ltd. - Class A Ordinary Shares,nasdaq_trader
HQH,US,abrdn Healthcare Investors Shares of Beneficial Interest,nasdaq_trader
HQI,US,"HireQuest, Inc. - Common Stock",nasdaq_trader
HQL,US,abrdn Life Sciences Investors Shares of Beneficial Interest,nasdaq_trader
HQY,US,"HealthEquity, Inc. - Common Stock",nasdaq_trader
HR,US,Healthcare Realty Trust Incorporated Common Stock,nasdaq_trader
HRB,US,"H&R Block, Inc. Common Stock",nasdaq_trader
HRI,US,Herc Holdings Inc. Common Stock,nasdaq_trader
HRL,US,Hormel Foods Corporation Common Stock,nasdaq_trader
HRMY,US,"Harmony Biosciences Holdings, Inc. - Common Stock",nasdaq_trader
HROW,US,"Harrow, Inc. - Common Stock",nasdaq_trader
HRTG,US,"Heritage Insurance Holdings, Inc. Common Stock",nasdaq_trader
HRTX,US,"Heron Therapeutics, Inc.   - Common Stock",nasdaq_trader
HRZN,US,Horizon Technology Finance Corporation - Common Stock,nasdaq_trader
HSBC,US,"HSBC Holdings, plc. Common Stock",nasdaq_trader
HSCS,US,HeartSciences Inc. - Common Stock,nasdaq_trader
HSDT,US,Solana Company - Class A Common Stock,nasdaq_trader
HSHP,US,Himalaya Shipping Ltd. Common Shares,nasdaq_trader
HSIC,US,"Henry Schein, Inc. - Common Stock",nasdaq_trader
HSLV,US,Highlander Silver Corp. Common Shares,nasdaq_trader
HST,US,"Host Hotels & Resorts, Inc. - Common Stock",nasdaq_trader
HSTM,US,"HealthStream, Inc. - Common Stock",nasdaq_trader
HSY,US,The Hershey Company Common Stock,nasdaq_trader
HTB,US,"HomeTrust Bancshares, Inc. Common Stock",nasdaq_trader
HTCO,US,High-Trend International Group - Class A Ordinary Shares,nasdaq_trader
HTCR,US,"Heartcore Enterprises, Inc. - Common Stock",nasdaq_trader
HTD,US,John Hancock Tax Advantaged Dividend Income Fund Common Shares of Beneficial Interest,nasdaq_trader
HTFL,US,"Heartflow, Inc. - Common Stock",nasdaq_trader
HTGC,US,"Hercules Capital, Inc. Common Stock",nasdaq_trader
HTH,US,Hilltop Holdings Inc.,nasdaq_trader
HTLD,US,"Heartland Express, Inc. - Common Stock",nasdaq_trader
HTLM,US,HomesToLife Ltd - Ordinary Shares,nasdaq_trader
HTO,US,H2O America  - Common Stock,nasdaq_trader
HTOO,US,Fusion Fuel Green PLC - Ordinary Shares,nasdaq_trader
HTT,US,"High Templar Tech Limited American depositary shares, each representing one Class A ordinary share",nasdaq_trader
HTZ,US,"Hertz Global Holdings, Inc - Common Stock",nasdaq_trader
HUBB,US,Hubbell Inc Common Stock,nasdaq_trader
HUBC,US,Hub Cyber Security Ltd. - Ordinary Shares,nasdaq_trader
HUBG,US,"Hub Group, Inc. - Class A Common Stock",nasdaq_trader
HUBS,US,"HubSpot, Inc. Common Stock",nasdaq_trader
HUDI,US,"Huadi International Group Co., Ltd. - Ordinary Shares",nasdaq_trader
HUHU,US,HUHUTECH International Group Inc. - Ordinary Shares,nasdaq_trader
HUM,US,Humana Inc. Common Stock,nasdaq_trader
HUMA,US,"Humacyte, Inc. - Common Stock",nasdaq_trader
HUN,US,Huntsman Corporation Common Stock,nasdaq_trader
HURA,US,"TuHURA Biosciences, Inc. - Common Stock",nasdaq_trader
HURC,US,"Hurco Companies, Inc. - Common Stock",nasdaq_trader
HURN,US,Huron Consulting Group Inc. - Common Stock,nasdaq_trader
HUT,US,Hut 8 Corp. - Common Stock,nasdaq_trader
HUYA,US,"HUYA Inc. American depositary shares, each  representing one Class A ordinary share",nasdaq_trader
HVII,US,Hennessy Capital Investment Corp. VII - Ordinary Shares,nasdaq_trader
HVMC,US,Highview Merger Corp. - Class A Ordinary Share,nasdaq_trader
HVT,US,"Haverty Furniture Companies, Inc. Common Stock",nasdaq_trader
HVT-A,US,"Haverty Furniture Companies, Inc. Common Stock",nasdaq_trader
HWBK,US,"Hawthorn Bancshares, Inc. - Common Stock",nasdaq_trader
HWC,US,Hancock Whitney Corporation - Common Stock,nasdaq_trader
HWH,US,HWH International Inc. - Common Stock,nasdaq_trader
HWKN,US,"Hawkins, Inc. - Common Stock",nasdaq_trader
HWM,US,Howmet Aerospace Inc. Common Stock,nasdaq_trader
HXHX,US,Haoxin Holdings Limited - Class A Ordinary Shares,nasdaq_trader
HXL,US,Hexcel Corporation Common Stock,nasdaq_trader
HY,US,"Hyster-Yale, Inc. Class A common stock",nasdaq_trader
HYFM,US,"Hydrofarm Holdings Group, Inc. - Common Stock",nasdaq_trader
HYFT,US,MindWalk Holdings Corp. - Common Stock,nasdaq_trader
HYI,US,Western Asset High Yield Opportunity Fund Inc. Common Stock,nasdaq_trader
HYLN,US,Hyliion Holdings Corp. Class A Common Stock,nasdaq_trader
HYMC,US,Hycroft Mining Holding Corporation - Class A Common Stock,nasdaq_trader
HYNE,US,"Hoyne Bancorp, Inc. - Common Stock",nasdaq_trader
HYPD,US,"Hyperion DeFi, Inc. - Common Stock",nasdaq_trader
HYPR,US,"Hyperfine, Inc.  - Class A Common Stock",nasdaq_trader
HYT,US,"Blackrock Corporate High Yield Fund, Inc. Common Stock",nasdaq_trader
HZO,US,"MarineMax, Inc.  (FL) Common Stock",nasdaq_trader
IACO,US,Idea Acquisition Corp. - Class A Ordinary Shares,nasdaq_trader
IACQ,US,Irenic Acquisition Corp. - Class A Ordinary Shares,nasdaq_trader
IAE,US,Voya Asia Pacific High Dividend Equity Income Fund ING Asia Pacific High Dividend Equity Income Fund Common Shares of Beneficial Interest,nasdaq_trader
IAF,US,"abrdn Australia Equity Fund, Inc. Common Stock",nasdaq_trader
IAG,US,Iamgold Corporation Ordinary Shares,nasdaq_trader
IART,US,Integra LifeSciences Holdings Corporation - Common Stock,nasdaq_trader
IAUX,US,i-80 Gold Corp. Common Shares,nasdaq_trader
IBAC,US,IB Acquisition Corp. - Common Stock,nasdaq_trader
IBCP,US,Independent Bank Corporation - Common Stock,nasdaq_trader
IBEX,US,IBEX Limited - Common Share,nasdaq_trader
IBG,US,Innovation Beverage Group Limited - Ordinary Shares,nasdaq_trader
IBIO,US,"iBio, Inc. - Common Stock",nasdaq_trader
IBKR,US,"Interactive Brokers Group, Inc. - Class A Common Stock",nasdaq_trader
IBM,US,International Business Machines Corporation Common Stock,nasdaq_trader
IBN,US,ICICI Bank Limited Common Stock,nasdaq_trader
IBO,US,"Impact BioMedical, Inc. Common Stock",nasdaq_trader
IBOC,US,International Bancshares Corporation - Common Stock,nasdaq_trader
IBP,US,"Installed Building Products, Inc. Common Stock",nasdaq_trader
IBRX,US,"ImmunityBio, Inc. - Common Stock",nasdaq_trader
IBTA,US,"Ibotta, Inc. Class A Common Stock",nasdaq_trader
ICCC,US,ImmuCell Corporation - Common Stock,nasdaq_trader
ICCM,US,IceCure Medical Ltd. - Ordinary Shares,nasdaq_trader
ICE,US,Intercontinental Exchange Inc. Common Stock,nasdaq_trader
ICFI,US,"ICF International, Inc. - Common Stock",nasdaq_trader
ICHR,US,Ichor Holdings - Ordinary Shares,nasdaq_trader
ICL,US,ICL Group Ltd. Ordinary Shares,nasdaq_trader
ICLR,US,ICON plc - Ordinary Shares,nasdaq_trader
ICMB,US,"Investcorp Credit Management BDC, Inc. - Common Stock",nasdaq_trader
ICON,US,Icon Energy Corp. - Common stock,nasdaq_trader
ICU,US,SeaStar Medical Holding Corporation - Common Stock,nasdaq_trader
ICUI,US,"ICU Medical, Inc. - Common Stock",nasdaq_trader
IDA,US,"IDACORP, Inc. Common Stock",nasdaq_trader
IDAI,US,T Stamp Inc. - Class A Common Stock,nasdaq_trader
IDCC,US,"InterDigital, Inc. - Common Stock",nasdaq_trader
IDE,US,"Voya Infrastructure, Industrials and Materials Fund Common Shares of Beneficial Interest",nasdaq_trader
IDN,US,"Intellicheck, Inc. - Common Stock",nasdaq_trader
IDR,US,"Idaho Strategic Resources, Inc. Common Stock",nasdaq_trader
IDT,US,IDT Corporation Class B Common Stock,nasdaq_trader
IDXX,US,"IDEXX Laboratories, Inc. - Common Stock",nasdaq_trader
IDYA,US,"IDEAYA Biosciences, Inc. - Common Stock",nasdaq_trader
IE,US,Ivanhoe Electric Inc. Common Stock,nasdaq_trader
IEAG,US,Infinite Eagle Acquisition Corp. - Class A Ordinary Shares,nasdaq_trader
IESC,US,"IES Holdings, Inc. - Common Stock",nasdaq_trader
IEX,US,IDEX Corporation Common Stock,nasdaq_trader
IFBD,US,"Infobird Co., Ltd - Ordinary Shares",nasdaq_trader
IFF,US,"International Flavors & Fragrances, Inc. Common Stock",nasdaq_trader
IFN,US,"Aberdeen India Fund, Inc. Common Stock",nasdaq_trader
IFRX,US,InflaRx N.V. - Common Stock,nasdaq_trader
IFS,US,Intercorp Financial Services Inc. Common Shares,nasdaq_trader
IGA,US,Voya Global Advantage and Premium Opportunity Fund Common Shares of Beneficial Interest,nasdaq_trader
IGAC,US,Invest Green Acquisition Corporation - Class A Ordinary Shares,nasdaq_trader
IGC,US,"IGC Pharma, Inc. Common Stock",nasdaq_trader
IGD,US,Voya Global Equity Dividend and Premium Opportunity Fund,nasdaq_trader
IGI,US,Western Asset Investment Grade Opportunity Trust Inc. Common Stock,nasdaq_trader
IGIC,US,International General Insurance Holdings Ltd. - Ordinary Shares,nasdaq_trader
IGR,US,CBRE Global Real Estate Income Fund Common Shares of Beneficial Interest,nasdaq_trader
IH,US,"iHuman Inc. American depositary shares, each representing five Class A ordinary shares",nasdaq_trader
IHD,US,Voya Emerging Markets High Income Dividend Equity Fund Common Shares,nasdaq_trader
IHRT,US,"iHeartMedia, Inc. - Class A Common Stock",nasdaq_trader
IHS,US,IHS Holding Limited Ordinary Shares,nasdaq_trader
IHT,US,InnSuites Hospitality Trust Shares of Beneficial Interest,nasdaq_trader
IIF,US,"Morgan Stanley India Investment Fund, Inc. Common Stock",nasdaq_trader
III,US,"Information Services Group, Inc. - Common Stock",nasdaq_trader
IIIN,US,"Insteel Industries, Inc. Common Stock",nasdaq_trader
IIIV,US,"i3 Verticals, Inc. - Common Stock",nasdaq_trader
IIM,US,Invesco Value Municipal Income Trust Common Stock,nasdaq_trader
IIPR,US,"Innovative Industrial Properties, Inc. Common Stock",nasdaq_trader
IKT,US,"Inhibikase Therapeutics, Inc. - Common Stock",nasdaq_trader
ILAG,US,Intelligent Living Application Group Inc. - Ordinary Shares,nasdaq_trader
ILLR,US,Triller Group Inc. - Common Stock,nasdaq_trader
ILLU,US,Illumination Acquisition Corp I - Class A Ordinary Shares,nasdaq_trader
ILMN,US,"Illumina, Inc. - Common Stock",nasdaq_trader
ILPT,US,Industrial Logistics Properties Trust - Common Shares of Beneficial Interest,nasdaq_trader
IMA,US,"ImageneBio, Inc. - Common Stock",nasdaq_trader
IMAX,US,Imax Corporation Common Stock,nasdaq_trader
IMCC,US,IM Cannabis Corp. - Common Shares,nasdaq_trader
IMDX,US,Insight Molecular Diagnostics Inc. - Common Stock,nasdaq_trader
IMKTA,US,"Ingles Markets, Incorporated - Class A Common Stock",nasdaq_trader
IMMR,US,Immersion Corporation - Common Stock,nasdaq_trader
IMMX,US,"Immix Biopharma, Inc. - Common Stock",nasdaq_trader
IMNM,US,"Immunome, Inc. - Common Stock",nasdaq_trader
IMNN,US,"Imunon, Inc. - Common Stock",nasdaq_trader
IMO,US,Imperial Oil Limited Common Stock,nasdaq_trader
IMPP,US,Imperial Petroleum Inc. - Common Shares,nasdaq_trader
IMRX,US,Immuneering Corporation - Class A Common Stock,nasdaq_trader
IMSR,US,Terrestrial Energy Inc. - Common Stock,nasdaq_trader
IMTE,US,Integrated Media Technology Limited - Ordinary Shares,nasdaq_trader
IMTX,US,Immatics N.V. - Ordinary Shares,nasdaq_trader
IMUX,US,"Immunic, Inc.  - Common Stock",nasdaq_trader
IMVT,US,"Immunovant, Inc.  - Common Stock",nasdaq_trader
IMXI,US,"International Money Express, Inc. - Common Stock",nasdaq_trader
INAB,US,"IN8bio, Inc. - Common Stock",nasdaq_trader
INAC,US,Indigo Acquisition Corp. - Ordinary Shares,nasdaq_trader
INBK,US,First Internet Bancorp - Common Stock,nasdaq_trader
INBS,US,Intelligent Bio Solutions Inc.  - Common Stock,nasdaq_trader
INBX,US,"Inhibrx Biosciences, Inc. - Common Stock",nasdaq_trader
INCR,US,Intercure Ltd. - ordinary shares,nasdaq_trader
INCY,US,Incyte Corporation - Common Stock,nasdaq_trader
INDB,US,Independent Bank Corp. - Common Stock,nasdaq_trader
INDI,US,"indie Semiconductor, Inc. - Class A Common Stock",nasdaq_trader
INDO,US,Indonesia Energy Corporation Limited Ordinary Shares,nasdaq_trader
INDP,US,"Indaptus Therapeutics, Inc. - Common Stock",nasdaq_trader
INDV,US,"Indivior Pharmaceuticals, Inc.  - Common Stock",nasdaq_trader
INEO,US,INNEOVA Holdings Limited - Class A Ordinary Shares,nasdaq_trader
INFQ,US,"Infleqtion, Inc. Common Stock",nasdaq_trader
INFU,US,"InfuSystems Holdings, Inc. Common Stock",nasdaq_trader
ING,US,"ING Group, N.V. Common Stock",nasdaq_trader
INGM,US,Ingram Micro Holding Corporation Common Stock,nasdaq_trader
INGN,US,"Inogen, Inc - Common Stock",nasdaq_trader
INGR,US,Ingredion Incorporated Common Stock,nasdaq_trader
INHD,US,Inno Holdings Inc. - Common Stock,nasdaq_trader
INIO,US,INNIO N.V. - Ordinary Shares,nasdaq_trader
INKT,US,"MiNK Therapeutics, Inc. - Common Stock",nasdaq_trader
INLF,US,INLIF LIMITED - Class A Ordinary shares,nasdaq_trader
INLX,US,"Intellinetics, Inc. Common Stock",nasdaq_trader
INM,US,InMed Pharmaceuticals Inc. - Common Shares,nasdaq_trader
INMB,US,INmune Bio Inc. - Common stock,nasdaq_trader
INMD,US,InMode Ltd.  - Ordinary Shares,nasdaq_trader
INN,US,"Summit Hotel Properties, Inc. Common Stock",nasdaq_trader
INNV,US,InnovAge Holding Corp. - Common Stock,nasdaq_trader
INO,US,"Inovio Pharmaceuticals, Inc. - Common Stock",nasdaq_trader
INOD,US,Innodata Inc. - Common Stock,nasdaq_trader
INR,US,"Infinity Natural Resources, Inc. Class A Common Stock",nasdaq_trader
INSE,US,"Inspired Entertainment, Inc. - Common Stock",nasdaq_trader
INSG,US,Inseego Corp. - Common Stock,nasdaq_trader
INSM,US,Insmed Incorporated - Common Stock,nasdaq_trader
INSP,US,"Inspire Medical Systems, Inc. Common Stock",nasdaq_trader
INSW,US,"International Seaways, Inc. Common Stock",nasdaq_trader
INTA,US,"Intapp, Inc. - Common Stock",nasdaq_trader
INTC,US,Intel Corporation - Common Stock,nasdaq_trader
INTG,US,The Intergroup Corporation - Common Stock,nasdaq_trader
INTJ,US,Intelligent Group Limited - Class A Ordinary Shares,nasdaq_trader
INTR,US,Inter & Co. Inc. - Class A Common Shares,nasdaq_trader
INTS,US,"Intensity Therapeutics, Inc. - Common Stock",nasdaq_trader
INTT,US,inTest Corporation Common Stock,nasdaq_trader
INTU,US,Intuit Inc. - Common Stock,nasdaq_trader
INTZ,US,Intrusion Inc. - Common Stock,nasdaq_trader
INUV,US,"Inuvo, Inc.",nasdaq_trader
INV,US,"Innventure, Inc. - Common Stock",nasdaq_trader
INVA,US,"Innoviva, Inc. - Common Stock",nasdaq_trader
INVE,US,"Identiv, Inc. - Common Stock",nasdaq_trader
INVH,US,Invitation Homes Inc. Common Stock,nasdaq_trader
INVX,US,"Innovex International, Inc. Common Stock",nasdaq_trader
INVZ,US,Innoviz Technologies Ltd. - Ordinary shares,nasdaq_trader
IONQ,US,"IonQ, Inc. Common Stock",nasdaq_trader
IONQ-W,US,"IonQ, Inc. Redeemable warrants, each whole warrant exercisable for one share of Common Stock, each at an exercise price of $11.50 per share",nasdaq_trader
IONS,US,"Ionis Pharmaceuticals, Inc. - Common Stock",nasdaq_trader
IOR,US,"Income Opportunity Realty Investors, Inc. Common Stock",nasdaq_trader
IOSP,US,Innospec Inc. - Common Stock,nasdaq_trader
IOT,US,Samsara Inc. Class A Common Stock,nasdaq_trader
IOTR,US,iOThree Limited - Ordinary Shares,nasdaq_trader
IOVA,US,"Iovance Biotherapeutics, Inc. - Common Stock",nasdaq_trader
IP,US,International Paper Company Common Stock,nasdaq_trader
IPAR,US,"Interparfums, Inc. - Common Stock",nasdaq_trader
IPCX,US,Inflection Point Acquisition Corp. III - Class A ordinary shares,nasdaq_trader
IPDN,US,"Professional Diversity Network, Inc. - Common Stock",nasdaq_trader
IPEX,US,Inflection Point Acquisition Corp. - Class A Ordinary Shares,nasdaq_trader
IPFX,US,Inflection Point Acquisition Corp. VI - Class A Ordinary Shares,nasdaq_trader
IPGP,US,IPG Photonics Corporation - Common Stock,nasdaq_trader
IPI,US,"Intrepid Potash, Inc Common Stock",nasdaq_trader
IPM,US,Intelligent Protection Management Corp.  - Common Stock,nasdaq_trader
IPSC,US,"Century Therapeutics, Inc. - Common Stock",nasdaq_trader
IPST,US,"IP Strategy Holdings, Inc. - Common Stock",nasdaq_trader
IPW,US,iPower Inc. - Common Stock,nasdaq_trader
IPWR,US,Ideal Power Inc. - Common Stock,nasdaq_trader
IQI,US,Invesco Quality Municipal Income Trust Common Stock,nasdaq_trader
IQST,US,iQSTEL Inc. - Common Stock,nasdaq_trader
IQV,US,"IQVIA Holdings, Inc. Common Stock",nasdaq_trader
IR,US,Ingersoll Rand Inc. Common Stock,nasdaq_trader
IRAB,US,Iris Acquisition Corp II Class A Ordinary Shares,nasdaq_trader
IRD,US,"Opus Genetics, Inc. - Common Stock",nasdaq_trader
IRDM,US,Iridium Communications Inc - Common Stock,nasdaq_trader
IREN,US,IREN Limited - Ordinary Shares,nasdaq_trader
IRHO,US,Iron Horse Acquisitions II Corp. - Common Stock,nasdaq_trader
IRIX,US,IRIDEX Corporation - Common Stock,nasdaq_trader
IRM,US,Iron Mountain Incorporated (Delaware)Common Stock REIT,nasdaq_trader
IRMD,US,iRadimed Corporation - Common Stock,nasdaq_trader
IRON,US,"Disc Medicine, Inc. - Common Stock",nasdaq_trader
IRT,US,"Independence Realty Trust, Inc. Common Stock",nasdaq_trader
IRTC,US,"iRhythm Holdings, Inc.  - Common Stock",nasdaq_trader
IRWD,US,"Ironwood Pharmaceuticals, Inc. - Class A Common Stock",nasdaq_trader
ISBA,US,Isabella Bank Corporation - Common stock,nasdaq_trader
ISD,US,"PGIM High Yield Bond Fund, Inc.",nasdaq_trader
ISOU,US,IsoEnergy Ltd. Common Shares,nasdaq_trader
ISPC,US,iSpecimen Inc. - Common Stock,nasdaq_trader
ISPR,US,Ispire Technology Inc. - Common Stock,nasdaq_trader
ISRG,US,"Intuitive Surgical, Inc. - Common Stock",nasdaq_trader
ISSC,US,"Innovative Solutions and Support, Inc. - Common Stock",nasdaq_trader
ISTR,US,Investar Holding Corporation - Common Stock,nasdaq_trader
IT,US,"Gartner, Inc. Common Stock",nasdaq_trader
ITGR,US,Integer Holdings Corporation Common Stock,nasdaq_trader
ITHA,US,ITHAX Acquisition Corp III - Class A Ordinary Shares,nasdaq_trader
ITIC,US,Investors Title Company - Common Stock,nasdaq_trader
ITOC,US,iTonic Holdings Ltd - Class A Ordinary Shares,nasdaq_trader
ITP,US,"IT Tech Packaging, Inc. Common Stock",nasdaq_trader
ITRG,US,Integra Resources Corp. Common Shares,nasdaq_trader
ITRI,US,"Itron, Inc. - Common Stock",nasdaq_trader
ITRN,US,Ituran Location and Control Ltd. - Ordinary Shares,nasdaq_trader
ITT,US,ITT Inc. Common Stock,nasdaq_trader
ITW,US,Illinois Tool Works Inc. Common Stock,nasdaq_trader
IVA,US,Inventiva S.A. - American Depository Shares,nasdaq_trader
IVDA,US,"Iveda Solutions, Inc. - Common Stock",nasdaq_trader
IVF,US,"INVO Fertility, Inc. - Common Stock",nasdaq_trader
IVR,US,INVESCO MORTGAGE CAPITAL INC Common Stock,nasdaq_trader
IVT,US,InvenTrust Properties Corp. Common Stock,nasdaq_trader
IVVD,US,"Invivyd, Inc. - Common Stock",nasdaq_trader
IVZ,US,Invesco Ltd Common Stock,nasdaq_trader
IXHL,US,Incannex Healthcare Inc. - Common Stock,nasdaq_trader
IZEA,US,"IZEA Worldwide, Inc. - Common Stock",nasdaq_trader
IZM,US,ICZOOM Group Inc. - Class A Ordinary Shares,nasdaq_trader
J,US,Jacobs Solutions Inc. Common Stock,nasdaq_trader
JACK,US,Jack In The Box Inc. - Common Stock,nasdaq_trader
JACS,US,Jackson Acquisition Company II Class A Ordinary Shares,nasdaq_trader
JAGU,US,Jaguar Uranium Corp. Class A Common Shares,nasdaq_trader
JAGX,US,"Jaguar Health, Inc. - Common Stock",nasdaq_trader
JAKK,US,"JAKKS Pacific, Inc. - Common Stock",nasdaq_trader
JAN,US,"Janus Living, Inc. Class A-1 Common Stock",nasdaq_trader
JANX,US,"Janux Therapeutics, Inc. - Common Stock",nasdaq_trader
JATT,US,JATT II Acquisition Corp - Ordinary Shares,nasdaq_trader
JAZZ,US,Jazz Pharmaceuticals plc - Ordinary Shares,nasdaq_trader
JBDI,US,JBDI Holdings Limited - Ordinary Shares,nasdaq_trader
JBGS,US,JBG SMITH Properties Common Shares,nasdaq_trader
JBHT,US,"J.B. Hunt Transport Services, Inc. - Common Stock",nasdaq_trader
JBI,US,"Janus International Group, Inc. Common Stock",nasdaq_trader
JBIO,US,"Jade Biosciences, Inc. - Common Stock",nasdaq_trader
JBK,US,Lehman ABS 3.50 3.50% Adjustable Corp Backed Tr Certs GS Cap I,nasdaq_trader
JBL,US,Jabil Inc. Common Stock,nasdaq_trader
JBLU,US,JetBlue Airways Corporation - Common Stock,nasdaq_trader
JBS,US,JBS N.V. Class A Common Shares,nasdaq_trader
JBSS,US,"John B. Sanfilippo & Son, Inc. - Common Stock",nasdaq_trader
JBTM,US,JBT Marel Corporation Common Stock,nasdaq_trader
JCAP,US,"Jefferson Capital, Inc. - Common Stock",nasdaq_trader
JCE,US,Nuveen Core Equity Alpha Fund Common Shares of Beneficial Interest,nasdaq_trader
JCI,US,Johnson Controls International plc Ordinary Share,nasdaq_trader
JCSE,US,JE Cleantech Holdings Limited - Ordinary Shares,nasdaq_trader
JCTC,US,Jewett-Cameron Trading Company - Common Shares,nasdaq_trader
JDZG,US,JIADE LIMITED - Class A Ordinary Shares,nasdaq_trader
JEF,US,Jefferies Financial Group Inc. Common Stock,nasdaq_trader
JELD,US,"JELD-WEN Holding, Inc. Common Stock",nasdaq_trader
JEM,US,707 Cayman Holdings Limited - Ordinary Shares,nasdaq_trader
JENA,US,Jena Acquisition Corporation II Class A Ordinary Shares,nasdaq_trader
JFB,US,JFB Construction Holdings - Class A Common Stock,nasdaq_trader
JFR,US,Nuveen Floating Rate Income Fund Common Stock,nasdaq_trader
JGH,US,Nuveen Global High Income Fund Common Shares of Beneficial Interest,nasdaq_trader
JHG,US,Janus Henderson Group plc Ordinary Shares,nasdaq_trader
JHI,US,John Hancock Investors Trust Common Stock,nasdaq_trader
JHS,US,John Hancock Income Securities Trust Common Stock,nasdaq_trader
JHX,US,James Hardie Industries plc. Ordinary Shares,nasdaq_trader
JILL,US,"J. Jill, Inc. Common Stock",nasdaq_trader
JJSF,US,J & J Snack Foods Corp. - Common Stock,nasdaq_trader
JKHY,US,"Jack Henry & Associates, Inc. - Common Stock",nasdaq_trader
JL,US,J-Long Group Limited - Class A Ordinary Shares,nasdaq_trader
JLHL,US,Julong Holding Limited - Class A Ordinary Shares,nasdaq_trader
JLL,US,Jones Lang LaSalle Incorporated Common Stock,nasdaq_trader
JLS,US,Nuveen Mortgage and Income Fund,nasdaq_trader
JMM,US,Nuveen Multi-Market Income Fund (MA),nasdaq_trader
JMSB,US,"John Marshall Bancorp, Inc. - Common Stock",nasdaq_trader
JNJ,US,Johnson & Johnson Common Stock,nasdaq_trader
JOB,US,GEE Group Inc. Common Stock,nasdaq_trader
JOBY,US,"Joby Aviation, Inc. Common Stock",nasdaq_trader
JOE,US,St. Joe Company (The) Common Stock,nasdaq_trader
JOF,US,Japan Smaller Capitalization Fund Inc Common Stock,nasdaq_trader
JOUT,US,Johnson Outdoors Inc. - Class A Common Stock,nasdaq_trader
JPM,US,JP Morgan Chase & Co. Common Stock,nasdaq_trader
JQC,US,Nuveen Credit Strategies Income Fund Shares of Beneficial Interest,nasdaq_trader
JRI,US,Nuveen Real Asset Income and Growth Fund Common Shares of Beneficial Interest,nasdaq_trader
JRS,US,Nuveen Real Estate Income Fund Common Shares of Beneficial Interest,nasdaq_trader
JRSH,US,"Jerash Holdings (US), Inc. - Common Stock",nasdaq_trader
JRVR,US,"James River Group Holdings, Inc. - Common Stock",nasdaq_trader
JSPR,US,"Jasper Therapeutics, Inc. - Class A Common Stock",nasdaq_trader
JTAI,US,Jet.AI Inc. - Common Stock,nasdaq_trader
JUNS,US,"Jupiter Neurosciences, Inc. - Common Stock",nasdaq_trader
JVA,US,"Coffee Holding Co., Inc. - Common Stock",nasdaq_trader
JWEL,US,Jowell Global Ltd. - Ordinary Shares,nasdaq_trader
JXG,US,JX Luxventure Group Inc. - Common Stock,nasdaq_trader
JXN,US,Jackson Financial Inc. Class A Common Stock,nasdaq_trader
JYD,US,Jayud Global Logistics Limited - Class A Ordinary Shares,nasdaq_trader
JYNT,US,The Joint Corp. - Common Stock,nasdaq_trader
JZXN,US,"Jiuzi Holdings, Inc. - Ordinary Shares",nasdaq_trader
KAI,US,Kadant Inc Common Stock,nasdaq_trader
KALA,US,"KALA BIO, Inc. - Common Stock",nasdaq_trader
KALU,US,Kaiser Aluminum Corporation - Common Stock,nasdaq_trader
KAPA,US,"Kairos Pharma, Ltd. Common Stock",nasdaq_trader
KARD,US,"Kardigan, Inc. - Common Stock",nasdaq_trader
KARO,US,Karooooo Ltd. - Ordinary shares,nasdaq_trader
KAZR,US,Skyline Builders Group Holding Limited - Class A Ordinary Shares,nasdaq_trader
KB,US,KB Financial Group Inc,nasdaq_trader
KBDC,US,"Kayne Anderson BDC, Inc. Common Stock",nasdaq_trader
KBH,US,KB Home Common Stock,nasdaq_trader
KBON,US,Karbon Capital Partners Corp. - Class A Ordinary Shares,nasdaq_trader
KBR,US,"KBR, Inc. Common Stock",nasdaq_trader
KBSX,US,FST Corp. - Ordinary Shares,nasdaq_trader
KCAC-W,US,"Kensington Capital Acquisition Corp. VI Class 1 redeemable warrants, each exercisable for one Class A ordinary share at an exercise price of $11.50",nasdaq_trader
KCHV,US,Kochav Defense Acquisition Corp. - Class A Ordinary Shares,nasdaq_trader
KD,US,"Kyndryl Holdings, Inc. Common Stock",nasdaq_trader
KDK,US,"Kodiak AI, Inc. - Common Stock",nasdaq_trader
KDP,US,Keurig Dr Pepper Inc. - Common Stock,nasdaq_trader
KE,US,"Kimball Electronics, Inc. - Common Stock",nasdaq_trader
KEEL,US,Keel Infrastructure Corp. - Common Stock,nasdaq_trader
KELYA,US,"Kelly Services, Inc. - Class A Common Stock",nasdaq_trader
KELYB,US,"Kelly Services, Inc. - Class B Common Stock",nasdaq_trader
KEN,US,Kenon Holdings Ltd. Ordinary Shares,nasdaq_trader
KEP,US,Korea Electric Power Corporation Common Stock,nasdaq_trader
KEQU,US,Kewaunee Scientific Corporation - Common Stock,nasdaq_trader
KEX,US,Kirby Corporation Common Stock,nasdaq_trader
KEY,US,KeyCorp Common Stock,nasdaq_trader
KEYS,US,Keysight Technologies Inc. Common Stock,nasdaq_trader
KF,US,"Korea Fund, Inc. (The) New Common Stock",nasdaq_trader
KFFB,US,Kentucky First Federal Bancorp - Common Stock,nasdaq_trader
KFII,US,K&F Growth Acquisition Corp. II - Class A Ordinary shares,nasdaq_trader
KFRC,US,"Kforce, Inc. Common Stock",nasdaq_trader
KFY,US,Korn Ferry Common Stock,nasdaq_trader
KG,US,"Kestrel Group, Ltd. - Common Stock",nasdaq_trader
KGC,US,Kinross Gold Corporation Common Stock,nasdaq_trader
KGEI,US,Kolibri Global Energy Inc. - Common stock,nasdaq_trader
KGS,US,"Kodiak Gas Services, Inc. Common Stock",nasdaq_trader
KHC,US,The Kraft Heinz Company - Common Stock,nasdaq_trader
KIDS,US,OrthoPediatrics Corp. - Common Stock,nasdaq_trader
KIDZ,US,KIDZ AI Inc. - Class B Common Stock,nasdaq_trader
KIM,US,Kimco Realty Corporation (HC) Common Stock,nasdaq_trader
KINS,US,"Kingstone Companies, Inc - Common Stock",nasdaq_trader
KIO,US,KKR Income Opportunities Fund Common Shares,nasdaq_trader
KITT,US,"Nauticus Robotics, Inc. - Common stock",nasdaq_trader
KKR,US,KKR & Co. Inc. Common Stock,nasdaq_trader
KLAC,US,KLA Corporation  - Common Stock,nasdaq_trader
KLAR,US,Klarna Group plc Ordinary Shares,nasdaq_trader
KLC,US,"KinderCare Learning Companies, Inc. Common Stock",nasdaq_trader
KLIC,US,"Kulicke and Soffa Industries, Inc. - Common Stock",nasdaq_trader
KLRA,US,"Kailera Therapeutics, Inc. - Common stock",nasdaq_trader
KLRS,US,"Kalaris Therapeutics, Inc.  - Common Stock",nasdaq_trader
KLTR,US,"Kaltura, Inc. - Common Stock",nasdaq_trader
KLXE,US,"KLX Energy Services Holdings, Inc.  - Common Stock",nasdaq_trader
KMB,US,Kimberly-Clark Corporation - Common Stock,nasdaq_trader
KMDA,US,Kamada Ltd. - Ordinary Shares,nasdaq_trader
KMI,US,"Kinder Morgan, Inc. Common Stock",nasdaq_trader
KMPR,US,Kemper Corporation,nasdaq_trader
KMRK,US,K-Tech Solutions Company Limited - Class A Ordinary Shares,nasdaq_trader
KMT,US,Kennametal Inc. Common Stock,nasdaq_trader
KMTS,US,"Kestra Medical Technologies, Ltd. - Common Stock",nasdaq_trader
KMX,US,CarMax Inc,nasdaq_trader
KN,US,Knowles Corporation Common Stock,nasdaq_trader
KNDI,US,"Kandi Technologies Group, Inc. - Ordinary Shares",nasdaq_trader
KNF,US,Knife Riv Holding Co. Common Stock,nasdaq_trader
KNRX,US,KNOREX LTD. Class A Ordinary Shares,nasdaq_trader
KNSA,US,"Kiniksa Pharmaceuticals International, plc - Class A Ordinary Shares",nasdaq_trader
KNSL,US,"Kinsale Capital Group, Inc. Common Stock",nasdaq_trader
KNTK,US,Kinetik Holdings Inc. Class A Common Stock,nasdaq_trader
KNX,US,Knight-Swift Transportation Holdings Inc.,nasdaq_trader
KO,US,Coca-Cola Company (The) Common Stock,nasdaq_trader
KOD,US,Kodiak Sciences Inc - Common Stock,nasdaq_trader
KODK,US,Eastman Kodak Company Common New,nasdaq_trader
KOP,US,Koppers Holdings Inc. Common Stock,nasdaq_trader
KOPN,US,Kopin Corporation - Common Stock,nasdaq_trader
KORE,US,"KORE Group Holdings, Inc. Common Stock",nasdaq_trader
KOS,US,Kosmos Energy Ltd. Common Shares (DE),nasdaq_trader
KOSS,US,Koss Corporation - Common Stock,nasdaq_trader
KOYN,US,CSLM Digital Asset Acquisition Corp III - Class A Ordinary Shares,nasdaq_trader
KPET,US,KPET Ultra Paceline Corporation Class A Ordinary Shares,nasdaq_trader
KPLT,US,"Katapult Holdings, Inc. - Common Stock",nasdaq_trader
KPRX,US,"Kiora Pharmaceuticals, Inc.  - Common Stock",nasdaq_trader
KPTI,US,Karyopharm Therapeutics Inc. - Common Stock,nasdaq_trader
KR,US,Kroger Company (The) Common Stock,nasdaq_trader
KRAQ,US,KRAKacquisition Corp - Class A Ordinary Shares,nasdaq_trader
KRC,US,Kilroy Realty Corporation Common Stock,nasdaq_trader
KREF,US,KKR Real Estate Finance Trust Inc. Common Stock,nasdaq_trader
KRG,US,Kite Realty Group Trust Common Stock,nasdaq_trader
KRMD,US,"KORU Medical Systems, Inc. - Common Stock",nasdaq_trader
KRMN,US,Karman Holdings Inc. Common Stock,nasdaq_trader
KRNT,US,Kornit Digital Ltd. - Ordinary Shares,nasdaq_trader
KRNY,US,Kearny Financial - Common Stock,nasdaq_trader
KRO,US,Kronos Worldwide Inc Common Stock,nasdaq_trader
KROS,US,"Keros Therapeutics, Inc. - common stock",nasdaq_trader
KRRO,US,"Korro Bio, Inc. - Common Stock",nasdaq_trader
KRSP,US,Rice Acquisition Corporation 3 Class A Ordinary Shares,nasdaq_trader
KRSP-W,US,"Rice Acquisition Corporation 3 Redeemable warrants, each whole warrant exercisable for one Class A ordinary share at an exercise price of $11.50",nasdaq_trader
KRT,US,Karat Packaging Inc. - Common Stock,nasdaq_trader
KRUS,US,"Kura Sushi USA, Inc. - Class A Common Stock",nasdaq_trader
KRYS,US,"Krystal Biotech, Inc. - Common Stock",nasdaq_trader
KSCP,US,"Knightscope, Inc. - Class A Common Stock",nasdaq_trader
KSPI,US,Joint Stock Company Kaspi.kz - American Depository Shares,nasdaq_trader
KSS,US,Kohl's Corporation Common Stock,nasdaq_trader
KT,US,KT Corporation Common Stock,nasdaq_trader
KTB,US,"Kontoor Brands, Inc. Common Stock",nasdaq_trader
KTCC,US,Key Tronic Corporation - Common Stock,nasdaq_trader
KTF,US,DWS Municipal Income Trust,nasdaq_trader
KTN,US,Structured Products Corp 8.205% CorTS 8.205% Corporate Backed Trust Securities (CorTS),nasdaq_trader
KTOS,US,"Kratos Defense & Security Solutions, Inc. - Common Stock",nasdaq_trader
KTTA,US,Pasithea Therapeutics Corp. - Common Stock,nasdaq_trader
KTWO,US,K2 Capital Acquisition Corporation - Class A Ordinary Share,nasdaq_trader
KULR,US,"KULR Technology Group, Inc. Common Stock",nasdaq_trader
KURA,US,"Kura Oncology, Inc. - Common Stock",nasdaq_trader
KUST,US,"Kustom Entertainment, Inc. - Common Stock",nasdaq_trader
KVAC,US,Keen Vision Acquisition Corporation - Ordinary Shares,nasdaq_trader
KVHI,US,"KVH Industries, Inc. - Common Stock",nasdaq_trader
KVUE,US,Kenvue Inc. Common Stock,nasdaq_trader
KVYO,US,"Klaviyo, Inc. Series A Common Stock",nasdaq_trader
KWM,US,"K Wave Media, Ltd. - Ordinary Shares",nasdaq_trader
KWR,US,Quaker Houghton Common Stock,nasdaq_trader
KWY,US,Kingsway Corporation Common Stock,nasdaq_trader
KXIN,US,Kaixin Holdings - Ordinary Shares,nasdaq_trader
KYIV,US,Kyivstar Group Ltd. - Common Shares,nasdaq_trader
KYMR,US,"Kymera Therapeutics, Inc. - Common Stock",nasdaq_trader
KYN,US,"Kayne Anderson Energy Infrastructure Fund, Inc.",nasdaq_trader
KYNB,US,"Kyntra Bio, Inc. - Common Stock",nasdaq_trader
KYTX,US,"Kyverna Therapeutics, Inc. - Common Stock",nasdaq_trader
L,US,Loews Corporation Common Stock,nasdaq_trader
LAB,US,Standard BioTools Inc. - Common Stock,nasdaq_trader
LABT,US,Lakewood-Amedex Biotherapeutics Inc. - Common Stock,nasdaq_trader
LAC,US,Lithium Americas Corp. Common Shares,nasdaq_trader
LAD,US,"Lithia Motors, Inc. Common Stock",nasdaq_trader
LADR,US,Ladder Capital Corp Class A Common Stock,nasdaq_trader
LAES,US,SEALSQ Corp - Ordinary Shares,nasdaq_trader
LAFA,US,LaFayette Acquisition Corp. - Ordinary Share,nasdaq_trader
LAKE,US,"Lakeland Industries, Inc. - Common Stock",nasdaq_trader
LAMR,US,Lamar Advertising Company - Class A Common Stock,nasdaq_trader
LAND,US,Gladstone Land Corporation - Common Stock,nasdaq_trader
LANV,US,Lanvin Group Holdings Limited Ordinary Shares,nasdaq_trader
LAR,US,Lithium Argentina AG Common Shares,nasdaq_trader
LARK,US,Landmark Bancorp Inc. - Common Stock,nasdaq_trader
LASE,US,Laser Photonics Corporation - Common Stock,nasdaq_trader
LASR,US,"nLIGHT, Inc. - Common Stock",nasdaq_trader
LATA,US,Galata Acquisition Corp. II - Class A Ordinary Shares,nasdaq_trader
LAUR,US,"Laureate Education, Inc. - Common Stock",nasdaq_trader
LAW,US,"CS Disco, Inc. Common Stock",nasdaq_trader
LAWR,US,"Robot Consulting Co., Ltd. - ADS",nasdaq_trader
LAZ,US,"Lazard, Inc. Common Stock",nasdaq_trader
LB,US,LandBridge Company LLC Class A Shares Representing Limited Liability Company Interests,nasdaq_trader
LBGJ,US,Li Bang International Corporation Inc. - Class A Ordinary Shares,nasdaq_trader
LBRDA,US,Liberty Broadband Corporation - Class A Common Stock,nasdaq_trader
LBRDK,US,Liberty Broadband Corporation - Class C Common Stock,nasdaq_trader
LBRT,US,Liberty Energy Inc. Class A common stock,nasdaq_trader
LBRX,US,LB Pharmaceuticals Inc - Common Stock,nasdaq_trader
LBTYA,US,Liberty Global Ltd. - Class A Common Shares,nasdaq_trader
LBTYB,US,Liberty Global Ltd. - Class B Common Shares,nasdaq_trader
LBTYK,US,Liberty Global Ltd. - Class C Common Shares,nasdaq_trader
LC,US,LendingClub Corporation Common Stock,nasdaq_trader
LCCC,US,Lakeshore Acquisition III Corp. - Ordinary Shares,nasdaq_trader
LCFY,US,Locafy Limited - Ordinary Share,nasdaq_trader
LCID,US,"Lucid Group, Inc. - Common Stock",nasdaq_trader
LCII,US,LCI Industries,nasdaq_trader
LCLN,US,"Lincoln International, Inc. Class A Common Stock",nasdaq_trader
LCNB,US,LCNB Corporation - Common Stock,nasdaq_trader
LCTX,US,"Lineage Cell Therapeutics, Inc. Common Stock",nasdaq_trader
LCUT,US,"Lifetime Brands, Inc. - Common Stock",nasdaq_trader
LDI,US,"loanDepot, Inc. Class A Common Stock",nasdaq_trader
LDOS,US,"Leidos Holdings, Inc. Common Stock",nasdaq_trader
LE,US,"Lands' End, Inc. - Common Stock",nasdaq_trader
LEA,US,Lear Corporation Common Stock,nasdaq_trader
LECO,US,"Lincoln Electric Holdings, Inc. - Common Shares",nasdaq_trader
LEDS,US,SemiLEDS Corporation - Common Stock,nasdaq_trader
LEE,US,"Lee Enterprises, Incorporated - Common Stock",nasdaq_trader
LEG,US,"Leggett & Platt, Incorporated Common Stock",nasdaq_trader
LEGH,US,Legacy Housing Corporation - Common Stock,nasdaq_trader
LEGO,US,Legato Merger Corp. IV Ordinary Shares,nasdaq_trader
LEN,US,Lennar Corporation Class A Common Stock,nasdaq_trader
LEN-B,US,Lennar Corporation Class B,nasdaq_trader
LENZ,US,"LENZ Therapeutics, Inc. - Common Stock",nasdaq_trader
LEO,US,"BNY Mellon Strategic Municipals, Inc. Common Stock",nasdaq_trader
LESL,US,"Leslie's, Inc. - Common Stock",nasdaq_trader
LEU,US,Centrus Energy Corp. Class A Common Stock,nasdaq_trader
LEVI,US,Levi Strauss & Co Class A Common Stock,nasdaq_trader
LEXX,US,Lexaria Bioscience Corp. - Common Stock,nasdaq_trader
LFAC,US,Leapfrog Acquisition Corporation - Class A Ordinary Shares,nasdaq_trader
LFCR,US,"Lifecore Biomedical, Inc. - Common Stock",nasdaq_trader
LFMD,US,"LifeMD, Inc. - Common Stock",nasdaq_trader
LFST,US,"LifeStance Health Group, Inc. - Common Stock",nasdaq_trader
LFT,US,"Lument Finance Trust, Inc. Common Stock",nasdaq_trader
LFTO,US,"Liftoff Mobile, Inc. - Common Stock",nasdaq_trader
LFUS,US,"Littelfuse, Inc. - Common Stock",nasdaq_trader
LFVN,US,Lifevantage Corporation - Common Stock,nasdaq_trader
LFWD,US,Lifeward Ltd. - Ordinary Shares,nasdaq_trader
LGCL,US,Lucas GC Limited - Class A Ordinary Shares,nasdaq_trader
LGCY,US,Legacy Education Inc. Common Stock,nasdaq_trader
LGI,US,Lazard Global Total Return and Income Fund Common Stock,nasdaq_trader
LGIH,US,"LGI Homes, Inc. - Common Stock",nasdaq_trader
LGL,US,"LGL Group, Inc. (The) Common Stock",nasdaq_trader
LGN,US,Legence Corp. - Class A Common stock,nasdaq_trader
LGND,US,Ligand Pharmaceuticals Incorporated - Common Stock,nasdaq_trader
LGO,US,Largo Inc. - Common Shares,nasdaq_trader
LGPS,US,LogProstyle Inc. Common Shares,nasdaq_trader
LGVN,US,Longeveron Inc. - Class A Common stock,nasdaq_trader
LH,US,Labcorp Holdings Inc. Common Stock,nasdaq_trader
LHAI,US,Linkhome Holdings Inc. - Common stock,nasdaq_trader
LHSW,US,Lianhe Sowell International Group Ltd - Class A Ordinary Shares,nasdaq_trader
LHX,US,"L3Harris Technologies, Inc. Common Stock",nasdaq_trader
LICN,US,Lichen International Limited - Class A Ordinary Shares,nasdaq_trader
LIDR,US,"AEye, Inc. - Class A Common Stock",nasdaq_trader
LIEN,US,"Chicago Atlantic BDC, Inc. - Common Stock",nasdaq_trader
LIF,US,"Life360, Inc. - Common Stock",nasdaq_trader
LIFE,US,Ethos Technologies Inc. - Class A Common Stock,nasdaq_trader
LII,US,"Lennox International, Inc. Common Stock",nasdaq_trader
LILA,US,Liberty Latin America Ltd. - Class A Common Stock,nasdaq_trader
LILAK,US,Liberty Latin America Ltd. - Class C Common Stock,nasdaq_trader
LILAP,US,Liberty Latin America Ltd. - 9.0% Fixed Rate Cumulative Perpetual Redeemable Series A Preference Shares,nasdaq_trader
LIMN,US,"Liminatus Pharma, Inc. - Class A Common Stock",nasdaq_trader
LIN,US,Linde plc - Ordinary Shares,nasdaq_trader
LINC,US,Lincoln Educational Services Corporation - Common Stock,nasdaq_trader
LIND,US,Lindblad Expeditions Holdings Inc.  - Common Stock,nasdaq_trader
LINE,US,"Lineage, Inc. - Common Stock",nasdaq_trader
LINK,US,"Interlink Electronics, Inc. - Common Stock",nasdaq_trader
LION,US,Lionsgate Studios Corp Common Shares,nasdaq_trader
LIQT,US,"LiqTech International, Inc. - Common Stock",nasdaq_trader
LITE,US,Lumentum Holdings Inc. - Common Stock,nasdaq_trader
LITS,US,"Lite Strategy, Inc. - Common Stock",nasdaq_trader
LIVE,US,Live Ventures Incorporated - Common Stock,nasdaq_trader
LIVN,US,LivaNova PLC - Ordinary Shares,nasdaq_trader
LIXT,US,"Lixte Biotechnology Holdings, Inc. - Common Stock",nasdaq_trader
LKFN,US,Lakeland Financial Corporation - Common Stock,nasdaq_trader
LKQ,US,LKQ Corporation - Common Stock,nasdaq_trader
LKSP,US,Lake Superior Acquisition Corp. - Class A Ordinary Shares,nasdaq_trader
LLY,US,Eli Lilly and Company Common Stock,nasdaq_trader
LLYVA,US,"Liberty Live Holdings, Inc. - Series A Liberty Live Group Common Stock",nasdaq_trader
LLYVK,US,"Liberty Live Holdings, Inc. - Series C Liberty Live Group Common Stock",nasdaq_trader
LMAT,US,"LeMaitre Vascular, Inc. - Common Stock",nasdaq_trader
LMB,US,"Limbach Holdings, Inc. - Common Stock",nasdaq_trader
LMFA,US,"LM Funding America, Inc. - Common Stock",nasdaq_trader
LMND,US,"Lemonade, Inc. Common Stock",nasdaq_trader
LMNR,US,Limoneira Co - Common Stock,nasdaq_trader
LMRI,US,"Lumexa Imaging Holdings, Inc. - Common Stock",nasdaq_trader
LMT,US,Lockheed Martin Corporation Common Stock,nasdaq_trader
LNAI,US,Lunai Bioworks Inc. - Common Stock,nasdaq_trader
LNC,US,Lincoln National Corporation Common Stock,nasdaq_trader
LND,US,Brasilagro Brazilian Agric Real Estate Co Sponsored ADR (Brazil),nasdaq_trader
LNG,US,"Cheniere Energy, Inc. Common Stock",nasdaq_trader
LNKS,US,Linkers Industries Limited - Class A Ordinary Shares,nasdaq_trader
LNN,US,Lindsay Corporation Common Stock,nasdaq_trader
LNSR,US,"LENSAR, Inc. - Common Stock",nasdaq_trader
LNT,US,Alliant Energy Corporation - Common Stock,nasdaq_trader
LNTH,US,"Lantheus Holdings, Inc. - Common Stock",nasdaq_trader
LNZA,US,"LanzaTech Global, Inc. - Common Stock",nasdaq_trader
LOAN,US,"Manhattan Bridge Capital, Inc - Common Stock",nasdaq_trader
LOAR,US,Loar Holdings Inc. Common Stock,nasdaq_trader
LOB,US,"Live Oak Bancshares, Inc. Common Stock",nasdaq_trader
LOBO,US,LOBO TECHNOLOGIES LTD. - Class A Ordinary Shares,nasdaq_trader
LOCL,US,Local Bounti Corporation Common Stock,nasdaq_trader
LOCO,US,"El Pollo Loco Holdings, Inc. - Common Stock",nasdaq_trader
LODE,US,Comstock Inc. Common Stock,nasdaq_trader
LOGI,US,Logitech International S.A. - Registered Shares,nasdaq_trader
LOKV,US,Live Oak Acquisition Corp. V - Class A Ordinary Shares,nasdaq_trader
LOMA,US,Loma Negra Compania Industrial Argentina Sociedad Anonima ADS,nasdaq_trader
LONA,US,"LeonaBio, Inc. - Common Stock",nasdaq_trader
LOOP,US,"Loop Industries, Inc. - Common Stock",nasdaq_trader
LOPE,US,"Grand Canyon Education, Inc. - Common Stock",nasdaq_trader
LOVE,US,The Lovesac Company - Common Stock,nasdaq_trader
LOW,US,"Lowe's Companies, Inc. Common Stock",nasdaq_trader
LPA,US,Logistic Properties of the Americas Ordinary Shares,nasdaq_trader
LPAA,US,Launch One Acquisition Corp. - Class A Ordinary Shares,nasdaq_trader
LPBB,US,Launch Two Acquisition Corp. - Class A Ordinary Shares,nasdaq_trader
LPCN,US,Lipocine Inc. - Common Stock,nasdaq_trader
LPCV,US,Launchpad Cadenza Acquisition Corp I - Class A Ordinary Share,nasdaq_trader
LPG,US,Dorian LPG Ltd. Common Stock,nasdaq_trader
LPL,US,"LG Display Co, Ltd AMERICAN DEPOSITORY SHARES",nasdaq_trader
LPLA,US,LPL Financial Holdings Inc. - Common Stock,nasdaq_trader
LPRO,US,Open Lending Corporation - Common Stock,nasdaq_trader
LPSN,US,"LivePerson, Inc. - Common Stock",nasdaq_trader
LPTH,US,"LightPath Technologies, Inc. - Class A Common Stock",nasdaq_trader
LPX,US,Louisiana-Pacific Corporation Common Stock,nasdaq_trader
LQDA,US,Liquidia Corporation - Common Stock,nasdaq_trader
LQDT,US,"Liquidity Services, Inc. - Common Stock",nasdaq_trader
LRCX,US,Lam Research Corporation - Common Stock,nasdaq_trader
LRHC,US,La Rosa Holdings Corp. - Common Stock,nasdaq_trader
LRMR,US,"Larimar Therapeutics, Inc. - Common Stock",nasdaq_trader
LRN,US,"Stride, Inc. Common Stock",nasdaq_trader
LSAK,US,"Lesaka Technologies, Inc. - Common Stock",nasdaq_trader
LSBK,US,"Lake Shore Bancorp, Inc. - Common Stock",nasdaq_trader
LSCC,US,Lattice Semiconductor Corporation - Common Stock,nasdaq_trader
LSE,US,"Leishen Energy Holding Co., Ltd. - Class A Ordinary Shares",nasdaq_trader
LSF,US,"Laird Superfood, Inc. Common Stock",nasdaq_trader
LSH,US,Lakeside Holding Limited - Common Stock,nasdaq_trader
LSPD,US,Lightspeed Commerce Inc. Subordinate Voting Shares,nasdaq_trader
LSTA,US,"Lisata Therapeutics, Inc. - Common Stock",nasdaq_trader
LSTR,US,"Landstar System, Inc. - Common Stock",nasdaq_trader
LTBR,US,Lightbridge Corporation - Common Stock,nasdaq_trader
LTC,US,"LTC Properties, Inc. Common Stock",nasdaq_trader
LTH,US,"Life Time Group Holdings, Inc. Common Stock",nasdaq_trader
LTRN,US,Lantern Pharma Inc. - Common Stock,nasdaq_trader
LTRX,US,"Lantronix, Inc. - Common Stock",nasdaq_trader
LUCD,US,Lucid Diagnostics Inc. - Common Stock,nasdaq_trader
LUCK,US,Lucky Strike Entertainment Corporation Class A Common Stock,nasdaq_trader
LUCY,US,"Innovative Eyewear, Inc. - Common Stock",nasdaq_trader
LUD,US,Luda Technology Group Limited Ordinary Shares,nasdaq_trader
LULU,US,lululemon athletica inc. - Common Stock,nasdaq_trader
LUMN,US,"Lumen Technologies, Inc. Common Stock",nasdaq_trader
LUNG,US,Pulmonx Corporation - Common Stock,nasdaq_trader
LUNR,US,"Intuitive Machines, Inc. - Class A Common Stock",nasdaq_trader
LUV,US,Southwest Airlines Company Common Stock,nasdaq_trader
LVLU,US,"Lulu's Fashion Lounge Holdings, Inc. - Common Stock",nasdaq_trader
LVO,US,"LiveOne, Inc. - Common Stock",nasdaq_trader
LVS,US,Las Vegas Sands Corp. Common Stock,nasdaq_trader
LVWR,US,"LiveWire Group, Inc. Common Stock",nasdaq_trader
LW,US,"Lamb Weston Holdings, Inc. Common Stock",nasdaq_trader
LWAC,US,LightWave Acquisition Corp. - Class A Ordinary Shares,nasdaq_trader
LWAY,US,"Lifeway Foods, Inc. - Common Stock",nasdaq_trader
LWLG,US,"Lightwave Logic, Inc. - Common Stock",nasdaq_trader
LXEO,US,"Lexeo Therapeutics, Inc. - Common Stock",nasdaq_trader
LXFR,US,Luxfer Holdings PLC Ordinary Shares,nasdaq_trader
LXP,US,LXP Industrial Trust Common Stock (Maryland REIT),nasdaq_trader
LXRX,US,"Lexicon Pharmaceuticals, Inc. - Common Stock",nasdaq_trader
LXU,US,"LSB Industries, Inc. Common Stock",nasdaq_trader
LYB,US,LyondellBasell Industries NV Ordinary Shares Class A (Netherlands),nasdaq_trader
LYEL,US,"Lyell Immunopharma, Inc. - Common Stock",nasdaq_trader
LYFT,US,"Lyft, Inc. - Class A Common Stock",nasdaq_trader
LYTS,US,LSI Industries Inc. - Common Stock,nasdaq_trader
LYV,US,"Live Nation Entertainment, Inc. Common Stock",nasdaq_trader
LZ,US,"LegalZoom.com, Inc. - Common Stock",nasdaq_trader
LZB,US,La-Z-Boy Incorporated Common Stock,nasdaq_trader
LZM,US,Lifezone Metals Limited Ordinary Shares,nasdaq_trader
LZMH,US,LZ Technology Holdings Limited - Class B Ordinary Shares,nasdaq_trader
M,US,Macy's Inc Common Stock,nasdaq_trader
MA,US,Mastercard Incorporated Common Stock,nasdaq_trader
MAA,US,"Mid-America Apartment Communities, Inc. Common Stock",nasdaq_trader
MAAS,US,Maase Inc. - Class A Ordinary Shares,nasdaq_trader
MAC,US,Macerich Company (The) Common Stock,nasdaq_trader
MACI,US,Melar Acquisition Corp. I - Class A Ordinary Shares,nasdaq_trader
MAGH,US,Magnitude International Ltd - Ordinary Shares,nasdaq_trader
MAGN,US,Magnera Corporation Common Stock,nasdaq_trader
MAIA,US,"MAIA Biotechnology, Inc. Common Stock",nasdaq_trader
MAIN,US,Main Street Capital Corporation Common Stock,nasdaq_trader
MAIR,US,Madison Air Solutions Corporation Class A Common Stock,nasdaq_trader
MAKO,US,Mako Mining Corp - Common Stock,nasdaq_trader
MAMA,US,"Mama's Creations, Inc. - Common Stock",nasdaq_trader
MAMK,US,MaxsMaking Inc. - Class A Ordinary Shares,nasdaq_trader
MAMO,US,Massimo Group - Common Stock,nasdaq_trader
MAN,US,ManpowerGroup Common Stock,nasdaq_trader
MANE,US,"Veradermics, Incorporated Common Stock",nasdaq_trader
MANH,US,"Manhattan Associates, Inc. - Common Stock",nasdaq_trader
MAR,US,Marriott International - Class A Common Stock,nasdaq_trader
MARA,US,"MARA Holdings, Inc. - Common Stock",nasdaq_trader
MAS,US,Masco Corporation Common Stock,nasdaq_trader
MASK,US,3 E Network Technology Group Ltd - Class A Ordinary Shares,nasdaq_trader
MASS,US,908 Devices Inc. - Common Stock,nasdaq_trader
MAT,US,"Mattel, Inc. - Common Stock",nasdaq_trader
MATH,US,Metalpha Technology Holding Limited - Ordinary Shares,nasdaq_trader
MATV,US,"Mativ Holdings, Inc. Common Stock",nasdaq_trader
MATW,US,Matthews International Corporation - Class A Common Stock,nasdaq_trader
MATX,US,"Matson, Inc. Common Stock",nasdaq_trader
MAX,US,"MediaAlpha, Inc. Class A Common Stock",nasdaq_trader
MAYS,US,"J. W. Mays, Inc. - Common Stock",nasdaq_trader
MAZE,US,"Maze Therapeutics, Inc. - Common Stock",nasdaq_trader
MB,US,MasterBeef Group - Ordinary Shares,nasdaq_trader
MBAI,US,Check-Cap Ltd. - Ordinary Share,nasdaq_trader
MBAV,US,M3-Brigade Acquisition V Corp. - Class A Ordinary shares,nasdaq_trader
MBBC,US,"Marathon Bancorp, Inc. - Common Stock",nasdaq_trader
MBC,US,"MasterBrand, Inc. Common Stock",nasdaq_trader
MBI,US,MBIA Inc. Common Stock,nasdaq_trader
MBIN,US,Merchants Bancorp - Common Stock,nasdaq_trader
MBIO,US,"Mustang Bio, Inc. - Common Stock",nasdaq_trader
MBLY,US,Mobileye Global Inc. - Class A Common Stock,nasdaq_trader
MBOT,US,Microbot Medical Inc.  - Common Stock,nasdaq_trader
MBRX,US,"Moleculin Biotech, Inc. - Common Stock",nasdaq_trader
MBUU,US,"Malibu Boats, Inc. - Common Stock",nasdaq_trader
MBVI,US,M3-Brigade Acquisition VI Corp. - Class A Ordinary Shares,nasdaq_trader
MBWM,US,Mercantile Bank Corporation - Common Stock,nasdaq_trader
MBX,US,"MBX Biosciences, Inc. - Common Stock",nasdaq_trader
MC,US,Moelis & Company Class A Common Stock,nasdaq_trader
MCB,US,Metropolitan Bank Holding Corp. Common Stock,nasdaq_trader
MCBS,US,"MetroCity Bankshares, Inc. - Common Stock",nasdaq_trader
MCD,US,McDonald's Corporation Common Stock,nasdaq_trader
MCFT,US,"MasterCraft Boat Holdings, Inc. - Common Stock",nasdaq_trader
MCGA,US,Yorkville Acquisition Corp. - Class A Ordinary Share,nasdaq_trader
MCHB,US,Mechanics Bancorp - Class A Common Stock,nasdaq_trader
MCHP,US,Microchip Technology Incorporated - Common Stock,nasdaq_trader
MCHX,US,"Marchex, Inc. - Class B Common Stock",nasdaq_trader
MCI,US,Barings Corporate Investors Common Stock,nasdaq_trader
MCK,US,McKesson Corporation Common Stock,nasdaq_trader
MCN,US,XAI Madison Equity Premium Income Fund Common Shares,nasdaq_trader
MCO,US,Moody's Corporation Common Stock,nasdaq_trader
MCR,US,MFS Charter Income Trust Common Stock,nasdaq_trader
MCRB,US,"Seres Therapeutics, Inc. - Common Stock",nasdaq_trader
MCRI,US,"Monarch Casino & Resort, Inc. - Common Stock",nasdaq_trader
MCRP,US,Micropolis AI Robotics Ordinary Shares,nasdaq_trader
MCS,US,Marcus Corporation (The) Common Stock,nasdaq_trader
MCTA,US,Charming Medical Limited - Class A Ordinary Shares,nasdaq_trader
MCY,US,Mercury General Corporation Common Stock,nasdaq_trader
MD,US,"Pediatrix Medical Group, Inc. Common Stock",nasdaq_trader
MDA,US,MDA Space Ltd. Common Shares,nasdaq_trader
MDAI,US,"Spectral AI, Inc. - Class A Common Stock",nasdaq_trader
MDB,US,"MongoDB, Inc. - Class A Common Stock",nasdaq_trader
MDBH,US,"MDB Capital Holdings, LLC - Class A common",nasdaq_trader
MDCX,US,Medicus Pharma Ltd. - Common Stock,nasdaq_trader
MDGL,US,"Madrigal Pharmaceuticals, Inc. - Common Stock",nasdaq_trader
MDIA,US,Mediaco Holding Inc. - Class A Common Stock,nasdaq_trader
MDLN,US,Medline Inc. - Class A common stock,nasdaq_trader
MDLZ,US,"Mondelez International, Inc. - Class A Common Stock",nasdaq_trader
MDRR,US,"Medalist Diversified, Inc. - Common Stock",nasdaq_trader
MDT,US,Medtronic plc. Ordinary Shares,nasdaq_trader
MDU,US,"MDU Resources Group, Inc. Common Stock (Holding Company)",nasdaq_trader
MDV,US,"Modiv Industrial, Inc. Class C Common Stock",nasdaq_trader
MDWD,US,MediWound Ltd. - Ordinary Shares,nasdaq_trader
MDXG,US,"MiMedx Group, Inc - Common Stock",nasdaq_trader
MDXH,US,MDxHealth SA - Ordinary Shares,nasdaq_trader
MEC,US,"Mayville Engineering Company, Inc. Common Stock",nasdaq_trader
MED,US,MEDIFAST INC Common Stock,nasdaq_trader
MEDP,US,"Medpace Holdings, Inc. - Common Stock",nasdaq_trader
MEGI,US,NYLI CBRE Global Infrastructure Megatrends Term Fund Common Shares,nasdaq_trader
MEGL,US,Magic Empire Global Limited - Class A Ordinary Shares,nasdaq_trader
MEI,US,"Methode Electronics, Inc. Common Stock",nasdaq_trader
MELI,US,"MercadoLibre, Inc. - Common Stock",nasdaq_trader
MENS,US,Jyong Biotech Ltd. - Ordinary shares,nasdaq_trader
MEOH,US,Methanex Corporation - Common Stock,nasdaq_trader
MERC,US,Mercer International Inc. - Common Stock,nasdaq_trader
MESH,US,Meshflow Acquisition Corp. - Class A Ordinary Shares,nasdaq_trader
MET,US,"MetLife, Inc. Common Stock",nasdaq_trader
META,US,"Meta Platforms, Inc. - Class A Common Stock",nasdaq_trader
METC,US,"Ramaco Resources, Inc. - Class A Common Stock",nasdaq_trader
METCB,US,"Ramaco Resources, Inc. - Class B Common Stock",nasdaq_trader
MEVO,US,M Evo Global Acquisition Corp II - Class A Ordinary Shares,nasdaq_trader
MFA,US,"MFA Financial, Inc.",nasdaq_trader
MFC,US,Manulife Financial Corporation Common Stock,nasdaq_trader
MFG,US,"Mizuho Financial Group, Inc. Sponosred ADR (Japan)",nasdaq_trader
MFI,US,mF International Limited - Class A Ordinary Shares,nasdaq_trader
MFIC,US,MidCap Financial Investment Corporation - Closed End Fund,nasdaq_trader
MFIN,US,Medallion Financial Corp. - Common Stock,nasdaq_trader
MFM,US,Aberdeen Municipal Income Fund Common Shares of Beneficial Interest,nasdaq_trader
MG,US,Mistras Group Inc Common Stock,nasdaq_trader
MGA,US,"Magna International, Inc. Common Stock",nasdaq_trader
MGEE,US,MGE Energy Inc. - Common Stock,nasdaq_trader
MGF,US,MFS Government Markets Income Trust Common Stock,nasdaq_trader
MGIH,US,Millennium Group International Holdings Limited - Ordinary Shares,nasdaq_trader
MGLD,US,"The Marygold Companies, Inc. Common Stock",nasdaq_trader
MGM,US,MGM Resorts International Common Stock,nasdaq_trader
MGN,US,Megan Holdings Limited - Class A Ordinary Shares,nasdaq_trader
MGNI,US,"Magnite, Inc. - Common Stock",nasdaq_trader
MGNX,US,"MacroGenics, Inc. - Common Stock",nasdaq_trader
MGPI,US,"MGP Ingredients, Inc. - Common Stock",nasdaq_trader
MGRC,US,McGrath RentCorp - Common Stock,nasdaq_trader
MGRT,US,Mega Fortune Company Limited - Ordinary Shares,nasdaq_trader
MGRX,US,"Mangoceuticals, Inc. - Common Stock",nasdaq_trader
MGTX,US,MeiraGTx Holdings plc - Ordinary Shares,nasdaq_trader
MGX,US,"Metagenomi Therapeutics, Inc. - Common Stock",nasdaq_trader
MGY,US,Magnolia Oil & Gas Corporation Class A Common Stock,nasdaq_trader
MGYR,US,"Magyar Bancorp, Inc. - Common Stock",nasdaq_trader
MH,US,"McGraw Hill, Inc. Common Stock",nasdaq_trader
MHD,US,"Blackrock MuniHoldings Fund, Inc. Common Stock",nasdaq_trader
MHF,US,"Western Asset Municipal High Income Fund, Inc. Common Stock",nasdaq_trader
MHH,US,"Mastech Digital, Inc Common Stock",nasdaq_trader
MHK,US,"Mohawk Industries, Inc. Common Stock",nasdaq_trader
MHO,US,"M/I Homes, Inc. Common Stock",nasdaq_trader
MI,US,NFT Limited Class A Ordinary Share,nasdaq_trader
MIAX,US,"Miami International Holdings, Inc. Common Stock",nasdaq_trader
MICC,US,The Magnum Ice Cream Company N.V. Ordinary Shares,nasdaq_trader
MIDD,US,The Middleby Corporation - Common Stock,nasdaq_trader
MIMI,US,Mint Incorporation Limited - Class A Ordinary Shares,nasdaq_trader
MIN,US,MFS Intermediate Income Trust Common Stock,nasdaq_trader
MIND,US,"MIND Technology, Inc. - Common Stock",nasdaq_trader
MINE,US,Mayfair Gold Corp. Common Shares,nasdaq_trader
MIR,US,"Mirion Technologies, Inc. Class A Common Stock",nasdaq_trader
MIRA,US,"MIRA Pharmaceuticals, Inc. - Common Stock",nasdaq_trader
MIRM,US,"Mirum Pharmaceuticals, Inc. - common stock",nasdaq_trader
MIST,US,Milestone Pharmaceuticals Inc. - Common Shares,nasdaq_trader
MITK,US,"Mitek Systems, Inc. - Common Stock",nasdaq_trader
MITQ,US,"Moving iMage Technologies, Inc. Common Stock",nasdaq_trader
MITT,US,"TPG Mortgage Investment Trust, Inc. Common Stock",nasdaq_trader
MIY,US,"Blackrock MuniYield Michigan Quality Fund, Inc. Common Stock",nasdaq_trader
MKC,US,"McCormick & Company, Incorporated Common Stock",nasdaq_trader
MKC-V,US,"McCormick & Company, Incorporated Common Stock",nasdaq_trader
MKDW,US,MKDWELL Tech Inc. - Ordinary Shares,nasdaq_trader
MKL,US,Markel Group Inc. Common Stock,nasdaq_trader
MKLY,US,McKinley Acquisition Corporation - Class A Ordinary Shares,nasdaq_trader
MKSI,US,MKS Inc. - Common Stock,nasdaq_trader
MKTW,US,"MarketWise, Inc. - Class A Common Stock",nasdaq_trader
MKTX,US,"MarketAxess Holdings, Inc. - Common Stock",nasdaq_trader
MKZR,US,"MacKenzie Realty Capital, Inc. - Common Stock",nasdaq_trader
MLAA,US,Mountain Lake Acquisition Corp. II - Class A Ordinary Shares,nasdaq_trader
MLAB,US,"Mesa Laboratories, Inc. - Common Stock",nasdaq_trader
MLCI,US,Mount Logan Capital Inc. - Common Stock,nasdaq_trader
MLEC,US,Moolec Science SA - Ordinary Shares,nasdaq_trader
MLGO,US,"MicroAlgo, Inc. - Ordinary Shares",nasdaq_trader
MLI,US,"Mueller Industries, Inc. Common Stock",nasdaq_trader
MLKN,US,"MillerKnoll, Inc. - Common Stock",nasdaq_trader
MLM,US,"Martin Marietta Materials, Inc. Common Stock",nasdaq_trader
MLP,US,"Maui Land & Pineapple Company, Inc. Common Stock",nasdaq_trader
MLPB,US,"ETRACS Alerian MLP Infrastructure Index ETN Series B due April 2, 2040",nasdaq_trader
MLR,US,"Miller Industries, Inc. Common Stock",nasdaq_trader
MLSS,US,"Milestone Scientific, Inc. Common Stock",nasdaq_trader
MLTX,US,MoonLake Immunotherapeutics - Class A Ordinary Shares,nasdaq_trader
MLYS,US,"Mineralys Therapeutics, Inc. - Common Stock",nasdaq_trader
MMA,US,Mixed Martial Arts Group Limited Ordinary Shares,nasdaq_trader
MMD,US,NYLI MacKay DefinedTerm Muni Opportunities Fund Common Shares,nasdaq_trader
MMED,US,"MiniMed Group, Inc. - Common Stock",nasdaq_trader
MMI,US,"Marcus & Millichap, Inc. Common Stock",nasdaq_trader
MMM,US,3M Company Common Stock,nasdaq_trader
MMS,US,"Maximus, Inc. Common Stock",nasdaq_trader
MMSI,US,"Merit Medical Systems, Inc. - Common Stock",nasdaq_trader
MMT,US,MFS Multimarket Income Trust Common Stock,nasdaq_trader
MMTX,US,Miluna Acquisition Corp - Class A Ordinary Shares,nasdaq_trader
MMU,US,"Western Asset Managed Municipals Fund, Inc. Common Stock",nasdaq_trader
MMYT,US,MakeMyTrip Limited - Ordinary Shares,nasdaq_trader
MNDO,US,MIND C.T.I. Ltd. - Ordinary Shares,nasdaq_trader
MNDR,US,Mobile-health Network Solutions - Class A Ordinary Shares,nasdaq_trader
MNDY,US,monday.com Ltd. - Ordinary Shares,nasdaq_trader
MNKD,US,MannKind Corporation - Common Stock,nasdaq_trader
MNOV,US,"MediciNova, Inc. - Common Stock",nasdaq_trader
MNPR,US,Monopar Therapeutics Inc. - Common Stock,nasdaq_trader
MNRO,US,"Monro, Inc.  - Common Stock",nasdaq_trader
MNSB,US,"MainStreet Bancshares, Inc. - Common Stock",nasdaq_trader
MNST,US,Monster Beverage Corporation - Common Stock,nasdaq_trader
MNTK,US,"Montauk Renewables, Inc. - Common Stock",nasdaq_trader
MNTN,US,"MNTN, Inc. Class A Common Stock",nasdaq_trader
MNTS,US,Momentus Inc. - Class A Common Stock,nasdaq_trader
MNY,US,MoneyHero Limited - Class A Ordinary Shares,nasdaq_trader
MO,US,"Altria Group, Inc.",nasdaq_trader
MOB,US,Mobilicom Limited - Ordinary Shares,nasdaq_trader
MOBI,US,"Mobia Medical, Inc. - Common Stock",nasdaq_trader
MOBX,US,"Mobix Labs, Inc. - Class A Common Stock",nasdaq_trader
MOD,US,Modine Manufacturing Company Common Stock,nasdaq_trader
MODD,US,"Modular Medical, Inc. - common stock",nasdaq_trader
MOG-A,US,Moog Inc. Class A Common Stock,nasdaq_trader
MOG-B,US,Moog Inc. Class B Common Stock,nasdaq_trader
MOH,US,Molina Healthcare Inc Common Stock,nasdaq_trader
MORN,US,"Morningstar, Inc. - Common Stock",nasdaq_trader
MOS,US,Mosaic Company (The) Common Stock,nasdaq_trader
MOV,US,Movado Group Inc. Common Stock,nasdaq_trader
MOVE,US,"Corvex, Inc. - Common Stock",nasdaq_trader
MP,US,MP Materials Corp. Common Stock,nasdaq_trader
MPA,US,Blackrock MuniYield Pennsylvania Quality Fund Common Stock,nasdaq_trader
MPAA,US,"Motorcar Parts of America, Inc. - Common Stock",nasdaq_trader
MPB,US,Mid Penn Bancorp - Common Stock,nasdaq_trader
MPC,US,Marathon Petroleum Corporation Common Stock,nasdaq_trader
MPLT,US,"MapLight Therapeutics, Inc. - Common Stock",nasdaq_trader
MPT,US,"Medical Properties Trust, Inc. common stock",nasdaq_trader
MPTI,US,"M-tron Industries, Inc. Common Stock",nasdaq_trader
MPU,US,Mega Matrix Inc. Class A Ordinary Shares,nasdaq_trader
MPV,US,Barings Participation Investors Common Stock,nasdaq_trader
MPWR,US,"Monolithic Power Systems, Inc. - Common Stock",nasdaq_trader
MQ,US,"Marqeta, Inc. - Class A Common Stock",nasdaq_trader
MQY,US,"Blackrock MuniYield Quality Fund, Inc. Common Stock",nasdaq_trader
MRAM,US,"Everspin Technologies, Inc. - Common Stock",nasdaq_trader
MRBK,US,Meridian Corporation - Common Stock,nasdaq_trader
MRCY,US,Mercury Systems Inc - Common Stock,nasdaq_trader
MRDN,US,Meridian Holdings Inc. - Common Stock,nasdaq_trader
MRK,US,"Merck & Company, Inc. Common Stock (new)",nasdaq_trader
MRKR,US,"Marker Therapeutics, Inc. - Common Stock",nasdaq_trader
MRLN,US,"Merlin, Inc. - Common Stock",nasdaq_trader
MRNA,US,"Moderna, Inc. - Common Stock",nasdaq_trader
MRNO,US,Murano Global Investments PLC - Ordinary Shares,nasdaq_trader
MRP,US,"Millrose Properties, Inc. Class A Common Stock",nasdaq_trader
MRSH,US,Marsh Common Stock,nasdaq_trader
MRT,US,"Marti Technologies, Inc. Class A Ordinary Shares",nasdaq_trader
MRTN,US,"Marten Transport, Ltd. - Common Stock",nasdaq_trader
MRVI,US,"Maravai LifeSciences Holdings, Inc. - Class A common stock",nasdaq_trader
MRVL,US,"Marvell Technology, Inc. - Common Stock",nasdaq_trader
MRX,US,Marex Group plc - Ordinary Shares,nasdaq_trader
MS,US,Morgan Stanley Common Stock,nasdaq_trader
MSA,US,MSA Safety Incorporated Common Stock,nasdaq_trader
MSAI,US,"MultiSensor AI Holdings, Inc. - Common Stock",nasdaq_trader
MSB,US,Mesabi Trust Common Stock,nasdaq_trader
MSBI,US,"Midland States Bancorp, Inc. - Common Stock",nasdaq_trader
MSC,US,"Studio City International Holdings Limited American depositary shares, each representing four  Class A ordinary shares",nasdaq_trader
MSCI,US,MSCI Inc. Common Stock,nasdaq_trader
MSD,US,"Morgan Stanley Emerging Markets Debt Fund, Inc. Common Stock",nasdaq_trader
MSDL,US,Morgan Stanley Direct Lending Fund Common Stock,nasdaq_trader
MSEX,US,Middlesex Water Company - Common Stock,nasdaq_trader
MSFT,US,Microsoft Corporation - Common Stock,nasdaq_trader
MSGE,US,Madison Square Garden Entertainment Corp. Class A Common Stock,nasdaq_trader
MSGM,US,Motorsport Games Inc. - Class A Common Stock,nasdaq_trader
MSGS,US,Madison Square Garden Sports Corp. Class A Common Stock (New),nasdaq_trader
MSGY,US,Masonglory Limited - Ordinary Shares,nasdaq_trader
MSI,US,"Motorola Solutions, Inc. Common Stock",nasdaq_trader
MSIF,US,"MSC Income Fund, Inc. Common Stock",nasdaq_trader
MSLE,US,Satellos Bioscience Inc. - Common Stock,nasdaq_trader
MSM,US,"MSC Industrial Direct Company, Inc. Common Stock",nasdaq_trader
MSN,US,Emerson Radio Corporation Common Stock,nasdaq_trader
MSS,US,Maison Solutions Inc. - Class A Common Stock,nasdaq_trader
MSTR,US,Strategy Inc - Class A Common Stock,nasdaq_trader
MSW,US,Ming Shing Group Holdings Limited - Ordinary Shares,nasdaq_trader
MT,US,Arcelor Mittal NY Registry Shares NEW,nasdaq_trader
MTA,US,Metalla Royalty & Streaming Ltd. Common Shares,nasdaq_trader
MTAL,US,Metals Acquisition Corp. II Class A Ordinary Shares,nasdaq_trader
MTB,US,M&T Bank Corporation Common Stock,nasdaq_trader
MTC,US,"MMTec, Inc. - Common Shares",nasdaq_trader
MTCH,US,"Match Group, Inc. - Common Stock",nasdaq_trader
MTD,US,"Mettler-Toledo International, Inc. Common Stock",nasdaq_trader
MTDR,US,Matador Resources Company Common Stock,nasdaq_trader
MTEK,US,Maris-Tech Ltd. - ordinary shares,nasdaq_trader
MTEN,US,Mingteng International Corporation Inc. - Class A Ordinary Shares,nasdaq_trader
MTEX,US,"Mannatech, Incorporated - Common Stock",nasdaq_trader
MTG,US,MGIC Investment Corporation Common Stock,nasdaq_trader
MTH,US,Meritage Homes Corporation Common Stock,nasdaq_trader
MTN,US,"Vail Resorts, Inc. Common Stock",nasdaq_trader
MTNB,US,"Matinas Biopharma Holdings, Inc. Common Stock",nasdaq_trader
MTR,US,Mesa Royalty Trust Common Stock,nasdaq_trader
MTRN,US,Materion Corporation,nasdaq_trader
MTRX,US,Matrix Service Company - Common Stock,nasdaq_trader
MTSI,US,"MACOM Technology Solutions Holdings, Inc. - Common Stock",nasdaq_trader
MTUS,US,Metallus Inc. Common Shares,nasdaq_trader
MTVA,US,MetaVia Inc.  - Common Stock,nasdaq_trader
MTW,US,"Manitowoc Company, Inc. (The) Common Stock",nasdaq_trader
MTX,US,Minerals Technologies Inc. Common Stock,nasdaq_trader
MTZ,US,"MasTec, Inc. Common Stock",nasdaq_trader
MU,US,"Micron Technology, Inc. - Common Stock",nasdaq_trader
MUA,US,"Blackrock MuniAssets Fund, Inc Common Stock",nasdaq_trader
MUC,US,"Blackrock MuniHoldings California Quality Fund, Inc.  Common Stock",nasdaq_trader
MUFG,US,"Mitsubishi UFJ Financial Group, Inc. Common Stock",nasdaq_trader
MUJ,US,"Blackrock MuniHoldings New Jersey Quality Fund, Inc. Common Stock",nasdaq_trader
MUR,US,Murphy Oil Corporation Common Stock,nasdaq_trader
MUSA,US,Murphy USA Inc. Common Stock,nasdaq_trader
MUX,US,McEwen Inc. Common Stock,nasdaq_trader
MUZE,US,Muzero Acquisition Corp - Class A Ordinary Shares,nasdaq_trader
MVBF,US,MVB Financial Corp. - Common Stock,nasdaq_trader
MVIS,US,"MicroVision, Inc. - Common Stock",nasdaq_trader
MVST,US,"Microvast Holdings, Inc. - Common Stock",nasdaq_trader
MWA,US,MUELLER WATER PRODUCTS Common Stock,nasdaq_trader
MWG,US,Multi Ways Holdings Limited Class A Ordinary Shares,nasdaq_trader
MWH,US,"SOLV Energy, Inc. - Class A common stock",nasdaq_trader
MWYN,US,"Marwynn Holdings, Inc. - Common stock",nasdaq_trader
MX,US,Magnachip Semiconductor Corporation Common Stock,nasdaq_trader
MXC,US,Mexco Energy Corporation Common Stock,nasdaq_trader
MXCT,US,"MaxCyte, Inc. - Common Stock",nasdaq_trader
MXE,US,"Mexico Equity and Income Fund, Inc. (The) Common Stock",nasdaq_trader
MXF,US,"Mexico Fund, Inc. (The) Common Stock",nasdaq_trader
MXL,US,"MaxLinear, Inc - Common Stock",nasdaq_trader
MYE,US,"Myers Industries, Inc. Common Stock",nasdaq_trader
MYFW,US,"First Western Financial, Inc. - Common Stock",nasdaq_trader
MYGN,US,"Myriad Genetics, Inc. - Common Stock",nasdaq_trader
MYI,US,"Blackrock MuniYield Quality Fund III, Inc Common Stock",nasdaq_trader
MYN,US,"Blackrock MuniYield New York Quality Fund, Inc.Common Stock",nasdaq_trader
MYO,US,Myomo Inc. Common Stock,nasdaq_trader
MYPS,US,"PLAYSTUDIOS, Inc.  - Class A Common Stock",nasdaq_trader
MYRG,US,"MYR Group, Inc. - Common Stock",nasdaq_trader
MYSE,US,"Myseum.AI, Inc. - Common Stock",nasdaq_trader
MYSZ,US,"My Size, Inc. - Common Stock",nasdaq_trader
MYX,US,Maywood Acquisition Corp. 2 - Class A Ordinary Share,nasdaq_trader
MZTI,US,The Marzetti Company - Common Stock,nasdaq_trader
MZYX,US,MOZAYYX Acquisition Corp. Class A Ordinary Shares,nasdaq_trader
MZYX-W,US,"MOZAYYX Acquisition Corp. Redeemable warrants, each whole warrant exercisable for one Class A ordinary share at an exercise price of $11.50",nasdaq_trader
NA,US,Nano Labs Ltd - Class A Ordinary Shares,nasdaq_trader
NABL,US,"N-able, Inc. Common Stock",nasdaq_trader
NAC,US,Nuveen California Quality Municipal Income Fund,nasdaq_trader
NAD,US,Nuveen Quality Municipal Income Fund Common Stock,nasdaq_trader
NAGE,US,"Niagen Bioscience, Inc. - Common Stock",nasdaq_trader
NAII,US,"Natural Alternatives International, Inc. - Common Stock",nasdaq_trader
NAK,US,"Northern Dynasty Minerals, Ltd. Common Stock",nasdaq_trader
NAKA,US,Nakamoto Inc. - Common Stock,nasdaq_trader
NAMM,US,Namib Minerals - Ordinary Shares,nasdaq_trader
NAMS,US,NewAmsterdam Pharma Company N.V. - Ordinary Shares,nasdaq_trader
NAN,US,Nuveen New York Quality Municipal Income Fund Common Stock,nasdaq_trader
NAT,US,Nordic American Tankers Limited Common Stock,nasdaq_trader
NATH,US,"Nathan's Famous, Inc. - Common Stock",nasdaq_trader
NATL,US,NCR Atleos Corporation Common Stock,nasdaq_trader
NATR,US,"Nature's Sunshine Products, Inc. - Common Stock",nasdaq_trader
NAUT,US,"Nautilus Biotechnology, Inc. - Common Stock",nasdaq_trader
NAVI,US,Navient Corporation - Common Stock,nasdaq_trader
NAVN,US,"Navan, Inc. - Class A Common Stock",nasdaq_trader
NAZ,US,Nuveen Arizona Quality Municipal Income Fund Common Stock,nasdaq_trader
NB,US,NioCorp Developments Ltd. - Common Stock,nasdaq_trader
NBB,US,Nuveen Taxable Municipal Income Fund Common Shares of Beneficial Interest,nasdaq_trader
NBBK,US,"NB Bancorp, Inc. - Common Stock",nasdaq_trader
NBH,US,Neuberger Municipal Fund Inc. Common Stock,nasdaq_trader
NBHC,US,National Bank Holdings Corporation Common Stock,nasdaq_trader
NBIS,US,Nebius Group N.V. - Class A Ordinary Shares,nasdaq_trader
NBIX,US,"Neurocrine Biosciences, Inc. - Common Stock",nasdaq_trader
NBN,US,Northeast Bank - Common Stock,nasdaq_trader
NBR,US,Nabors Industries Ltd.,nasdaq_trader
NBRG,US,Newbridge Acquisition Limited - Class A Ordinary Share,nasdaq_trader
NBTB,US,NBT Bancorp Inc. - Common Stock,nasdaq_trader
NBTX,US,Nanobiotix S.A. - ADSs,nasdaq_trader
NBXG,US,Neuberger Next Generation Connectivity Fund Inc. Common Stock,nasdaq_trader
NC,US,"NACCO Industries, Inc. Common Stock",nasdaq_trader
NCA,US,Nuveen California Municipal Value Fund,nasdaq_trader
NCDL,US,Nuveen Churchill Direct Lending Corp. Common Stock,nasdaq_trader
NCEL,US,NewcelX Ltd. - Ordinary Shares,nasdaq_trader
NCEW,US,New Century Logistics (BVI) Limited - Ordinary Shares,nasdaq_trader
NCI,US,Neo-Concept International Group Holdings Limited - Class A Ordinary Shares,nasdaq_trader
NCL,US,Northann Corp. Common Stock,nasdaq_trader
NCLH,US,Norwegian Cruise Line Holdings Ltd. Ordinary Shares,nasdaq_trader
NCMI,US,"National CineMedia, Inc. - Common Stock",nasdaq_trader
NCNO,US,"nCino, Inc. - Common Stock",nasdaq_trader
NCPL,US,Netcapital Inc. - Common Stock,nasdaq_trader
NCPLW,US,Netcapital Inc. - warrants,nasdaq_trader
NCRA,US,"Nocera, Inc. - common stock",nasdaq_trader
NCSM,US,"NCS Multistage Holdings, Inc. - Common Stock",nasdaq_trader
NCT,US,Intercont (Cayman) Limited - Class A Ordinary shares,nasdaq_trader
NCTY,US,The9 Limited - American Depository Shares,nasdaq_trader
NCV,US,Virtus Convertible & Income Fund Common Shares of Beneficial Interest,nasdaq_trader
NCZ,US,Virtus Convertible & Income Fund II Common Shares of Beneficial Interest,nasdaq_trader
NDAQ,US,"Nasdaq, Inc. - Common Stock",nasdaq_trader
NDLS,US,Noodles & Company - Class A Common Stock,nasdaq_trader
NDMO,US,Nuveen Dynamic Municipal Opportunities Fund Common Shares of Beneficial Interest,nasdaq_trader
NDRA,US,ENDRA Life Sciences Inc. - Common Stock,nasdaq_trader
NDSN,US,Nordson Corporation - Common Stock,nasdaq_trader
NE,US,Noble Corporation plc A Ordinary Shares,nasdaq_trader
NEA,US,Nuveen AMT-Free Quality Municipal Income Fund Common Shares of Beneficial Interest Par Value $.01,nasdaq_trader
NECB,US,"NorthEast Community Bancorp, Inc. - Common Stock",nasdaq_trader
NEE,US,"NextEra Energy, Inc. Common Stock",nasdaq_trader
NEGG,US,"Newegg Commerce, Inc. - Common Shares",nasdaq_trader
NEM,US,Newmont Corporation,nasdaq_trader
NEO,US,"NeoGenomics, Inc. - Common Stock",nasdaq_trader
NEOG,US,Neogen Corporation - Common Stock,nasdaq_trader
NEON,US,Neonode Inc. - Common Stock,nasdaq_trader
NEOV,US,NeoVolta Inc. - Common Stock,nasdaq_trader
NEPH,US,"Nephros, Inc. - Common Stock",nasdaq_trader
NERV,US,"Minerva Neurosciences, Inc - Common Stock",nasdaq_trader
NESR,US,National Energy Services Reunited Corp - Ordinary Shares,nasdaq_trader
NET,US,"Cloudflare, Inc. Class A Common Stock",nasdaq_trader
NEU,US,NewMarket Corp Common Stock,nasdaq_trader
NEUP,US,Neuphoria Therapeutics Inc. - Common Stock,nasdaq_trader
NEWP,US,New Pacific Metals Corp. Common Shares,nasdaq_trader
NEWT,US,"NewtekOne, Inc. - Common Stock",nasdaq_trader
NEXA,US,Nexa Resources S.A. Common Shares,nasdaq_trader
NEXM,US,NexMetals Mining Corp. - Common Stock,nasdaq_trader
NEXN,US,Nexxen International Ltd. - Ordinary Shares,nasdaq_trader
NEXR,US,Nexera Technologies Ltd - Ordinary Shares,nasdaq_trader
NEXT,US,NextDecade Corporation - Common Stock,nasdaq_trader
NFBK,US,"Northfield Bancorp, Inc. - Common Stock",nasdaq_trader
NFE,US,New Fortress Energy Inc. - Class A Common Stock,nasdaq_trader
NFG,US,National Fuel Gas Company Common Stock,nasdaq_trader
NFGC,US,New Found Gold Corp Common Shares,nasdaq_trader
NFJ,US,"Virtus Dividend, Interest & Premium Strategy Fund Common Shares of Beneficial Interest",nasdaq_trader
NFLX,US,"Netflix, Inc. - Common Stock",nasdaq_trader
NG,US,Novagold Resources Inc.,nasdaq_trader
NGEN,US,NervGen Pharma Corp. - Common stock,nasdaq_trader
NGNE,US,Neurogene Inc. - Common Stock,nasdaq_trader
NGS,US,"Natural Gas Services Group, Inc. Common Stock",nasdaq_trader
NGVC,US,"Natural Grocers by Vitamin Cottage, Inc. Common Stock",nasdaq_trader
NGVT,US,Ingevity Corporation Common Stock,nasdaq_trader
NHC,US,National HealthCare Corporation Common Stock,nasdaq_trader
NHI,US,"National Health Investors, Inc. Common Stock",nasdaq_trader
NHIC,US,NewHold Investment Corp III - Class A Ordinary shares,nasdaq_trader
NHIV,US,NewHold Investment Corp IV - Class A Ordinary Shares,nasdaq_trader
NHP,US,"National Healthcare Properties, Inc. - Class A Common Stock",nasdaq_trader
NHS,US,Neuberger High Yield Strategies Fund Inc. Common Stock,nasdaq_trader
NHTC,US,Natural Health Trends Corp. - Common Stock,nasdaq_trader
NI,US,NiSource Inc Common Stock,nasdaq_trader
NIC,US,Nicolet Bankshares Inc. Common Stock,nasdaq_trader
NIE,US,Virtus Equity & Convertible Income Fund Common Shares of Beneficial Interest,nasdaq_trader
NIM,US,Nuveen Select Maturities Municipal Fund Common Stock,nasdaq_trader
NINE,US,"Nine Energy Service, Inc. Common Stock",nasdaq_trader
NIO,US,"NIO Inc. American depositary shares, each  representing one Class A ordinary share",nasdaq_trader
NIQ,US,NIQ Global Intelligence plc Ordinary Shares,nasdaq_trader
NIVF,US,NewGenIvf Group Limited - Class A Ordinary Shares,nasdaq_trader
NIXX,US,"Nixxy, Inc. - Common Stock",nasdaq_trader
NJR,US,NewJersey Resources Corporation Common Stock,nasdaq_trader
NKE,US,"Nike, Inc. Common Stock",nasdaq_trader
NKLR,US,Terra Innovatum Global N.V. - Ordinary shares,nasdaq_trader
NKSH,US,"National Bankshares, Inc. - Common Stock",nasdaq_trader
NKTR,US,Nektar Therapeutics - Common Stock,nasdaq_trader
NKTX,US,"Nkarta, Inc. - Common Stock",nasdaq_trader
NKX,US,Nuveen California AMT-Free Quality Municipal Income Fund,nasdaq_trader
NL,US,"NLI Holdings, Inc. Common Stock",nasdaq_trader
NLOP,US,Net Lease Office Properties Common Shares of Beneficial Interest,nasdaq_trader
NLY,US,Annaly Capital Management Inc. Common Stock,nasdaq_trader
NMAI,US,Nuveen Multi-Asset Income Fund Common Shares of Beneficial Interest,nasdaq_trader
NMAX,US,"Newsmax, Inc. Class B Common Stock",nasdaq_trader
NMCO,US,Nuveen Municipal Credit Opportunities Fund Common Shares,nasdaq_trader
NMFC,US,New Mountain Finance Corporation - Common Stock,nasdaq_trader
NMG,US,Nouveau Monde Graphite Inc. Common Shares,nasdaq_trader
NMI,US,"Nuveen Municipal Income Fund, Inc. Common Stock",nasdaq_trader
NMIH,US,NMI Holdings Inc - Common Stock,nasdaq_trader
NML,US,Neuberger Energy Infrastructure and Income Fund Inc. Common Stock,nasdaq_trader
NMP,US,NMP Acquisition Corp. - Class A Ordinary Shares,nasdaq_trader
NMRA,US,"Neumora Therapeutics, Inc. - Common Stock",nasdaq_trader
NMRK,US,"Newmark Group, Inc. - Class A Common Stock",nasdaq_trader
NMS,US,Nuveen Minnesota Quality Municipal Income Fund,nasdaq_trader
NMT,US,Nuveen Massachusetts Quality Municipal Income Fund Common Stock,nasdaq_trader
NMTC,US,NeuroOne Medical Technologies Corporation - Common Stock,nasdaq_trader
NMZ,US,"Nuveen Municipal High Income Opportunity Fund Common Stock, $0.01 par value, per share",nasdaq_trader
NN,US,NextNav Inc. - Common stock,nasdaq_trader
NNBR,US,"NN, Inc. - Common Stock",nasdaq_trader
NNE,US,Nano Nuclear Energy Inc. - common stock,nasdaq_trader
NNI,US,"Nelnet, Inc. Common Stock",nasdaq_trader
NNN,US,"NNN REIT, Inc. Common Stock",nasdaq_trader
NNNN,US,Anbio Biotechnology - Class A Ordinary Shares,nasdaq_trader
NNOX,US,NANO-X IMAGING LTD - Ordinary Shares,nasdaq_trader
NNVC,US,"NanoViricides, Inc. Common Stock",nasdaq_trader
NNY,US,Nuveen New York Municipal Value Fund Common Stock,nasdaq_trader
NOA,US,North American Construction Group Ltd. Common Shares (no par),nasdaq_trader
NOC,US,Northrop Grumman Corporation Common Stock,nasdaq_trader
NODK,US,"NI Holdings, Inc. - Common Stock",nasdaq_trader
NOEM,US,CO2 Energy Transition Corp. - Common Stock,nasdaq_trader
NOG,US,"Northern Oil and Gas, Inc. Common Stock",nasdaq_trader
NOMA,US,NOMADAR Corp. - Class A Common Stock,nasdaq_trader
NOMD,US,Nomad Foods Limited Ordinary Shares,nasdaq_trader
NOV,US,NOV Inc. Common Stock,nasdaq_trader
NOVT,US,Novanta Inc. - Common Shares,nasdaq_trader
NOW,US,"ServiceNow, Inc. Common Stock",nasdaq_trader
NP,US,Neptune Insurance Holdings Inc. Class A Common Stock,nasdaq_trader
NPAC,US,New Providence Acquisition Corp. III - Ordinary Shares,nasdaq_trader
NPB,US,"Northpointe Bancshares, Inc. Common Stock",nasdaq_trader
NPCE,US,"Neuropace, Inc. - Common Stock",nasdaq_trader
NPCT,US,Nuveen Core Plus Impact Fund Common Shares of Beneficial Interest,nasdaq_trader
NPK,US,"National Presto Industries, Inc. Common Stock",nasdaq_trader
NPKI,US,NPK International Inc. Common Stock,nasdaq_trader
NPO,US,Enpro Inc. Common Stock,nasdaq_trader
NPT,US,Texxon Holding Limited - Ordinary shares,nasdaq_trader
NPV,US,Nuveen Virginia Quality Municipal Income Fund Common Stock,nasdaq_trader
NPWR,US,NET Power Inc. Class A Common Stock,nasdaq_trader
NPWR-W,US,"NET Power Inc. Redeemable warrants, each whole warrant exercisable for one share of Class A Common Stock at an exercise price of $11.50",nasdaq_trader
NRC,US,NRC Health - Common Stock,nasdaq_trader
NRDS,US,"NerdWallet, Inc. - Class A Common Stock",nasdaq_trader
NRDY,US,Nerdy Inc. Class A Common Stock,nasdaq_trader
NREF,US,"NexPoint Real Estate Finance, Inc. Common Stock",nasdaq_trader
NRG,US,"NRG Energy, Inc. Common Stock",nasdaq_trader
NRGV,US,"Energy Vault Holdings, Inc. Common Stock",nasdaq_trader
NRIM,US,Northrim BanCorp Inc - Common Stock,nasdaq_trader
NRIX,US,"Nurix Therapeutics, Inc. - Common stock",nasdaq_trader
NRK,US,Nuveen New York AMT-Free Quality Municipal Income Fund,nasdaq_trader
NRO,US,Neuberger Real Estate Securities Income Fund Inc. Common Stock,nasdaq_trader
NRP,US,Natural Resource Partners LP Limited Partnership,nasdaq_trader
NRSN,US,NeuroSense Therapeutics Ltd. - Ordinary Shares,nasdaq_trader
NRT,US,North European Oil Royality Trust Common Stock,nasdaq_trader
NRXP,US,"NRX Pharmaceuticals, Inc. - Common Stock",nasdaq_trader
NRXS,US,"Neuraxis, Inc. Common Stock",nasdaq_trader
NSA,US,National Storage Affiliates Trust Common Shares of Beneficial Interest,nasdaq_trader
NSC,US,Norfolk Southern Corporation Common Stock,nasdaq_trader
NSIT,US,"Insight Enterprises, Inc. - Common Stock",nasdaq_trader
NSP,US,"Insperity, Inc. Common Stock",nasdaq_trader
NSPR,US,InspireMD Inc. - Common Stock,nasdaq_trader
NSRX,US,Nasus Pharma Ltd. Ordinary Shares,nasdaq_trader
NSSC,US,"NAPCO Security Technologies, Inc. - Common Stock",nasdaq_trader
NSTS,US,"NSTS Bancorp, Inc. - Common Stock",nasdaq_trader
NSYS,US,Nortech Systems Incorporated - Common Stock,nasdaq_trader
NTAP,US,"NetApp, Inc. - Common Stock",nasdaq_trader
NTB,US,Bank of N.T. Butterfield & Son Limited (The) Voting Ordinary Shares,nasdaq_trader
NTCL,US,NETCLASS TECHNOLOGY INC - Class A Ordinary Shares,nasdaq_trader
NTCT,US,"NetScout Systems, Inc. - Common Stock",nasdaq_trader
NTGR,US,"NETGEAR, Inc. - Common Stock",nasdaq_trader
NTHI,US,"NeOnc Technologies Holdings, Inc. - Common Stock",nasdaq_trader
NTIC,US,Northern Technologies International Corporation - Common Stock,nasdaq_trader
NTIP,US,"Network-1 Technologies, Inc. Common Stock",nasdaq_trader
NTLA,US,"Intellia Therapeutics, Inc. - Common Stock",nasdaq_trader
NTNX,US,"Nutanix, Inc. - Class A Common Stock",nasdaq_trader
NTR,US,Nutrien Ltd. Common Shares,nasdaq_trader
NTRA,US,"Natera, Inc. - Common Stock",nasdaq_trader
NTRB,US,Nutriband Inc. - Common Stock,nasdaq_trader
NTRP,US,"NextTrip, Inc. - Common Stock",nasdaq_trader
NTRS,US,Northern Trust Corporation - Common Stock,nasdaq_trader
NTSK,US,"Netskope, Inc. - Class A Common Stock",nasdaq_trader
NTST,US,NetSTREIT Corp. Common Stock,nasdaq_trader
NTWK,US,NETSOL Technologies Inc. - Common Stock,nasdaq_trader
NTWO,US,Newbury Street II Acquisition Corp - Class A Ordinary Shares,nasdaq_trader
NTZ,US,"Natuzzi, S.p.A.",nasdaq_trader
NU,US,Nu Holdings Ltd. Class A Ordinary Shares,nasdaq_trader
NUAI,US,"New Era Energy & Digital, Inc. - Common Stock",nasdaq_trader
NUCL,US,Eagle Nuclear Energy Corp. - Common stock,nasdaq_trader
NUE,US,Nucor Corporation Common Stock,nasdaq_trader
NUS,US,"Nu Skin Enterprises, Inc. Common Stock",nasdaq_trader
NUTR,US,Nusatrip Incorporated - Common Stock,nasdaq_trader
NUTX,US,Nutex Health Inc. - Common Stock,nasdaq_trader
NUV,US,"Nuveen Municipal Value Fund, Inc. Common Stock",nasdaq_trader
NUVB,US,Nuvation Bio Inc. Class A Common Stock,nasdaq_trader
NUVL,US,"Nuvalent, Inc. - Class A Common Stock",nasdaq_trader
NUW,US,Nuveen AMT-Free Municipal Value Fund,nasdaq_trader
NUWE,US,"Nuwellis, Inc. - Common Stock",nasdaq_trader
NVA,US,Nova Minerals Corp Common Stock,nasdaq_trader
NVAX,US,"Novavax, Inc. - Common Stock",nasdaq_trader
NVCR,US,NovoCure Limited - Ordinary Shares,nasdaq_trader
NVCT,US,"Nuvectis Pharma, Inc. - Common Stock",nasdaq_trader
NVDA,US,NVIDIA Corporation - Common Stock,nasdaq_trader
NVEC,US,NVE Corporation - Common Stock,nasdaq_trader
NVG,US,Nuveen AMT-Free Municipal Credit Income Fund,nasdaq_trader
NVGS,US,Navigator Holdings Ltd. Ordinary Shares (Marshall Islands),nasdaq_trader
NVMI,US,Nova Ltd. - Ordinary Shares,nasdaq_trader
NVNI,US,Nvni Group Limited - Ordinary Shares,nasdaq_trader
NVNO,US,enVVeno Medical Corporation - Common Stock,nasdaq_trader
NVO,US,Novo Nordisk A/S Common Stock,nasdaq_trader
NVR,US,"NVR, Inc. Common Stock",nasdaq_trader
NVRI,US,Enviri Corporation Common Stock,nasdaq_trader
NVS,US,Novartis AG Common Stock,nasdaq_trader
NVST,US,Envista Holdings Corporation Common Stock,nasdaq_trader
NVT,US,nVent Electric plc Ordinary Shares,nasdaq_trader
NVTS,US,Navitas Semiconductor Corporation - Common Stock,nasdaq_trader
NVVE,US,Nuvve Holding Corp. - Common Stock,nasdaq_trader
NVX,US,NOVONIX Limited - American Depository Shares,nasdaq_trader
NWAX,US,New America Acquisition I Corp. Class A Common Stock,nasdaq_trader
NWBI,US,"Northwest Bancshares, Inc. - Common Stock",nasdaq_trader
NWE,US,"NorthWestern Energy Group, Inc.  - Common Stock",nasdaq_trader
NWFL,US,Norwood Financial Corp. - Common Stock,nasdaq_trader
NWL,US,Newell Brands Inc. - Common Stock,nasdaq_trader
NWN,US,Northwest Natural Holding Company Common Stock,nasdaq_trader
NWPX,US,"NWPX Infrastructure, Inc. - Common Stock",nasdaq_trader
NWS,US,News Corporation - Class B Common Stock,nasdaq_trader
NWSA,US,News Corporation - Class A Common Stock,nasdaq_trader
NWTG,US,"Newton Golf Company, Inc. - Common Stock",nasdaq_trader
NX,US,Quanex Building Products Corporation Common Stock,nasdaq_trader
NXB,US,NextBoat Inc. Common Stcok,nasdaq_trader
NXDR,US,"Nextdoor Holdings, Inc. Class A Common Stock",nasdaq_trader
NXDT,US,NexPoint Diversified Real Estate Trust Common Stock,nasdaq_trader
NXE,US,Nexgen Energy Ltd. Common Shares,nasdaq_trader
NXG,US,NXG NextGen Infrastructure Income Fund Common Shares of Beneficial Interest,nasdaq_trader
NXGL,US,"NexGel, Inc - Common Stock",nasdaq_trader
NXL,US,"Nexalin Technology, Inc. - Common Stock",nasdaq_trader
NXP,US,Nuveen Select Tax Free Income Portfolio Common Stock,nasdaq_trader
NXPI,US,NXP Semiconductors N.V. - Common Stock,nasdaq_trader
NXPL,US,NextPlat Corp - Common Stock,nasdaq_trader
NXRT,US,"NexPoint Residential Trust, Inc. Common Stock",nasdaq_trader
NXST,US,"Nexstar Media Group, Inc. - Common Stock",nasdaq_trader
NXT,US,Nextpower Inc. - Class A Common Stock,nasdaq_trader
NXTC,US,"NextCure, Inc. - Common Stock",nasdaq_trader
NXTS,US,Nexentis Technologies Inc. - Common Stock,nasdaq_trader
NXTT,US,Next Technology Holding Inc. - Ordinary Shares,nasdaq_trader
NXXT,US,"NextNRG, Inc. - Common Stock",nasdaq_trader
NYAX,US,Nayax Ltd. - Ordinary Shares,nasdaq_trader
NYC,US,American Strategic Investment Co. Class A Common Stock,nasdaq_trader
NYT,US,New York Times Company (The) Common Stock,nasdaq_trader
NYXH,US,Nyxoah SA - Ordinary Shares,nasdaq_trader
NZF,US,Nuveen Municipal Credit Income Fund,nasdaq_trader
O,US,Realty Income Corporation Common Stock,nasdaq_trader
OABI,US,"OmniAb, Inc. - Common Stock",nasdaq_trader
OACC,US,Oaktree Acquisition Corp. III Life Sciences - Class A Ordinary Share,nasdaq_trader
OBA,US,Oxley Bridge Acquisition Limited - Class A Ordinary Shares,nasdaq_trader
OBAI,US,"Our Bond, Inc. - Common Stock",nasdaq_trader
OBDC,US,Blue Owl Capital Corporation Common Stock,nasdaq_trader
OBE,US,Obsidian Energy Ltd. Common Shares,nasdaq_trader
OBIO,US,"Orchestra BioMed Holdings, Inc. - Ordinary Shares",nasdaq_trader
OBK,US,"Origin Bancorp, Inc. Common Stock",nasdaq_trader
OBT,US,"Orange County Bancorp, Inc. - Common Stock",nasdaq_trader
OC,US,Owens Corning Inc Common Stock New,nasdaq_trader
OCC,US,Optical Cable Corporation - Common Stock,nasdaq_trader
OCCI,US,"OFS Credit Company, Inc. - Closed End Fund",nasdaq_trader
OCFC,US,OceanFirst Financial Corp. - Common Stock,nasdaq_trader
OCG,US,Oriental Culture Holding LTD - Ordinary Shares,nasdaq_trader
OCGN,US,"Ocugen, Inc. - Common Stock",nasdaq_trader
OCS,US,Oculis Holding AG - Ordinary shares,nasdaq_trader
OCSL,US,Oaktree Specialty Lending Corporation - Closed End Fund,nasdaq_trader
OCTV,US,Octave Intelligence plc - Class B Ordinary Shares,nasdaq_trader
OCUL,US,"Ocular Therapeutix, Inc. - Common Stock",nasdaq_trader
ODC,US,Oil-Dri Corporation Of America Common Stock,nasdaq_trader
ODD,US,ODDITY Tech Ltd. - Class A Ordinary Shares,nasdaq_trader
ODFL,US,"Old Dominion Freight Line, Inc. - Common Stock",nasdaq_trader
ODTX,US,"Odyssey Therapeutics, Inc. - Common Stock",nasdaq_trader
ODV,US,Osisko Development Corp. Common Shares,nasdaq_trader
ODYS,US,Odysight.ai Inc. - Common Stock,nasdaq_trader
OEC,US,Orion S.A. Common Shares,nasdaq_trader
OESX,US,"Orion Energy Systems, Inc. - Common Stock",nasdaq_trader
OFAL,US,OFA Group - Class A Ordinary Shares,nasdaq_trader
OFG,US,OFG Bancorp Common Stock,nasdaq_trader
OFIX,US,Orthofix Medical Inc.  - Common Stock,nasdaq_trader
OFLX,US,"Omega Flex, Inc. - Common Stock",nasdaq_trader
OFRM,US,"Once Upon a Farm, PBC Common Stock",nasdaq_trader
OFS,US,OFS Capital Corporation - Closed End Fund,nasdaq_trader
OGC,US,OceanaGold Corporation Common Shares,nasdaq_trader
OGE,US,OGE Energy Corp Common Stock,nasdaq_trader
OGEN,US,Oragenics Inc. Common Stock,nasdaq_trader
OGI,US,Organigram Global Inc. - Common Shares,nasdaq_trader
OGN,US,Organon & Co. Common Stock,nasdaq_trader
OGS,US,"ONE Gas, Inc. Common Stock",nasdaq_trader
OHAC,US,Oceanhawk Acquisition Corp. - Class A Ordinary Shares,nasdaq_trader
OHI,US,"Omega Healthcare Investors, Inc. Common Stock",nasdaq_trader
OI,US,"O-I Glass, Inc. Common Stock",nasdaq_trader
OIA,US,Invesco Municipal Income Opportunities Trust Common Stock,nasdaq_trader
OII,US,"Oceaneering International, Inc. Common Stock",nasdaq_trader
OIM,US,OneIM Acquisition Corp. - Class A Ordinary Shares,nasdaq_trader
OIO,US,OIO Group - Ordinary Shares,nasdaq_trader
OIS,US,"Oil States International, Inc. Common Stock",nasdaq_trader
OKE,US,"ONEOK, Inc. Common Stock",nasdaq_trader
OKLO,US,Oklo Inc. Class A common stock,nasdaq_trader
OKTA,US,"Okta, Inc. - Class A Common Stock",nasdaq_trader
OKUR,US,"OnKure Therapeutics, Inc. - Class A Common Stock",nasdaq_trader
OKYO,US,OKYO Pharma Limited - Ordinary Shares,nasdaq_trader
OLB,US,"The OLB Group, Inc. - Common Stock",nasdaq_trader
OLED,US,Universal Display Corporation - Common Stock,nasdaq_trader
OLLI,US,"Ollie's Bargain Outlet Holdings, Inc. - Common Stock",nasdaq_trader
OLMA,US,"Olema Pharmaceuticals, Inc. - Common Stock",nasdaq_trader
OLN,US,Olin Corporation Common Stock,nasdaq_trader
OLOX,US,Olenox Industries Inc. - Common Stock,nasdaq_trader
OLP,US,"One Liberty Properties, Inc. Common Stock",nasdaq_trader
OLPX,US,"Olaplex Holdings, Inc. - Common Stock",nasdaq_trader
OM,US,"Outset Medical, Inc. - Common Stock",nasdaq_trader
OMC,US,Omnicom Group Inc. Common Stock,nasdaq_trader
OMCL,US,"Omnicell, Inc. - Common Stock",nasdaq_trader
OMDA,US,"Omada Health, Inc. - Common Stock",nasdaq_trader
OMER,US,Omeros Corporation - Common Stock,nasdaq_trader
OMEX,US,"Odyssey Marine Exploration, Inc. - Common Stock",nasdaq_trader
OMF,US,"OneMain Holdings, Inc. Common Stock",nasdaq_trader
OMH,US,Ohmyhome Limited - Class A Ordinary Shares,nasdaq_trader
OMSE,US,OMS Energy Technologies Inc. - Ordinary Shares,nasdaq_trader
ON,US,ON Semiconductor Corporation - Common Stock,nasdaq_trader
ONB,US,Old National Bancorp - Common Stock,nasdaq_trader
ONCH,US,1RT Acquisition Corp. - Class A Ordinary Share,nasdaq_trader
ONCO,US,"Onconetix, Inc.  - Common Stock",nasdaq_trader
ONCY,US,Oncolytics Biotech Inc. - Common Stock,nasdaq_trader
ONDS,US,Ondas Inc - Common Stock,nasdaq_trader
ONEG,US,OneConstruction Group Limited - Ordinary Shares,nasdaq_trader
ONEW,US,OneWater Marine Inc. - Class A Common Stock,nasdaq_trader
ONFO,US,Onfolio Holdings Inc. - Common Stock,nasdaq_trader
ONIT,US,Onity Group Inc. Common Stock,nasdaq_trader
ONL,US,Orion Properties Inc. Common Stock,nasdaq_trader
ONMD,US,OneMedNet Corp - Class A Common Stock,nasdaq_trader
ONON,US,On Holding AG Class A Ordinary Shares,nasdaq_trader
ONT,US,"Onterris, Inc. Common Stock",nasdaq_trader
ONTO,US,Onto Innovation Inc. Common Stock,nasdaq_trader
OOMA,US,"Ooma, Inc. Common Stock",nasdaq_trader
OPAD,US,Offerpad Solutions Inc. Class A Common Stock,nasdaq_trader
OPAL,US,OPAL Fuels Inc. - Class A Common Stock,nasdaq_trader
OPBK,US,OP Bancorp - Common Stock,nasdaq_trader
OPCH,US,"Option Care Health, Inc. - Common Stock",nasdaq_trader
OPEN,US,Opendoor Technologies Inc  - Common Stock,nasdaq_trader
OPFI,US,OppFi Inc. Class A Common Stock,nasdaq_trader
OPHC,US,"OptimumBank Holdings, Inc. Common Stock",nasdaq_trader
OPI,US,Office Properties Income Trust - Common shares of beneficial interest,nasdaq_trader
OPK,US,"Opko Health, Inc. - Common Stock",nasdaq_trader
OPLN,US,"OPENLANE, Inc. Common Stock",nasdaq_trader
OPP,US,"RiverNorth/DoubleLine Strategic Opportunity Fund, Inc. Common Stock",nasdaq_trader
OPRT,US,Oportun Financial Corporation - common stock,nasdaq_trader
OPRX,US,OptimizeRx Corporation - Common Stock,nasdaq_trader
OPTH,US,Optimi Health Corp. - Common Shares,nasdaq_trader
OPTT,US,"Ocean Power Technologies, Inc. Common Stock",nasdaq_trader
OPTU,US,"Optimum Communications, Inc. Class A common stock",nasdaq_trader
OPTX,US,"Syntec Optics Holdings, Inc. - Class A Common Stock",nasdaq_trader
OPXS,US,"Optex Systems Holdings, Inc. - Common Stock",nasdaq_trader
OPY,US,"Oppenheimer Holdings, Inc. Class A Common Stock (DE)",nasdaq_trader
OR,US,OR Royalties Inc. Common Shares,nasdaq_trader
ORA,US,"Ormat Technologies, Inc. Common Stock",nasdaq_trader
ORBS,US,Eightco Holdings Inc. - Common Stock,nasdaq_trader
ORC,US,"Orchid Island Capital, Inc. Common Stock",nasdaq_trader
ORCL,US,Oracle Corporation Common Stock,nasdaq_trader
ORGN,US,"Origin Materials, Inc. - Class A Common Stock",nasdaq_trader
ORGO,US,Organogenesis Holdings Inc.  - Class A,nasdaq_trader
ORI,US,Old Republic International Corporation Common Stock,nasdaq_trader
ORIC,US,"Oric Pharmaceuticals, Inc. - Common Stock",nasdaq_trader
ORIO,US,Orion Digital Corp. - Common Shares,nasdaq_trader
ORIQ,US,Origin Investment Corp I - Ordinary Shares,nasdaq_trader
ORIS,US,Oriental Rise Holdings Limited - Ordinary Shares,nasdaq_trader
ORKA,US,"Oruka Therapeutics, Inc. - Common Stock",nasdaq_trader
ORKT,US,Orangekloud Technology Inc. - Class A Ordinary Shares,nasdaq_trader
ORLA,US,Orla Mining Ltd. Common Shares,nasdaq_trader
ORLY,US,"O'Reilly Automotive, Inc. - Common Stock",nasdaq_trader
ORMP,US,Oramed Pharmaceuticals Inc. - Common Stock,nasdaq_trader
ORN,US,"Orion Group Holdings, Inc. Common",nasdaq_trader
ORRF,US,"Orrstown Financial Services, Inc. - Common Stock",nasdaq_trader
OSBC,US,"Old Second Bancorp, Inc. - Common Stock",nasdaq_trader
OSCR,US,"Oscar Health, Inc. Class A Common Stock",nasdaq_trader
OSG,US,"Octave Specialty Group, Inc. Common Stock",nasdaq_trader
OSIS,US,"OSI Systems, Inc. - Common Stock",nasdaq_trader
OSK,US,Oshkosh Corporation (Holding Company)Common Stock,nasdaq_trader
OSPN,US,OneSpan Inc. - Common Stock,nasdaq_trader
OSRH,US,"OSR Holdings, Inc. - Common Stock",nasdaq_trader
OSS,US,"One Stop Systems, Inc. - Common Stock",nasdaq_trader
OST,US,"Ostin Technology Group Co., Ltd. - Class A Ordinary Shares",nasdaq_trader
OSTX,US,OS Therapies Incorporated Common Stock,nasdaq_trader
OSUR,US,"OraSure Technologies, Inc. - Common Stock",nasdaq_trader
OSW,US,OneSpaWorld Holdings Limited - Common Shares,nasdaq_trader
OTEX,US,Open Text Corporation - Common Shares,nasdaq_trader
OTF,US,Blue Owl Technology Finance Corp. Common Stock,nasdaq_trader
OTGA,US,OTG Acquisition Corp. I - Class A Ordinary Share,nasdaq_trader
OTIS,US,Otis Worldwide Corporation Common Stock,nasdaq_trader
OTLK,US,"Outlook Therapeutics, Inc. - Common Stock",nasdaq_trader
OTTR,US,Otter Tail Corporation - Common Stock,nasdaq_trader
OUST,US,"Ouster, Inc. - Common Stock",nasdaq_trader
OUT,US,OUTFRONT Media Inc. Common Stock,nasdaq_trader
OVBC,US,Ohio Valley Banc Corp. - Common Stock,nasdaq_trader
OVID,US,Ovid Therapeutics Inc. - Common Stock,nasdaq_trader
OVLY,US,Oak Valley Bancorp (CA) - Common Stock,nasdaq_trader
OVV,US,Ovintiv Inc. (DE),nasdaq_trader
OWL,US,Blue Owl Capital Inc. Class A Common Stock,nasdaq_trader
OWLS,US,OBOOK Holdings Inc. - Class A Common Shares,nasdaq_trader
OWLT,US,"Owlet, Inc. Class A Common Stock",nasdaq_trader
OXBR,US,Oxbridge Re Holdings Limited - Ordinary Shares,nasdaq_trader
OXLC,US,Oxford Lane Capital Corp. - Closed End Fund,nasdaq_trader
OXM,US,"Oxford Industries, Inc. Common Stock",nasdaq_trader
OXSQ,US,Oxford Square Capital Corp. - Closed End Fund,nasdaq_trader
OXY,US,Occidental Petroleum Corporation Common Stock,nasdaq_trader
OYSE,US,Oyster Enterprises II Acquisition Corp - Class A Ordinary Shares,nasdaq_trader
OZK,US,Bank OZK - Common Stock,nasdaq_trader
P,US,"Everpure, Inc. Class A common stock",nasdaq_trader
PAAC,US,Proem Acquisition Corp I - Ordinary Shares,nasdaq_trader
PAAS,US,Pan American Silver Corp. Common Stock,nasdaq_trader
PAC,US,"Grupo Aeroportuario Del Pacifico, S.A. B. de C.V. Grupo Aeroportuario Del Pacifico, S.A. de C.V. (each representing 10 Series B shares)",nasdaq_trader
PACB,US,"Pacific Biosciences of California, Inc. - Common Stock",nasdaq_trader
PACH,US,Pioneer Acquisition I Corp - Class A Ordinary Shares,nasdaq_trader
PACK,US,Ranpak Holdings Corp Class A Common Stock,nasdaq_trader
PACS,US,"PACS Group, Inc. Common Stock",nasdaq_trader
PAG,US,"Penske Automotive Group, Inc. Common Stock",nasdaq_trader
PAGP,US,"Plains GP Holdings, L.P. - Class A Shares representing limited partner interests",nasdaq_trader
PAGS,US,PagSeguro Digital Ltd. Class A Common Shares,nasdaq_trader
PAHC,US,Phibro Animal Health Corporation - Class A Common Stock,nasdaq_trader
PAI,US,Western Asset Investment Grade Income Fund Inc.,nasdaq_trader
PAII,US,Pyrophyte Acquisition Corp. II Class A Ordinary Shares,nasdaq_trader
PAL,US,"Proficient Auto Logistics, Inc. - Common Stock",nasdaq_trader
PALI,US,"Palisade Bio, Inc. - Common Stock",nasdaq_trader
PALO,US,Paloma Acquisition Corp I - Class A Ordinary Shares,nasdaq_trader
PAM,US,Pampa Energia S.A.,nasdaq_trader
PAMT,US,PAMT CORP - Common Stock,nasdaq_trader
PANL,US,Pangaea Logistics Solutions Ltd. - Common Stock,nasdaq_trader
PANW,US,"Palo Alto Networks, Inc. - Common Stock",nasdaq_trader
PAPL,US,Pineapple Financial Inc. Common Stock,nasdaq_trader
PAR,US,PAR Technology Corporation Common Stock,nasdaq_trader
PARK,US,"Park Dental Partners, Inc. - Common Stock",nasdaq_trader
PARR,US,"Par Pacific Holdings, Inc.  Common Stock",nasdaq_trader
PASG,US,"Passage Bio, Inc. - Common Stock",nasdaq_trader
PASW,US,"Ping An Biomedical Co., Ltd. - Class A Ordinary Shares",nasdaq_trader
PATH,US,"UiPath, Inc. Class A Common Stock",nasdaq_trader
PATK,US,"Patrick Industries, Inc. - Common Stock",nasdaq_trader
PAVM,US,PAVmed Inc. - Common Stock,nasdaq_trader
PAVS,US,Paranovus Entertainment Technology Ltd. - Class A Ordinary Shares,nasdaq_trader
PAX,US,Patria Investments Limited - Class A Common Shares,nasdaq_trader
PAXS,US,PIMCO Access Income Fund Common Shares of Beneficial Interest,nasdaq_trader
PAY,US,"Paymentus Holdings, Inc. Class A Common Stock",nasdaq_trader
PAYC,US,"Paycom Software, Inc. Common Stock",nasdaq_trader
PAYO,US,Payoneer Global Inc. - Common Stock,nasdaq_trader
PAYP,US,PayPay Corporation - American Depository Shares,nasdaq_trader
PAYS,US,"Paysign, Inc. - Common Stock",nasdaq_trader
PAYX,US,"Paychex, Inc. - Common Stock",nasdaq_trader
PB,US,"Prosperity Bancshares, Inc. Common Stock",nasdaq_trader
PBA,US,Pembina Pipeline Corp. Ordinary Shares (Canada),nasdaq_trader
PBF,US,PBF Energy Inc. Class A Common Stock,nasdaq_trader
PBFS,US,"Pioneer Bancorp, Inc. - Common Stock",nasdaq_trader
PBH,US,Prestige Consumer Healthcare Inc. Common Stock,nasdaq_trader
PBHC,US,"Pathfinder Bancorp, Inc. - Common Stock",nasdaq_trader
PBI,US,Pitney Bowes Inc. Common Stock,nasdaq_trader
PBK,US,PowerBank Corporation - Common Stock,nasdaq_trader
PBLS,US,"Parabilis Medicines, Inc. - Common Stock",nasdaq_trader
PBM,US,Psyence Biomedical Ltd. - Common Shares,nasdaq_trader
PBR,US,Petroleo Brasileiro S.A. Petrobras ADS,nasdaq_trader
PBT,US,Permian Basin Royalty Trust Common Stock,nasdaq_trader
PBYI,US,Puma Biotechnology Inc - Common Stock,nasdaq_trader
PC,US,Premium Catering (Holdings) Limited - Ordinary Shares,nasdaq_trader
PCAP,US,ProCap Acquisition Corp - Class A Ordinary Shares,nasdaq_trader
PCAR,US,PACCAR Inc. - Common Stock,nasdaq_trader
PCB,US,PCB Bancorp - Common Stock,nasdaq_trader
PCF,US,High Income Securities Fund Common Stock,nasdaq_trader
PCG,US,Pacific Gas & Electric Co. Common Stock,nasdaq_trader
PCM,US,"PCM Fund, Inc. Common Stock",nasdaq_trader
PCN,US,Pimco Corporate & Income Strategy Fund Common Stock,nasdaq_trader
PCOR,US,"Procore Technologies, Inc. Common Stock",nasdaq_trader
PCQ,US,PIMCO California Municipal Income Fund Common Stock,nasdaq_trader
PCRX,US,"Pacira BioSciences, Inc. - Common Stock",nasdaq_trader
PCSA,US,"Processa Pharmaceuticals, Inc. - Common Stock",nasdaq_trader
PCSC,US,Perceptive Capital Solutions Corp - Class A Ordinary Shares,nasdaq_trader
PCT,US,"PureCycle Technologies, Inc. - Common stock",nasdaq_trader
PCTY,US,Paylocity Holding Corporation - Common Stock,nasdaq_trader
PCVX,US,"Vaxcyte, Inc. - Common Stock",nasdaq_trader
PCYO,US,Pure Cycle Corporation - Common Stock,nasdaq_trader
PD,US,"PagerDuty, Inc. Common Stock",nasdaq_trader
PDCC,US,Pearl Diver Credit Company Inc. Common Stock,nasdaq_trader
PDEX,US,"Pro-Dex, Inc. - Common Stock",nasdaq_trader
PDFS,US,"PDF Solutions, Inc. - Common Stock",nasdaq_trader
PDI,US,PIMCO Dynamic Income Fund Common Stock,nasdaq_trader
PDLB,US,"Ponce Financial Group, Inc. - Common Stock",nasdaq_trader
PDM,US,"Piedmont Realty Trust, Inc. Class A Common Stock",nasdaq_trader
PDO,US,PIMCO Dynamic Income Opportunities Fund Common Shares of Beneficial Interest,nasdaq_trader
PDS,US,Precision Drilling Corporation Common Stock,nasdaq_trader
PDSB,US,PDS Biotechnology Corporation - Common Stock,nasdaq_trader
PDT,US,John Hancock Premium Dividend Fund,nasdaq_trader
PDX,US,PIMCO Dynamic Income Strategy Fund Common Shares of Beneficial Interest,nasdaq_trader
PDYN,US,Palladyne AI Corp. - Common stock,nasdaq_trader
PEB,US,Pebblebrook Hotel Trust Common Shares of Beneficial Interest,nasdaq_trader
PEBK,US,"Peoples Bancorp of North Carolina, Inc. - Common Stock",nasdaq_trader
PEBO,US,Peoples Bancorp Inc. - Common Stock,nasdaq_trader
PECE,US,Peace Acquisition Corp - Ordinary Shares,nasdaq_trader
PECO,US,"Phillips Edison & Company, Inc. - Common Stock",nasdaq_trader
PED,US,Pedevco Corp. Common Stock,nasdaq_trader
PEG,US,Public Service Enterprise Group Incorporated Common Stock,nasdaq_trader
PEGA,US,Pegasystems Inc. - Common Stock,nasdaq_trader
PEN,US,"Penumbra, Inc. Common Stock",nasdaq_trader
PENG,US,"Penguin Solutions, Inc. - Common Stock",nasdaq_trader
PENN,US,"PENN Entertainment, Inc. - Common Stock",nasdaq_trader
PEO,US,"Adams Natural Resources Fund, Inc. Common Stock",nasdaq_trader
PEP,US,"PepsiCo, Inc. - Common Stock",nasdaq_trader
PEPG,US,PepGen Inc. - Common Stock,nasdaq_trader
PERF,US,Perfect Corp. Class A Ordinary Share,nasdaq_trader
PERI,US,Perion Network Ltd - Ordinary Shares,nasdaq_trader
PESI,US,"Perma-Fix Environmental Services, Inc. - Common Stock",nasdaq_trader
PETS,US,"PetMed Express, Inc. - Common Stock",nasdaq_trader
PETZ,US,"TDH Holdings, Inc. - Common Shares",nasdaq_trader
PEW,US,GrabAGun Digital Holdings Inc. Common Stock,nasdaq_trader
PFAI,US,Pinnacle Food Group Limited - Class A Common Shares,nasdaq_trader
PFBC,US,Preferred Bank - Common Stock,nasdaq_trader
PFE,US,"Pfizer, Inc. Common Stock",nasdaq_trader
PFG,US,Principal Financial Group Inc - Common Stock,nasdaq_trader
PFGC,US,Performance Food Group Company Common Stock,nasdaq_trader
PFIS,US,Peoples Financial Services Corp.  - Common Stock,nasdaq_trader
PFL,US,PIMCO Income Strategy Fund Shares of Beneficial Interest,nasdaq_trader
PFLT,US,PennantPark Floating Rate Capital Ltd. Common Stock,nasdaq_trader
PFN,US,PIMCO Income Strategy Fund II,nasdaq_trader
PFS,US,"Provident Financial Services, Inc Common Stock",nasdaq_trader
PFSA,US,"Profusa, Inc. - Common Stock",nasdaq_trader
PFSI,US,"PennyMac Financial Services, Inc. Common Stock",nasdaq_trader
PFX,US,PhenixFIN Corporation  - Common Stock,nasdaq_trader
PG,US,Procter & Gamble Company (The) Common Stock,nasdaq_trader
PGAC,US,Pantages Capital Acquisition Corporation - Class A Ordinary Shares,nasdaq_trader
PGC,US,Peapack-Gladstone Financial Corporation - Common Stock,nasdaq_trader
PGEN,US,"Precigen, Inc. - Common Stock",nasdaq_trader
PGNY,US,"Progyny, Inc. - Common Stock",nasdaq_trader
PGP,US,Pimco Global StocksPlus & Income Fund Common Shares of Beneficial Interest,nasdaq_trader
PGR,US,Progressive Corporation (The) Common Stock,nasdaq_trader
PGY,US,Pagaya Technologies Ltd. - Class A Ordinary Shares,nasdaq_trader
PGZ,US,Principal Real Estate Income Fund Common Shares of Beneficial Interest,nasdaq_trader
PH,US,Parker-Hannifin Corporation Common Stock,nasdaq_trader
PHAR,US,"Pharming Group N.V. - ADS, each representing 10 ordinary shares",nasdaq_trader
PHAT,US,"Phathom Pharmaceuticals, Inc. - Common Stock",nasdaq_trader
PHG,US,Koninklijke Philips N.V. NY Registry Shares,nasdaq_trader
PHGE,US,BiomX Inc. COmmon Stock,nasdaq_trader
PHI,US,PLDT Inc. Sponsored ADR,nasdaq_trader
PHIN,US,PHINIA Inc. Common Stock,nasdaq_trader
PHIO,US,Phio Pharmaceuticals Corp. - Common Stock,nasdaq_trader
PHK,US,Pimco High Income Fund,nasdaq_trader
PHM,US,"PulteGroup, Inc. Common Stock",nasdaq_trader
PHOE,US,Phoenix Asia Holdings Limited - Ordinary Shares,nasdaq_trader
PHR,US,"Phreesia, Inc. Common Stock",nasdaq_trader
PHUN,US,"Phunware, Inc. - Common Stock",nasdaq_trader
PHVS,US,Pharvaris N.V. - Ordinary Shares,nasdaq_trader
PI,US,"Impinj, Inc. - Common Stock",nasdaq_trader
PICS,US,PicS N.V. - Class A Common Shares,nasdaq_trader
PII,US,Polaris Inc. Common Stock,nasdaq_trader
PIII,US,P3 Health Partners Inc. - Class A Common Stock,nasdaq_trader
PIM,US,Putnam Master Intermediate Income Trust Common Stock,nasdaq_trader
PINE,US,"Alpine Income Property Trust, Inc. Common Stock",nasdaq_trader
PINS,US,"Pinterest, Inc. Class A Common Stock",nasdaq_trader
PIPR,US,Piper Sandler Companies Common Stock,nasdaq_trader
PJT,US,PJT Partners Inc. Class A Common Stock,nasdaq_trader
PK,US,Park Hotels & Resorts Inc. Common Stock,nasdaq_trader
PKBK,US,"Parke Bancorp, Inc. - Common Stock",nasdaq_trader
PKE,US,Park Aerospace Corp. Common Stock,nasdaq_trader
PKG,US,Packaging Corporation of America Common Stock,nasdaq_trader
PKOH,US,Park-Ohio Holdings Corp. - Common Stock,nasdaq_trader
PL,US,Planet Labs PBC Class A Common Stock,nasdaq_trader
PLAB,US,"Photronics, Inc. - Common Stock",nasdaq_trader
PLAG,US,Planet Green Holdings Corp. Common Stock,nasdaq_trader
PLAY,US,"Dave & Buster's Entertainment, Inc. - Common Stock",nasdaq_trader
PLBC,US,Plumas Bancorp - Common Stock,nasdaq_trader
PLBL,US,Polibeli Group Ltd - Class A Ordinary Shares,nasdaq_trader
PLBY,US,"Playboy, Inc. - Common Stock",nasdaq_trader
PLCE,US,"Children's Place, Inc. (The) - Common Stock",nasdaq_trader
PLD,US,"Prologis, Inc. Common Stock",nasdaq_trader
PLG,US,Platinum Group Metals Ltd. Ordinary Shares (Canada),nasdaq_trader
PLGO,US,Pelagos Insurance Capital Limited Common Shares,nasdaq_trader
PLMK,US,Plum Acquisition Corp. IV - Class A Ordinary Shares,nasdaq_trader
PLMR,US,"Palomar Holdings, Inc. - Common stock",nasdaq_trader
PLNT,US,"Planet Fitness, Inc. Common Stock",nasdaq_trader
PLOW,US,"Douglas Dynamics, Inc. Common Stock",nasdaq_trader
PLPC,US,Preformed Line Products Company - Common Stock,nasdaq_trader
PLRX,US,"Pliant Therapeutics, Inc. - Common Stock",nasdaq_trader
PLRZ,US,Polyrizon Ltd. - Ordinary Shares,nasdaq_trader
PLSE,US,"Pulse Biosciences, Inc - Common Stock",nasdaq_trader
PLSM,US,Pulsenmore Ltd. - Ordinary Shares,nasdaq_trader
PLTK,US,Playtika Holding Corp. - Common Stock,nasdaq_trader
PLTR,US,Palantir Technologies Inc. - Class A Common Stock,nasdaq_trader
PLTS,US,Platinum Analytics Cayman Limited - Class A Ordinary Shares,nasdaq_trader
PLUG,US,"Plug Power, Inc. - Common Stock",nasdaq_trader
PLUN,US,Plutonian Acquisition Corp II Class A Ordinary Shares,nasdaq_trader
PLUR,US,Pluri Inc. - Common Stock,nasdaq_trader
PLUS,US,ePlus inc. - Common Stock,nasdaq_trader
PLUT,US,Plutus Financial Group Limited - Ordinary Shares,nasdaq_trader
PLX,US,"Protalix BioTherapeutics, Inc. (DE) Common Stock",nasdaq_trader
PLXS,US,Plexus Corp. - Common Stock,nasdaq_trader
PLYX,US,"Polaryx Therapeutics, Inc. - Common Stock",nasdaq_trader
PM,US,Philip Morris International Inc Common Stock,nasdaq_trader
PMAX,US,Powell Max Limited - Class A Ordinary Shares,nasdaq_trader
PMCB,US,"PharmaCyte  Biotech, Inc. - Common Stock",nasdaq_trader
PMEC,US,Primech Holdings Ltd. - Ordinary Shares,nasdaq_trader
PMI,US,"Picard Medical, Inc. Common Stock",nasdaq_trader
PML,US,Pimco Municipal Income Fund II Common Shares of Beneficial Interest,nasdaq_trader
PMM,US,Putnam Managed Municipal Income Trust Common Stock,nasdaq_trader
PMN,US,ProMIS Neurosciences Inc. - Common Shares,nasdaq_trader
PMO,US,Putnam Municipal Opportunities Trust Common Stock,nasdaq_trader
PMT,US,PennyMac Mortgage Investment Trust Common Shares of Beneficial Interest,nasdaq_trader
PMTR,US,Perimeter Acquisition Corp. I - Class A Ordinary Shares,nasdaq_trader
PMTS,US,CPI Card Group Inc. - Common Stock,nasdaq_trader
PMVP,US,"PMV Pharmaceuticals, Inc. - Common Stock",nasdaq_trader
PN,US,PN Smart Energy Limited - Class A Ordinary Shares,nasdaq_trader
PNBK,US,Patriot National Bancorp Inc. - Common Stock,nasdaq_trader
PNC,US,"PNC Financial Services Group, Inc. (The) Common Stock",nasdaq_trader
PNFP,US,"Pinnacle Financial Partners, Inc. Common stock",nasdaq_trader
PNI,US,Pimco New York Municipal Income Fund II Common Shares of Beneficial Interest,nasdaq_trader
PNNT,US,PennantPark Investment Corporation Common Stock,nasdaq_trader
PNR,US,Pentair plc. Ordinary Share,nasdaq_trader
PNRG,US,PrimeEnergy Resources Corporation - Common Stock,nasdaq_trader
PNTG,US,"The Pennant Group, Inc. - Common Stock",nasdaq_trader
PNW,US,Pinnacle West Capital Corporation Common Stock,nasdaq_trader
POAS,US,Phaos Technology Holdings (Cayman) Limited Class A Ordinary Shares,nasdaq_trader
POCI,US,"Precision Optics Corporation, Inc. - Common stock",nasdaq_trader
PODC,US,"PodcastOne, Inc. - Common Stock",nasdaq_trader
PODD,US,Insulet Corporation - Common Stock,nasdaq_trader
POET,US,POET Technologies Inc. - Common Shares,nasdaq_trader
POLA,US,"Polar Power, Inc. - Common Stock",nasdaq_trader
POLE,US,Andretti Acquisition Corp. II - Class A Ordinary Shares,nasdaq_trader
PONO,US,"Pono Capital Four, Inc. - Class A Ordinary Shares",nasdaq_trader
POOL,US,Pool Corporation - Common Stock,nasdaq_trader
POR,US,Portland General Electric Co Common Stock,nasdaq_trader
POST,US,"Post Holdings, Inc. Common Stock",nasdaq_trader
POWI,US,"Power Integrations, Inc. - Common Stock",nasdaq_trader
POWL,US,"Powell Industries, Inc. - Common Stock",nasdaq_trader
POWW,US,Outdoor Holding Company - Common Stock,nasdaq_trader
PPC,US,Pilgrim's Pride Corporation - Common Stock,nasdaq_trader
PPCB,US,"Propanc Biopharma, Inc. - Common Stock",nasdaq_trader
PPG,US,"PPG Industries, Inc. Common Stock",nasdaq_trader
PPHC,US,"Public Policy Holding Company, Inc. - Common Stock",nasdaq_trader
PPIH,US,"Perma-Pipe International Holdings, Inc. - Common Stock",nasdaq_trader
PPL,US,PPL Corporation Common Stock,nasdaq_trader
PPLI,US,People Incorporated - Common Stock,nasdaq_trader
PPSI,US,"Pioneer Power Solutions, Inc. - Common Stock",nasdaq_trader
PPT,US,Putnam Premier Income Trust Common Stock,nasdaq_trader
PPTA,US,Perpetua Resources Corp. - Common Shares,nasdaq_trader
PR,US,Permian Resources Corporation Class A Common Stock,nasdaq_trader
PRA,US,ProAssurance Corporation Common Stock,nasdaq_trader
PRAA,US,"PRA Group, Inc. - Common Stock",nasdaq_trader
PRAX,US,"Praxis Precision Medicines, Inc. - Common Stock",nasdaq_trader
PRCH,US,"Porch Group, Inc. - Common Stock",nasdaq_trader
PRCT,US,PROCEPT BioRobotics Corporation - Common Stock,nasdaq_trader
PRDO,US,Perdoceo Education Corporation - Common Stock,nasdaq_trader
PRE,US,Prenetics Global Limited - Class A Ordinary Share,nasdaq_trader
PRFX,US,PRF Technologies Ltd. - Ordinary Shares,nasdaq_trader
PRG,US,"PROG Holdings, Inc. Common Stock",nasdaq_trader
PRGO,US,Perrigo Company plc Ordinary Shares,nasdaq_trader
PRGS,US,Progress Software Corporation - Common Stock,nasdaq_trader
PRHI,US,"Presurance Holdings, Inc. - Common Stock",nasdaq_trader
PRI,US,"Primerica, Inc. Common Stock",nasdaq_trader
PRIM,US,Primoris Services Corporation Common Stock,nasdaq_trader
PRK,US,Park National Corporation Common Stock,nasdaq_trader
PRKS,US,United Parks & Resorts Inc. Common Stock,nasdaq_trader
PRLB,US,"Proto Labs, Inc. Common stock",nasdaq_trader
PRLD,US,Prelude Therapeutics Incorporated - Common Stock,nasdaq_trader
PRM,US,"Perimeter Solutions, SA Common Stock",nasdaq_trader
PRMB,US,Primo Brands Corporation Class A Common Stock,nasdaq_trader
PRME,US,"Prime Medicine, Inc. - Common Stock",nasdaq_trader
PROF,US,Profound Medical Corp. - common stock,nasdaq_trader
PROK,US,ProKidney Corp. - Class A Ordinary Shares,nasdaq_trader
PROP,US,Prairie Operating Co. - Common Stock,nasdaq_trader
PROV,US,"Provident Financial Holdings, Inc. - Common Stock",nasdaq_trader
PRPL,US,"Purple Innovation, Inc. - Common Stock",nasdaq_trader
PRPO,US,"Precipio, Inc. - Common Stock",nasdaq_trader
PRQR,US,ProQR Therapeutics N.V. - Ordinary Shares,nasdaq_trader
PRSO,US,Peraso Inc. - Common Stock,nasdaq_trader
PRSU,US,"Pursuit Attractions and Hospitality, Inc. Common Stock",nasdaq_trader
PRTA,US,Prothena Corporation plc - Ordinary Shares,nasdaq_trader
PRTH,US,"Priority Technology Holdings, Inc. - Common Stock",nasdaq_trader
PRTS,US,"CarParts.com, Inc. - Common Stock",nasdaq_trader
PRU,US,"Prudential Financial, Inc. Common Stock",nasdaq_trader
PRVA,US,"Privia Health Group, Inc. - Common Stock",nasdaq_trader
PRZO,US,ParaZero Technologies Ltd. - Ordinary Shares,nasdaq_trader
PS,US,Pershing Square Inc. Common Stock,nasdaq_trader
PSA,US,Public Storage Common Stock,nasdaq_trader
PSBD,US,Palmer Square Capital BDC Inc. Common Stock,nasdaq_trader
PSEC,US,Prospect Capital Corporation - Closed End Fund,nasdaq_trader
PSFE,US,Paysafe Limited Common Shares,nasdaq_trader
PSHG,US,Performance Shipping Inc. - Common Shares,nasdaq_trader
PSIG,US,PS International Group Ltd. - Ordinary Shares,nasdaq_trader
PSIX,US,"Power Solutions International, Inc. - Common Stock",nasdaq_trader
PSKY,US,Paramount Skydance Corporation - Class B Common Stock,nasdaq_trader
PSMT,US,"PriceSmart, Inc. - Common Stock",nasdaq_trader
PSN,US,Parsons Corporation Common Stock,nasdaq_trader
PSNL,US,"Personalis, Inc. - Common Stock",nasdaq_trader
PSNY,US,Polestar Automotive Holding UK Limited - Class A ADS,nasdaq_trader
PSNYW,US,Polestar Automotive Holding UK Limited - Class C-1 ADS (ADW),nasdaq_trader
PSO,US,"Pearson, Plc Common Stock",nasdaq_trader
PSQH,US,"PSQ Holdings, Inc. Class A Common Stock",nasdaq_trader
PSTL,US,"Postal Realty Trust, Inc. Class A Common Stock",nasdaq_trader
PSTV,US,"PLUS THERAPEUTICS, Inc. - Common Stock",nasdaq_trader
PSUS,US,"Pershing Square USA, Ltd. Common Shares",nasdaq_trader
PSX,US,Phillips 66 Common Stock,nasdaq_trader
PTC,US,PTC Inc. - Common Stock,nasdaq_trader
PTCT,US,"PTC Therapeutics, Inc. - Common Stock",nasdaq_trader
PTEN,US,"Patterson-UTI Energy, Inc. - Common Stock",nasdaq_trader
PTGX,US,"Protagonist Therapeutics, Inc. - Common Stock",nasdaq_trader
PTHS,US,Pelthos Therapeutics Inc. Common Stock,nasdaq_trader
PTLE,US,PTL LTD - Class A Ordinary Shares,nasdaq_trader
PTLO,US,Portillo's Inc. - Class A Common Stock,nasdaq_trader
PTN,US,"Palatin Technologies, Inc. - Common Stock",nasdaq_trader
PTNM,US,Pitanium Limited - Class A Ordinary Shares,nasdaq_trader
PTON,US,"Peloton Interactive, Inc. - Common Stock",nasdaq_trader
PTOR,US,Praetorian Acquisition Corp. - Class A Ordinary Shares,nasdaq_trader
PTRN,US,Pattern Group Inc. - Series A Common Stock,nasdaq_trader
PTY,US,Pimco Corporate & Income Opportunity Fund,nasdaq_trader
PUBM,US,"PubMatic, Inc. - Class A Common Stock",nasdaq_trader
PUK,US,Prudential Public Limited Company Common Stock,nasdaq_trader
PULM,US,"Pulmatrix, Inc. - Common Stock",nasdaq_trader
PUMP,US,ProPetro Holding Corp. Common Stock,nasdaq_trader
PURR,US,Hyperliquid Strategies Inc - Common Stock,nasdaq_trader
PUSA,US,Aureus Greenway Holdings Inc. - Common Stock,nasdaq_trader
PVH,US,PVH Corp. Common Stock,nasdaq_trader
PVLA,US,"Palvella Therapeutics, Inc. - Common Stock",nasdaq_trader
PW,US,Power REIT (MD) Common Stock,nasdaq_trader
PWP,US,Perella Weinberg Partners - Class A Common Stock,nasdaq_trader
PWR,US,"Quanta Services, Inc. Common Stock",nasdaq_trader
PWRL,US,Powerlaw Corp. - Common Stock,nasdaq_trader
PXED,US,"Phoenix Education Partners, Inc. Common Stock",nasdaq_trader
PXLW,US,"Pixelworks, Inc. - Common Stock",nasdaq_trader
PXS,US,Pyxis Tankers Inc. - Common Stock,nasdaq_trader
PYPD,US,PolyPid Ltd. - Ordinary Shares,nasdaq_trader
PYPL,US,"PayPal Holdings, Inc. - Common Stock",nasdaq_trader
PYT,US,PPlus Tr GSC-2 Tr Ctf Fltg Rate,nasdaq_trader
PYXS,US,"Pyxis Oncology, Inc. - Common Stock",nasdaq_trader
PZG,US,Paramount Gold Nevada Corp. Common Stock,nasdaq_trader
PZZA,US,"Papa John's International, Inc. - Common Stock",nasdaq_trader
Q,US,"Qnity Electronics, Inc. Common Stock",nasdaq_trader
QADR,US,QDRO Acquisition Corp. - Class A Ordinary Shares,nasdaq_trader
QBTS,US,D-Wave Quantum Inc. Common Shares,nasdaq_trader
QCLS,US,"Q/C Technologies, Inc. - Common Stock",nasdaq_trader
QCOM,US,QUALCOMM Incorporated - Common Stock,nasdaq_trader
QCRH,US,"QCR Holdings, Inc. - Common Stock",nasdaq_trader
QDEL,US,QuidelOrtho Corporation - Common Stock,nasdaq_trader
QETA,US,Quetta Acquisition Corporation - Common Stock,nasdaq_trader
QGEN,US,Qiagen N.V. Common Shares,nasdaq_trader
QH,US,Quhuo Limited - American Depository Shares,nasdaq_trader
QLYS,US,"Qualys, Inc. - Common Stock",nasdaq_trader
QMCO,US,Quantum Corporation - Common Stock,nasdaq_trader
QMMM,US,QMMM Holdings Limited - Class A Ordinary Shares,nasdaq_trader
QNC,US,Quantum eMotion Corp. Common Shares,nasdaq_trader
QNCX,US,"Quince Therapeutics, Inc. - Common Stock",nasdaq_trader
QNST,US,"QuinStreet, Inc. - Common Stock",nasdaq_trader
QNT,US,Quantinuum Inc. - Class A Common Stock,nasdaq_trader
QNTM,US,Quantum Biopharma Ltd. - Class B Subordinate Voting Shares,nasdaq_trader
QQQX,US,Nuveen NASDAQ 100 Dynamic Overwrite Fund - Closed End Fund,nasdaq_trader
QRED,US,QuasarEdge Acquisition Corporation Ordinary Shares,nasdaq_trader
QRHC,US,Quest Resource Holding Corporation - Common Stock,nasdaq_trader
QRVO,US,"Qorvo, Inc. - Common Stock",nasdaq_trader
QS,US,QuantumScape Corporation - Common Stock,nasdaq_trader
QSEA,US,Quartzsea Acquisition Corporation - Ordinary Shares,nasdaq_trader
QSI,US,Quantum-Si Incorporated - Class A Common Stock,nasdaq_trader
QSR,US,Restaurant Brands International Inc. Common Shares,nasdaq_trader
QTEX,US,QTREX Quantum Ltd. - Ordinary Shares,nasdaq_trader
QTI,US,"QT Imaging Holdings, Inc. - Common Stock",nasdaq_trader
QTRX,US,Quanterix Corporation - Common Stock,nasdaq_trader
QTTB,US,Q32 Bio Inc. - Common Stock,nasdaq_trader
QTWO,US,"Q2 Holdings, Inc. Common Stock",nasdaq_trader
QUAD,US,"Quad Graphics, Inc Class A Common Stock",nasdaq_trader
QUBT,US,Quantum Computing Inc. - Common Stock,nasdaq_trader
QUCY,US,Quantum Cyber N.V. - Ordinary Shares,nasdaq_trader
QUIK,US,QuickLogic Corporation - Common Stock,nasdaq_trader
QUMS,US,Quantumsphere Acquisition Corp. - Ordinary Shares,nasdaq_trader
QURE,US,uniQure N.V. - Ordinary Shares,nasdaq_trader
QXL,US,Quantum X Labs Inc. - Common Stock,nasdaq_trader
QXO,US,"QXO, Inc. Common Stock",nasdaq_trader
R,US,"Ryder System, Inc. Common Stock",nasdaq_trader
RA,US,Brookfield Real Assets Income Fund Inc. Common Stock,nasdaq_trader
RAAQ,US,Real Asset Acquisition Corp. - Class A Ordinary Share,nasdaq_trader
RAC,US,Rithm Acquisition Corp. Class A Ordinary Shares,nasdaq_trader
RAC-W,US,"Rithm Acquisition Corp. Redeemable warrants, each whole warrant exercisable for one Class A ordinary share at an exercise price of $11.50",nasdaq_trader
RACC,US,Research Alliance Corporation III - Class A Ordinary Shares,nasdaq_trader
RACE,US,Ferrari N.V. Common Shares,nasdaq_trader
RAIL,US,"Freightcar America, Inc. - Common Stock",nasdaq_trader
RAIN,US,"Rain Enhancement Technologies Holdco, Inc. - Class A Common Stock",nasdaq_trader
RAL,US,Ralliant Corporation Common Stock,nasdaq_trader
RAMP,US,"LiveRamp Holdings, Inc. Common Stock",nasdaq_trader
RAND,US,Rand Capital Corporation - Closed End Fund,nasdaq_trader
RANG,US,Range Capital Acquisition Corp. - Ordinary Shares,nasdaq_trader
RANI,US,"Rani Therapeutics Holdings, Inc. - Class A Common Stock",nasdaq_trader
RAPP,US,"Rapport Therapeutics, Inc. - Common Stock",nasdaq_trader
RARE,US,Ultragenyx Pharmaceutical Inc. - Common Stock,nasdaq_trader
RAVE,US,"Rave Restaurant Group, Inc. - Common Stock",nasdaq_trader
RAY,US,Raytech Holding Limited - Ordinary Shares,nasdaq_trader
RAYA,US,Erayak Power Solution Group Inc. - Class A Ordinary Shares,nasdaq_trader
RBA,US,"RB Global, Inc. Common Stock",nasdaq_trader
RBB,US,RBB Bancorp - Common Stock,nasdaq_trader
RBBN,US,Ribbon Communications Inc.  - Common Stock,nasdaq_trader
RBC,US,RBC Bearings Incorporated Common Stock,nasdaq_trader
RBCAA,US,"Republic Bancorp, Inc. - Class A Common Stock",nasdaq_trader
RBKB,US,"Rhinebeck Bancorp, Inc. - Common Stock",nasdaq_trader
RBLX,US,Roblox Corporation Class A Common Stock,nasdaq_trader
RBNE,US,Robin Energy Ltd. - Common Stock,nasdaq_trader
RBRK,US,"Rubrik, Inc. Class A Common Stock",nasdaq_trader
RC,US,Ready Capital Corporation Common Stock,nasdaq_trader
RCAT,US,"Red Cat Holdings, Inc. - Common Stock",nasdaq_trader
RCEL,US,"Avita Medical, Inc. - Common Stock",nasdaq_trader
RCG,US,"RENN Fund, Inc Common Stock",nasdaq_trader
RCI,US,"Rogers Communication, Inc. Common Stock",nasdaq_trader
RCKT,US,"Rocket Pharmaceuticals, Inc. - Common Stock",nasdaq_trader
RCKY,US,"Rocky Brands, Inc. - Common Stock",nasdaq_trader
RCL,US,Royal Caribbean Cruises Ltd. Common Stock,nasdaq_trader
RCMT,US,"RCM Technologies, Inc. - Common Stock",nasdaq_trader
RCON,US,"Recon Technology, Ltd. - Class A Ordinary Shares",nasdaq_trader
RCS,US,"PIMCO Strategic Income Fund, Inc.",nasdaq_trader
RCT,US,RedCloud Holdings plc - Ordinary Shares,nasdaq_trader
RCUS,US,"Arcus Biosciences, Inc. Common Stock",nasdaq_trader
RDAC,US,Rising Dragon Acquisition Corp. - Ordinary Shares,nasdaq_trader
RDAG,US,Republic Digital Acquisition Company - Class A Ordinary Shares,nasdaq_trader
RDCM,US,Radcom Ltd. - Ordinary Shares,nasdaq_trader
RDDT,US,"Reddit, Inc. Class A Common Stock",nasdaq_trader
RDGT,US,"Ridgetech, Inc. - Ordinary Shares",nasdaq_trader
RDI,US,Reading International Inc - Class A Non-voting Common Stock,nasdaq_trader
RDIB,US,Reading International Inc - Class B Voting Common Stock,nasdaq_trader
RDN,US,Radian Group Inc. Common Stock,nasdaq_trader
RDNT,US,"RadNet, Inc. - Common Stock",nasdaq_trader
RDNW,US,"RideNow Group, Inc. - Class B Common Stock",nasdaq_trader
RDVT,US,"Red Violet, Inc. - Common Stock",nasdaq_trader
RDW,US,Redwire Corporation Common Stock,nasdaq_trader
RDWR,US,Radware Ltd. - Ordinary Shares,nasdaq_trader
RDY,US,Dr. Reddy's Laboratories Ltd Common Stock,nasdaq_trader
RDZN,US,"Roadzen, Inc. - Ordinary Shares",nasdaq_trader
REA,US,"Rare Earths Americas, Inc. Common Stock",nasdaq_trader
REAL,US,"The RealReal, Inc. - Common Stock",nasdaq_trader
REAX,US,"The Real Brokerage, Inc. - Common Shares",nasdaq_trader
REBN,US,"Reborn Coffee, Inc. - Common Stock",nasdaq_trader
RECT,US,Rectitude Holdings Ltd - Ordinary Shares,nasdaq_trader
REE,US,REE Automotive Ltd. - Class A Ordinary Shares,nasdaq_trader
REED,US,"Reed's, Inc. Common Stock",nasdaq_trader
REFI,US,"Chicago Atlantic Real Estate Finance, Inc. - Common Stock",nasdaq_trader
REFR,US,Research Frontiers Incorporated - Common Stock,nasdaq_trader
REG,US,Regency Centers Corporation - Common Stock,nasdaq_trader
REGN,US,"Regeneron Pharmaceuticals, Inc. - Common Stock",nasdaq_trader
REI,US,"Ring Energy, Inc. Common Stock",nasdaq_trader
REKR,US,"Rekor Systems, Inc. - Common Stock",nasdaq_trader
RELL,US,"Richardson Electronics, Ltd. - Common Stock",nasdaq_trader
RELY,US,"Remitly Global, Inc. - Common stock",nasdaq_trader
RENT,US,"Rent the Runway, Inc. - Class A Common Stock",nasdaq_trader
RENX,US,RenX Enterprises Corp. - Common Stock,nasdaq_trader
REPL,US,"Replimune Group, Inc. - Common Stock",nasdaq_trader
REPX,US,"Riley Exploration Permian, Inc. Common Stock",nasdaq_trader
RES,US,"RPC, Inc. Common Stock",nasdaq_trader
RETO,US,"ReTo Eco-Solutions, Inc. - Class A Shares",nasdaq_trader
REVB,US,"Revelation Biosciences, Inc. - Common Stock",nasdaq_trader
REX,US,REX American Resources Corporation,nasdaq_trader
REXR,US,"Rexford Industrial Realty, Inc. Common Stock",nasdaq_trader
REYN,US,Reynolds Consumer Products Inc. - Common Stock,nasdaq_trader
REZI,US,"Resideo Technologies, Inc. Common Stock",nasdaq_trader
RF,US,Regions Financial Corporation Common Stock,nasdaq_trader
RFAI,US,RF Acquisition Corp II - Ordinary Shares,nasdaq_trader
RFAM,US,RF Acquisition Corp III - Ordinary Shares,nasdaq_trader
RFI,US,"Cohen & Steers Total Return Realty Fund, Inc. Common Stock",nasdaq_trader
RFIL,US,"RF Industries, Ltd. - Common Stock",nasdaq_trader
RFL,US,"Rafael Holdings, Inc. Class B Common Stock",nasdaq_trader
RFM,US,"RiverNorth Flexible Municipal Income Fund, Inc. Common Stock",nasdaq_trader
RFMZ,US,"RiverNorth Flexible Municipal Income Fund II, Inc. Common Stock",nasdaq_trader
RGA,US,"Reinsurance Group of America, Incorporated Common Stock",nasdaq_trader
RGC,US,Regencell Bioscience Holdings Limited - Ordinary Shares,nasdaq_trader
RGCO,US,RGC Resources Inc. - Common Stock,nasdaq_trader
RGEN,US,Repligen Corporation - Common Stock,nasdaq_trader
RGLD,US,"Royal Gold, Inc. - Common Stock",nasdaq_trader
RGNT,US,Regentis Biomaterials Ltd. Ordinary Shares,nasdaq_trader
RGNX,US,REGENXBIO Inc. - Common Stock,nasdaq_trader
RGP,US,"Resources Connection, Inc. - Common Stock",nasdaq_trader
RGR,US,"Sturm, Ruger & Company, Inc. Common Stock",nasdaq_trader
RGS,US,Regis Corporation - Common Stock,nasdaq_trader
RGT,US,"Royce Global Trust, Inc. Common Stock",nasdaq_trader
RGTI,US,"Rigetti Computing, Inc.  - Common stock",nasdaq_trader
RGTIW,US,"Rigetti Computing, Inc.  - Redeemable warrants, each whole warrant exercisable for one Class A ordinary share at an exercise price of $11.50",nasdaq_trader
RH,US,RH Common Stock,nasdaq_trader
RHI,US,Robert Half Inc. Common Stock,nasdaq_trader
RHLD,US,Resolute Holdings Management Common Stock,nasdaq_trader
RHP,US,"Ryman Hospitality Properties, Inc. (REIT)",nasdaq_trader
RIBB,US,Ribbon Acquisition Corp - Class A Ordinary Shares,nasdaq_trader
RICK,US,"RCI Hospitality Holdings, Inc. - Common Stock",nasdaq_trader
RIG,US,Transocean Ltd (Switzerland) Common Stock,nasdaq_trader
RIGL,US,"Rigel Pharmaceuticals, Inc. - Common Stock",nasdaq_trader
RILY,US,"BRC Group Holdings, Inc. - Common Stock",nasdaq_trader
RIME,US,"Algorhythm Holdings, Inc. - Common Stock",nasdaq_trader
RIO,US,Rio Tinto Plc Common Stock,nasdaq_trader
RIOT,US,"Riot Platforms, Inc. - Common Stock",nasdaq_trader
RITM,US,Rithm Capital Corp. Common Stock,nasdaq_trader
RITR,US,Reitar Logtech Holdings Limited - Ordinary shares,nasdaq_trader
RIV,US,"RiverNorth Opportunities Fund, Inc. Common Stock",nasdaq_trader
RIVN,US,"Rivian Automotive, Inc. - Class A Common Stock",nasdaq_trader
RJET,US,Republic Airways Holdings Inc. - Common Stock,nasdaq_trader
RJF,US,"Raymond James Financial, Inc. Common Stock",nasdaq_trader
RKDA,US,"Arcadia Biosciences, Inc. - Common Stock",nasdaq_trader
RKLB,US,Rocket Lab Corporation - Common Stock,nasdaq_trader
RKT,US,"Rocket Companies, Inc. Class A Common Stock",nasdaq_trader
RKTO,US,Rocket One Inc. - Common Stock,nasdaq_trader
RL,US,Ralph Lauren Corporation Common Stock,nasdaq_trader
RLAY,US,"Relay Therapeutics, Inc. - Common Stock",nasdaq_trader
RLGT,US,"Radiant Logistics, Inc. Common Stock",nasdaq_trader
RLI,US,RLI Corp. Common Stock (DE),nasdaq_trader
RLJ,US,RLJ Lodging Trust Common Shares of Beneficial Interest $0.01 par value,nasdaq_trader
RLMD,US,"Relmada Therapeutics, Inc. - Common Stock",nasdaq_trader
RLTY,US,Cohen & Steers Real Estate Opportunities and Income Fund Common Shares of Beneficial Interest,nasdaq_trader
RLYB,US,Rallybio Corporation - Common Stock,nasdaq_trader
RM,US,Regional Management Corp. Common Stock,nasdaq_trader
RMAX,US,"RE/MAX Holdings, Inc. Class A Common Stock",nasdaq_trader
RMBI,US,"Richmond Mutual Bancorporation, Inc. - Common Stock",nasdaq_trader
RMBS,US,"Rambus, Inc. - Common Stock",nasdaq_trader
RMCF,US,"Rocky Mountain Chocolate Factory, Inc. - Common Stock",nasdaq_trader
RMCO,US,Royalty Management Holding Corporation - Class A Common Stock,nasdaq_trader
RMD,US,ResMed Inc. Common Stock,nasdaq_trader
RMI,US,"RiverNorth Opportunistic Municipal Income Fund, Inc. Common Stock",nasdaq_trader
RMIX,US,"Suncrete, Inc. - Class A Common Stock",nasdaq_trader
RMM,US,"RiverNorth Managed Duration Municipal Income Fund, Inc. Common Stock",nasdaq_trader
RMMZ,US,"RiverNorth Managed Duration Municipal Income Fund II, Inc. Common Stock",nasdaq_trader
RMNI,US,"Rimini Street, Inc. - Common Stock",nasdaq_trader
RMR,US,The RMR Group Inc. - Class A Common Stock,nasdaq_trader
RMSG,US,Real Messenger Corporation - Ordinary Shares,nasdaq_trader
RMT,US,"Royce Micro-Cap Trust, Inc. Common Stock",nasdaq_trader
RMTI,US,"Rockwell Medical, Inc. - Common Stock",nasdaq_trader
RNA,US,"Atrium Therapeutics, Inc. - Common Stock",nasdaq_trader
RNAC,US,"Cartesian Therapeutics, Inc. - Common Stock",nasdaq_trader
RNAZ,US,"TransCode Therapeutics, Inc. - Common Stock",nasdaq_trader
RNG,US,"RingCentral, Inc. Class A Common Stock",nasdaq_trader
RNGR,US,"Ranger Energy Services, Inc. Class A Common Stock",nasdaq_trader
RNGT,US,Range Capital Acquisition Corp II - Class A Ordinary Shares,nasdaq_trader
RNR,US,RenaissanceRe Holdings Ltd. Common Stock,nasdaq_trader
RNST,US,Renasant Corporation Common Stock,nasdaq_trader
RNTX,US,"Rein Therapeutics, Inc. - Common Stock",nasdaq_trader
RNW,US,ReNew Energy Global plc - Class A Shares,nasdaq_trader
RNXT,US,"RenovoRx, Inc. - Common Stock",nasdaq_trader
ROAD,US,"Construction Partners, Inc. - Common Stock",nasdaq_trader
ROC,US,Rank One Computing Corporation - Common stock,nasdaq_trader
ROCK,US,"Gibraltar Industries, Inc. - Common Stock",nasdaq_trader
ROG,US,Rogers Corporation Common Stock,nasdaq_trader
ROIV,US,Roivant Sciences Ltd. - Common Shares,nasdaq_trader
ROK,US,"Rockwell Automation, Inc. Common Stock",nasdaq_trader
ROKU,US,"Roku, Inc. - Class A Common Stock",nasdaq_trader
ROL,US,"Rollins, Inc. Common Stock",nasdaq_trader
ROLR,US,"High Roller Technologies, Inc. Common Stock",nasdaq_trader
ROMA,US,Roma Green Finance Limited - Class A Ordinary Shares,nasdaq_trader
ROOT,US,"Root, Inc. - Common Stock",nasdaq_trader
ROP,US,"Roper Technologies, Inc. - Common Stock",nasdaq_trader
ROST,US,"Ross Stores, Inc. - Common Stock",nasdaq_trader
RPAY,US,Repay Holdings Corporation - Class A Common Stock,nasdaq_trader
RPC,US,"Ridgepost Capital, Inc. Class A Common Stock",nasdaq_trader
RPD,US,"Rapid7, Inc. - Common Stock",nasdaq_trader
RPGL,US,Republic Power Group Limited - Class A Ordinary Shares,nasdaq_trader
RPID,US,"Rapid Micro Biosystems, Inc. - Class A Common Stock",nasdaq_trader
RPM,US,RPM International Inc. Common Stock,nasdaq_trader
RPRX,US,Royalty Pharma plc - Class A Ordinary Shares,nasdaq_trader
RPT,US,Rithm Property Trust Inc. Common stock,nasdaq_trader
RQI,US,Cohen & Steers Quality Income Realty Fund Inc Common Shares,nasdaq_trader
RR,US,Richtech Robotics Inc. - Class B Common Stock,nasdaq_trader
RRBI,US,"Red River Bancshares, Inc. - Common Stock",nasdaq_trader
RRC,US,Range Resources Corporation Common Stock,nasdaq_trader
RREV,US,RRE Ventures Acquisition Corp. - Class A Ordinary Shares,nasdaq_trader
RRGB,US,"Red Robin Gourmet Burgers, Inc. - Common Stock",nasdaq_trader
RRR,US,"Red Rock Resorts, Inc. - Class A Common Stock",nasdaq_trader
RRX,US,Regal Rexnord Corporation Common Stock,nasdaq_trader
RS,US,"Reliance, Inc. Common Stock",nasdaq_trader
RSF,US,RiverNorth Capital and Income Fund Common Stock,nasdaq_trader
RSG,US,"Republic Services, Inc. Common Stock",nasdaq_trader
RSI,US,"Rush Street Interactive, Inc. Class A Common Stock",nasdaq_trader
RSKD,US,Riskified Ltd. Class A Ordinary Shares,nasdaq_trader
RSSS,US,"Research Solutions, Inc - Common Stock",nasdaq_trader
RSVR,US,"Reservoir Media, Inc.. - Common Stock",nasdaq_trader
RTAC,US,Renatus Tactical Acquisition Corp I - Class A Ordinary Shares,nasdaq_trader
RTB,US,"RTB Digital, Inc. - Common Stock",nasdaq_trader
RTX,US,RTX Corporation Common Stock,nasdaq_trader
RUBI,US,Rubico Inc. - Common Stock,nasdaq_trader
RUM,US,Rumble Inc. - Class A Common Stock,nasdaq_trader
RUN,US,Sunrun Inc. - Common Stock,nasdaq_trader
RUSHA,US,"Rush Enterprises, Inc. - Class A Common Stock",nasdaq_trader
RUSHB,US,"Rush Enterprises, Inc. - Class B Common Stock",nasdaq_trader
RVI,US,Robinhood Ventures Fund I Common Shares of Beneficial Interest,nasdaq_trader
RVLV,US,"Revolve Group, Inc. Class A Common Stock",nasdaq_trader
RVMD,US,"Revolution Medicines, Inc. - Common Stock",nasdaq_trader
RVP,US,"Retractable Technologies, Inc. Common Stock",nasdaq_trader
RVSB,US,Riverview Bancorp Inc - Common Stock,nasdaq_trader
RVSN,US,Rail Vision Ltd. - Ordinary Shares,nasdaq_trader
RVT,US,"Royce Small-Cap Trust, Inc. Common Stock",nasdaq_trader
RVTY,US,"Revvity, Inc. Common Stock",nasdaq_trader
RWAY,US,Runway Growth Finance Corp. - Common Stock,nasdaq_trader
RWT,US,"Redwood Trust, Inc. Common Stock",nasdaq_trader
RXO,US,"RXO, Inc. Common Stock",nasdaq_trader
RXRX,US,"Recursion Pharmaceuticals, Inc. - Class A Common Stock",nasdaq_trader
RXST,US,"RxSight, Inc. - Common Stock",nasdaq_trader
RXT,US,"Rackspace Technology, Inc. - Common Stock",nasdaq_trader
RY,US,Royal Bank Of Canada Common Stock,nasdaq_trader
RYAM,US,Rayonier Advanced Materials Inc. Common Stock,nasdaq_trader
RYAN,US,"Ryan Specialty Holdings, Inc. Class A Common Stock",nasdaq_trader
RYDE,US,Ryde Group Ltd. Class A Ordinary Shares,nasdaq_trader
RYET,US,Ruanyun Edai Technology Inc. - Ordinary shares,nasdaq_trader
RYM,US,"RYTHM, Inc. - Common Stock",nasdaq_trader
RYN,US,Rayonier Inc. REIT Common Stock,nasdaq_trader
RYOJ,US,"rYojbaba Co., Ltd. - Common Shares",nasdaq_trader
RYTM,US,"Rhythm Pharmaceuticals, Inc. - Common Stock",nasdaq_trader
RYZ,US,Ryerson Holding Corporation Common Stock,nasdaq_trader
RZLT,US,"Rezolute, Inc. - Common Stock (NV)",nasdaq_trader
RZLV,US,Rezolve AI PLC - Ordinary Shares,nasdaq_trader
S,US,"SentinelOne, Inc. Class A Common Stock",nasdaq_trader
SA,US,"Seabridge Gold, Inc. Common Shares New",nasdaq_trader
SAAQ,US,Space Asset Acquisition Corp. - Class A Ordinary Shares,nasdaq_trader
SABA,US,Saba Capital Income & Opportunities Fund II Shares of Beneficial Interest,nasdaq_trader
SABR,US,Sabre Corporation - Common Stock,nasdaq_trader
SABS,US,"SAB Biotherapeutics, Inc. - Common Stock",nasdaq_trader
SAC,US,Safeguard Acquisition Corp. Class A Ordinary Shares,nasdaq_trader
SACH,US,Sachem Capital Corp. Common Shares,nasdaq_trader
SAFE,US,Safehold Inc. New Common Stock,nasdaq_trader
SAFT,US,"Safety Insurance Group, Inc. - Common Stock",nasdaq_trader
SAFX,US,"XCF Global, Inc. - Class A Common Stock",nasdaq_trader
SAGT,US,SAGTEC GLOBAL LIMITED - Class A Ordinary shares,nasdaq_trader
SAGU,US,Shreya Acquisition Group Class A Ordinary Shares,nasdaq_trader
SAGU-W,US,"Shreya Acquisition Group Redeemable warrants, entitling the holder to purchase one Class A Ordinary Share at $11.50 per share",nasdaq_trader
SAH,US,"Sonic Automotive, Inc. Common Stock",nasdaq_trader
SAIA,US,"Saia, Inc. - Common Stock",nasdaq_trader
SAIC,US,Science Applications International Corporation - Common Stock,nasdaq_trader
SAIH,US,SAIHEAT Limited - Class A Ordinary Shares,nasdaq_trader
SAIL,US,"SailPoint, Inc. - Common Stock",nasdaq_trader
SAM,US,"Boston Beer Company, Inc. (The) Common Stock",nasdaq_trader
SAMG,US,Silvercrest Asset Management Group Inc. - Common Stock,nasdaq_trader
SAN,US,"Banco Santander, S.A. Sponsored ADR (Spain)",nasdaq_trader
SANA,US,"Sana Biotechnology, Inc. - Common Stock",nasdaq_trader
SANG,US,Sangoma Technologies Corporation - Common Shares,nasdaq_trader
SANM,US,Sanmina Corporation - Common Stock,nasdaq_trader
SAP,US,SAP  SE ADS,nasdaq_trader
SAR,US,Saratoga Investment Corp New,nasdaq_trader
SARO,US,"StandardAero, Inc. Common Stock",nasdaq_trader
SATL,US,Satellogic Inc. - Class A Common Stock,nasdaq_trader
SATS,US,EchoStar Corporation - Common stock,nasdaq_trader
SB,US,"Safe Bulkers, Inc Common Stock ($0.001 par value)",nasdaq_trader
SBAC,US,SBA Communications Corporation - Class A Common Stock,nasdaq_trader
SBC,US,SBC Medical Group Holdings Incorporated - Common Stock,nasdaq_trader
SBCF,US,Seacoast Banking Corporation of Florida - Common Stock,nasdaq_trader
SBET,US,"Sharplink, Inc. - Common Stock",nasdaq_trader
SBEV,US,"Splash Beverage Group, Inc. (NV) Common Stock",nasdaq_trader
SBFG,US,"SB Financial Group, Inc. - Common Stock",nasdaq_trader
SBFM,US,Sunshine Biopharma Inc. - Common stock,nasdaq_trader
SBGI,US,"Sinclair, Inc. - Class A Common Stock",nasdaq_trader
SBH,US,"Sally Beauty Holdings, Inc. (Name to be changed from Sally Holdings, Inc.) Common Stock",nasdaq_trader
SBI,US,Western Asset Intermediate Muni Fund Inc Common Stock,nasdaq_trader
SBLK,US,Star Bulk Carriers Corp. - Common Shares,nasdaq_trader
SBMT,US,Silver Bow Mining Corp. Common Shares,nasdaq_trader
SBR,US,Sabine Royalty Trust Common Stock,nasdaq_trader
SBRA,US,"Sabra Health Care REIT, Inc. - Common Stock",nasdaq_trader
SBSI,US,"Southside Bancshares, Inc. Common Stock",nasdaq_trader
SBSW,US,D/B/A Sibanye-Stillwater Limited ADS,nasdaq_trader
SBUX,US,Starbucks Corporation - Common Stock,nasdaq_trader
SBXD,US,SilverBox Corp IV Class A Ordinary Shares,nasdaq_trader
SBXD-W,US,"SilverBox Corp IV Redeemable warrants, each whole warrant exercisable for one Class A Ordinary Share at an exercise price of $11.50",nasdaq_trader
SBXE,US,SilverBox Corp V Class A Ordinary Shares,nasdaq_trader
SBXE-W,US,"SilverBox Corp V Redeemable warrants, each whole warrant exercisable for one Class A Ordinary Share at an exercise price of $11.50",nasdaq_trader
SCCO,US,Southern Copper Corporation Common Stock,nasdaq_trader
SCD,US,LMP Capital and Income Fund Inc. Common Stock,nasdaq_trader
SCHL,US,Scholastic Corporation - Common Stock,nasdaq_trader
SCHW,US,Charles Schwab Corporation (The) Common Stock,nasdaq_trader
SCI,US,Service Corporation International Common Stock,nasdaq_trader
SCII,US,SC II Acquisition Corp. - Class A ordinary share,nasdaq_trader
SCKT,US,"Socket Mobile, Inc. - Common Stock",nasdaq_trader
SCL,US,Stepan Company Common Stock,nasdaq_trader
SCLX,US,Scilex Holding Company - Common Stock,nasdaq_trader
SCM,US,Stellus Capital Investment Corporation Common Stock,nasdaq_trader
SCNX,US,"Scienture Holdings, Inc. - Common Stock",nasdaq_trader
SCOR,US,"comScore, Inc. - Common Stock",nasdaq_trader
SCPQ,US,Social Commerce Partners Corporation - Class A Ordinary Shares,nasdaq_trader
SCSC,US,"ScanSource, Inc. - Common Stock",nasdaq_trader
SCWO,US,374Water Inc. - common stock,nasdaq_trader
SCYX,US,"SCYNEXIS, Inc. - Common Stock",nasdaq_trader
SCZM,US,Santacruz Silver Mining Ltd. - Common Shares,nasdaq_trader
SD,US,"SandRidge Energy, Inc. Common Stock",nasdaq_trader
SDA,US,SunCar Technology Group Inc. - Ordinary Shares,nasdaq_trader
SDEV,US,Stablecoin Development Corporation Common Stock,nasdaq_trader
SDGR,US,"Schrodinger, Inc. - Common Stock",nasdaq_trader
SDHC,US,Smith Douglas Homes Corp. Class A Common Stock,nasdaq_trader
SDHI,US,Siddhi Acquisition Corp - Class A Common stock,nasdaq_trader
SDHY,US,PGIM Short Duration High Yield Opportunities Fund Common Shares,nasdaq_trader
SDM,US,Smart Digital Group Limited - Ordinary Shares,nasdaq_trader
SDOT,US,Sadot Group Inc. - Common Stock,nasdaq_trader
SDRL,US,Seadrill Limited Common Shares,nasdaq_trader
SDST,US,Stardust Power Inc. - Common Stock,nasdaq_trader
SEAT,US,Vivid Seats Inc. - Class A common stock,nasdaq_trader
SEB,US,Seaboard Corporation Common Stock,nasdaq_trader
SEDG,US,"SolarEdge Technologies, Inc. - Common Stock",nasdaq_trader
SEED,US,Origin Agritech Limited - Ordinary Shares,nasdaq_trader
SEER,US,"Seer, Inc. - Class A Common Stock",nasdaq_trader
SEG,US,Seaport Entertainment Group Inc. Common Stock,nasdaq_trader
SEGG,US,Sports Entertainment Gaming Global Corporation  - Common Stock,nasdaq_trader
SEI,US,"Solaris Energy Infrastructure, Inc. Class A Common Stock",nasdaq_trader
SEIC,US,SEI Investments Company - Common Stock,nasdaq_trader
SELF,US,"Global Self Storage, Inc. - Common Stock",nasdaq_trader
SEM,US,Select Medical Holdings Corporation Common Stock,nasdaq_trader
SENEA,US,Seneca Foods Corp. - Class A Common Stock,nasdaq_trader
SENEB,US,Seneca Foods Corp. - Class B Common Stock,nasdaq_trader
SENS,US,"Senseonics Holdings, Inc. - Common Stock",nasdaq_trader
SEPN,US,"Septerna, Inc. - Common Stock",nasdaq_trader
SER,US,"Serina Therapeutics, Inc. Common Stock",nasdaq_trader
SERA,US,"Sera Prognostics, Inc. - Class A Common Stock",nasdaq_trader
SERV,US,Serve Robotics Inc. - Common Stock,nasdaq_trader
SES,US,SES AI Corporation Class A Common Stock,nasdaq_trader
SEV,US,Aptera Motors Corp. - Class B Common Stock,nasdaq_trader
SEVN,US,Seven Hills Realty Trust  - Common Stock,nasdaq_trader
SEZL,US,Sezzle Inc. - Common Stock,nasdaq_trader
SF,US,Stifel Financial Corporation Common Stock,nasdaq_trader
SFBC,US,"Sound Financial Bancorp, Inc. - Common Stock",nasdaq_trader
SFBS,US,"ServisFirst Bancshares, Inc. Common Stock",nasdaq_trader
SFD,US,"Smithfield Foods, Inc. - Common Stock",nasdaq_trader
SFHG,US,Samfine Creation Holdings Group Limited - Class A Ordinary Share,nasdaq_trader
SFIX,US,"Stitch Fix, Inc. - Class A Common Stock",nasdaq_trader
SFL,US,SFL Corporation Ltd,nasdaq_trader
SFM,US,"Sprouts Farmers Market, Inc. - Common Stock",nasdaq_trader
SFNC,US,Simmons First National Corporation - Common Stock,nasdaq_trader
SFST,US,"Southern First Bancshares, Inc. - Common Stock",nasdaq_trader
SFWL,US,Shengfeng Development Limited - Class A Ordinary Shares,nasdaq_trader
SG,US,"Sweetgreen, Inc. Class A Common Stock",nasdaq_trader
SGA,US,"Saga Communications, Inc. - Class A Common Stock",nasdaq_trader
SGC,US,"Superior Group of Companies, Inc. - Common Stock",nasdaq_trader
SGHC,US,Super Group (SGHC) Limited Ordinary Shares,nasdaq_trader
SGHT,US,"Sight Sciences, Inc. - Common Stock",nasdaq_trader
SGI,US,Somnigroup International Inc. Common Stock,nasdaq_trader
SGLY,US,Singularity Future Technology Ltd. - Common Stock,nasdaq_trader
SGML,US,Sigma Lithium Corporation - common shares,nasdaq_trader
SGMT,US,Sagimet Biosciences Inc. - Series A Common Stock,nasdaq_trader
SGP,US,"SpyGlass Pharma, Inc. - Common Stock",nasdaq_trader
SGRP,US,"SPAR Group, Inc. - Common Stock",nasdaq_trader
SGRY,US,"Surgery Partners, Inc. - Common Stock",nasdaq_trader
SGU,US,Star Group L.P. Common Stock,nasdaq_trader
SHAK,US,"Shake Shack, Inc. Class A Common Stock",nasdaq_trader
SHAZ,US,"SharonAI Holdings, Inc. - Class A Common Stock",nasdaq_trader
SHBI,US,"Shore Bancshares, Inc. - Common Stock",nasdaq_trader
SHC,US,Sotera Health Company - Common Stock,nasdaq_trader
SHEN,US,Shenandoah Telecommunications Co - Common Stock,nasdaq_trader
SHFS,US,"SHF Holdings, Inc. - Class A Common Stock",nasdaq_trader
SHIM,US,Shimmick Corporation - Common Stock,nasdaq_trader
SHIP,US,Seanergy Maritime Holdings Corp. - Common Stock,nasdaq_trader
SHLS,US,"Shoals Technologies Group, Inc. - Class A Common Stock",nasdaq_trader
SHMD,US,SCHMID Group N.V. - Class A Ordinary Shares,nasdaq_trader
SHO,US,"Sunstone Hotel Investors, Inc. Sunstone Hotel Investors, Inc. Common Shares",nasdaq_trader
SHOE,US,"Shoe Station Group, Inc. - Common Stock",nasdaq_trader
SHOO,US,"Steven Madden, Ltd. - Common Stock",nasdaq_trader
SHOP,US,Shopify Inc. - Class A Subordinate Voting Shares,nasdaq_trader
SHPH,US,"Shuttle Pharmaceuticals Holdings, Inc. - common stock",nasdaq_trader
SHW,US,Sherwin-Williams Company (The) Common Stock,nasdaq_trader
SI,US,"Shoulder Innovations, Inc. Common Stock",nasdaq_trader
SIBN,US,"SI-BONE, Inc. - Common Stock",nasdaq_trader
SID,US,Companhia Siderurgica Nacional S.A. Common Stock,nasdaq_trader
SIDU,US,"Sidus Space, Inc. - Class A Common Stock",nasdaq_trader
SIEB,US,Siebert Financial Corp. - Common Stock,nasdaq_trader
SIF,US,"SIFCO Industries, Inc. Common Stock",nasdaq_trader
SIFY,US,Sify Technologies Limited - American Depository Shares,nasdaq_trader
SIG,US,Signet Jewelers Limited Common Shares,nasdaq_trader
SIGA,US,SIGA Technologies Inc. - Common Stock,nasdaq_trader
SIGI,US,"Selective Insurance Group, Inc. - Common Stock",nasdaq_trader
SII,US,Sprott Inc. Common Shares,nasdaq_trader
SILA,US,"Sila Realty Trust, Inc. Common Stock",nasdaq_trader
SILC,US,Silicom Ltd - Ordinary Shares,nasdaq_trader
SILO,US,"Silo Pharma, Inc. - Common Stock",nasdaq_trader
SIMA,US,SIM Acquisition Corp. I - Class A Ordinary Shares,nasdaq_trader
SINT,US,"SiNtx Technologies, Inc. - Common Stock",nasdaq_trader
SION,US,"Sionna Therapeutics, Inc. - Common Stock",nasdaq_trader
SIRI,US,SiriusXM Holdings Inc. - Common Stock,nasdaq_trader
SITC,US,SITE Centers Corp. Common Stock,nasdaq_trader
SITE,US,"SiteOne Landscape Supply, Inc. Common Stock",nasdaq_trader
SITM,US,SiTime Corporation - Common Stock,nasdaq_trader
SJ,US,Scienjoy Holding Corporation - Class A Ordinary Shares,nasdaq_trader
SJM,US,The J.M. Smucker Company Common Stock,nasdaq_trader
SJT,US,San Juan Basin Royalty Trust Common Stock,nasdaq_trader
SKE,US,Skeena Resources Limited Common Shares,nasdaq_trader
SKIL,US,Skillsoft Corp. Class A Common Stock,nasdaq_trader
SKIN,US,SkinHealth Systems Inc. - Class A Common Stock,nasdaq_trader
SKK,US,SKK Holdings Limited - Class A Ordinary Shares,nasdaq_trader
SKLZ,US,Skillz Inc. Class A Common Stock,nasdaq_trader
SKM,US,"SK Telecom Co., Ltd. Common Stock",nasdaq_trader
SKT,US,Tanger Inc. Common Stock,nasdaq_trader
SKWD,US,"Skyward Specialty Insurance Group, Inc. - Common Stock",nasdaq_trader
SKY,US,"Champion Homes, Inc. Common Stock",nasdaq_trader
SKYA,US,"SkyAI, Inc. - Common Stock",nasdaq_trader
SKYE,US,"Skye Bioscience, Inc. - Common Stock",nasdaq_trader
SKYH,US,Sky Harbour Group Corporation Class A Common Stock,nasdaq_trader
SKYQ,US,Sky Quarry Inc. - Common Stock,nasdaq_trader
SKYT,US,"SkyWater Technology, Inc. - Common Stock",nasdaq_trader
SKYW,US,"SkyWest, Inc. - Common Stock",nasdaq_trader
SKYX,US,SKYX Platforms Corp. - Common Stock,nasdaq_trader
SLAB,US,"Silicon Laboratories, Inc. - Common Stock",nasdaq_trader
SLB,US,SLB Limited Common Shares,nasdaq_trader
SLBT,US,SL Science Holding Limited - Ordinary Shares,nasdaq_trader
SLDB,US,Solid Biosciences Inc. - Common Stock,nasdaq_trader
SLDE,US,"Slide Insurance Holdings, Inc. - Common Stock",nasdaq_trader
SLDP,US,"Solid Power, Inc. - Class A Common Stock",nasdaq_trader
SLE,US,"Super League Enterprise, Inc. - Common Stock",nasdaq_trader
SLF,US,Sun Life Financial Inc. Common Stock,nasdaq_trader
SLG,US,SL Green Realty Corp Common Stock,nasdaq_trader
SLGB,US,Smart Logistics Global Limited - Ordinary Shares,nasdaq_trader
SLGL,US,Sol-Gel Technologies Ltd. - Ordinary Shares,nasdaq_trader
SLGN,US,Silgan Holdings Inc. Common Stock,nasdaq_trader
SLI,US,Standard Lithium Ltd. Common Shares,nasdaq_trader
SLM,US,SLM Corporation - Common Stock,nasdaq_trader
SLMT,US,Brera Holdings PLC - Class B Ordinary Shares,nasdaq_trader
SLN,US,Silence Therapeutics Plc - American Depository Share,nasdaq_trader
SLND,US,"Southland Holdings, Inc. Common Stock",nasdaq_trader
SLNG,US,"Stabilis Solutions, Inc. - Common Stock",nasdaq_trader
SLNH,US,"Soluna Holdings, Inc. - Common Stock",nasdaq_trader
SLP,US,"Simulations Plus, Inc. - Common Stock",nasdaq_trader
SLQT,US,"SelectQuote, Inc. Common Stock",nasdaq_trader
SLRC,US,SLR Investment Corp. - Closed End Fund,nasdaq_trader
SLS,US,"SELLAS Life Sciences Group, Inc.  - Common Stock",nasdaq_trader
SLSN,US,"Solesence, Inc. - Common stock",nasdaq_trader
SLSR,US,Solaris Resources Inc. Common Shares,nasdaq_trader
SLVM,US,Sylvamo Corporation Common Stock,nasdaq_trader
SLXN,US,Silexion Therapeutics Corp - Ordinary Shares,nasdaq_trader
SM,US,SM Energy Company Common Stock,nasdaq_trader
SMA,US,"SmartStop Self Storage REIT, Inc. Common Stock",nasdaq_trader
SMBC,US,"Southern Missouri Bancorp, Inc. - Common Stock",nasdaq_trader
SMBK,US,"SmartFinancial, Inc. Common Stock",nasdaq_trader
SMC,US,Summit Midstream Corporation Common Stock,nasdaq_trader
SMCI,US,"Super Micro Computer, Inc. - Common Stock",nasdaq_trader
SMG,US,Scotts Miracle-Gro Company (The) Common Stock,nasdaq_trader
SMHB,US,ETRACS Monthly Pay 2x Leveraged Small Cap High Dividend ETN Series B,nasdaq_trader
SMHI,US,SEACOR Marine Holdings Inc. Common Stock,nasdaq_trader
SMID,US,Smith-Midland Corporation - Common Stock,nasdaq_trader
SMJF,US,SMJ International Holdings Inc. Class A Ordinary Shares,nasdaq_trader
SMMT,US,Summit Therapeutics Inc.  - Common Stock,nasdaq_trader
SMP,US,"Standard Motor Products, Inc. Common Stock",nasdaq_trader
SMPL,US,The Simply Good Foods Company - Common Stock,nasdaq_trader
SMR,US,NuScale Power Corporation Class A Common Stock,nasdaq_trader
SMRT,US,"SmartRent, Inc. Class A Common Stock",nasdaq_trader
SMSI,US,"Smith Micro Software, Inc. - Common Stock",nasdaq_trader
SMTC,US,Semtech Corporation - Common Stock,nasdaq_trader
SMTI,US,Sanara MedTech Inc. - Common Stock,nasdaq_trader
SMTK,US,"SmartKem, Inc. - Common Stock",nasdaq_trader
SMWB,US,Similarweb Ltd. Ordinary Shares,nasdaq_trader
SMX,US,SMX (Security Matters) Public Limited Company - Ordinary Shares,nasdaq_trader
SMXT,US,Solarmax Technology Inc. - Common Stock,nasdaq_trader
SN,US,"SharkNinja, Inc. Ordinary Shares",nasdaq_trader
SNA,US,Snap-On Incorporated Common Stock,nasdaq_trader
SNAL,US,"Snail, Inc. - Class A Common Stock",nasdaq_trader
SNAP,US,Snap Inc. Class A Common Stock,nasdaq_trader
SNBR,US,Sleep Number Corporation - Common Stock,nasdaq_trader
SND,US,"Smart Sand, Inc. - Common Stock",nasdaq_trader
SNDA,US,"Sonida Senior Living, Inc. Common Stock",nasdaq_trader
SNDK,US,Sandisk Corporation - Common Stock When-Issued,nasdaq_trader
SNDL,US,SNDL Inc. - Common Shares,nasdaq_trader
SNDR,US,"Schneider National, Inc. Common Stock",nasdaq_trader
SNDX,US,"Syndax Pharmaceuticals, Inc. - Common Stock",nasdaq_trader
SNES,US,"SenesTech, Inc. - Common Stock",nasdaq_trader
SNEX,US,StoneX Group Inc. - Common Stock,nasdaq_trader
SNFCA,US,Security National Financial Corporation - Class A Common Stock,nasdaq_trader
SNGX,US,"Soligenix, Inc. - Common Stock",nasdaq_trader
SNN,US,"Smith & Nephew SNATS, Inc. Common Stock",nasdaq_trader
SNOA,US,"Sonoma Pharmaceuticals, Inc. - Common Stock",nasdaq_trader
SNOW,US,Snowflake Inc. Common Stock,nasdaq_trader
SNPS,US,"Synopsys, Inc. - Common Stock",nasdaq_trader
SNT,US,Senstar Technologies Corporation - Common Shares,nasdaq_trader
SNTG,US,Sentage Holdings Inc. - Class A Ordinary Shares,nasdaq_trader
SNTI,US,"Senti Biosciences Holdings, Inc. - Common Stock",nasdaq_trader
SNWV,US,"SANUWAVE Health, Inc. - Common Stock",nasdaq_trader
SNX,US,TD SYNNEX Corporation Common Stock,nasdaq_trader
SNYR,US,Synergy CHC Corp. - Common Stock,nasdaq_trader
SO,US,Southern Company (The) Common Stock,nasdaq_trader
SOAR,US,"Volato Group, Inc. Class A Common Stock",nasdaq_trader
SOBO,US,South Bow Corporation Common Shares,nasdaq_trader
SOBR,US,"SOBR Safe, Inc. - Common Stock",nasdaq_trader
SOC,US,Sable Offshore Corp. Common Stock,nasdaq_trader
SOCA,US,Solarius Capital Acquisition Corp. - Class A Ordinary Share,nasdaq_trader
SOFI,US,"SoFi Technologies, Inc.  - Common Stock",nasdaq_trader
SOLS,US,Solstice Advanced Materials Inc. - Common Stock,nasdaq_trader
SOLV,US,Solventum Corporation Common Stock,nasdaq_trader
SON,US,Sonoco Products Company Common Stock,nasdaq_trader
SONM,US,"DNA X, Inc. - Common Stock",nasdaq_trader
SONO,US,"Sonos, Inc. - Common Stock",nasdaq_trader
SOPH,US,SOPHiA GENETICS SA - Ordinary Shares,nasdaq_trader
SOR,US,"Source Capital, Inc. Cmn Shs of BI",nasdaq_trader
SORA,US,AsiaStrategy - Ordinary Shares,nasdaq_trader
SORN,US,Soren Acquisition Corp. - Class A Ordinary Shares,nasdaq_trader
SOS,US,SOS Limited Class A Ordinary Shares,nasdaq_trader
SOTK,US,Sono-Tek Corporation - Common Stock,nasdaq_trader
SOUL,US,Soulpower Acquisition Corporation Class A Ordinary Shares,nasdaq_trader
SOUN,US,"SoundHound AI, Inc. - Class A Common Stock",nasdaq_trader
SOWG,US,Sow Good Inc. - Common Stock,nasdaq_trader
SPAI,US,Safe Pro Group Inc. - Common Stock,nasdaq_trader
SPB,US,"Spectrum Brands Holdings, Inc. Common Stock",nasdaq_trader
SPCB,US,"SuperCom, Ltd. - Ordinary Shares",nasdaq_trader
SPCE,US,"Virgin Galactic Holdings, Inc. Common Stock",nasdaq_trader
SPCX,US,Space Exploration Technologies Corp. - Class A Common Stock,nasdaq_trader
SPE,US,"Special Opportunities Fund, Inc Common Stock",nasdaq_trader
SPEG,US,Silver Pegasus Acquisition Corp - Class A Ordinary Shares,nasdaq_trader
SPFI,US,"South Plains Financial, Inc. - Common Stock",nasdaq_trader
SPG,US,"Simon Property Group, Inc. Common Stock",nasdaq_trader
SPGI,US,S&P Global Inc. Common Stock,nasdaq_trader
SPH,US,"Suburban Propane Partners, L.P. Common Stock",nasdaq_trader
SPHL,US,Springview Holdings Ltd - Ordinary shares,nasdaq_trader
SPHR,US,Sphere Entertainment Co. Class A Common Stock,nasdaq_trader
SPIR,US,"Spire Global, Inc. Class A Common Stock",nasdaq_trader
SPKL,US,Spark I Acquisition Corp. - Class A Ordinary Share,nasdaq_trader
SPMC,US,"Sound Point Meridian Capital, Inc. Common Stock",nasdaq_trader
SPNT,US,SiriusPoint Ltd. Common Shares,nasdaq_trader
SPOK,US,"Spok Holdings, Inc. - Common Stock",nasdaq_trader
SPOT,US,Spotify Technology S.A. Ordinary Shares,nasdaq_trader
SPPL,US,SIMPPLE LTD. - Ordinary Shares,nasdaq_trader
SPRB,US,"Spruce Biosciences, Inc. - Common Stock",nasdaq_trader
SPRC,US,SciSparc Ltd. - Ordinary Shares,nasdaq_trader
SPRO,US,"Spero Therapeutics, Inc. - Common Stock",nasdaq_trader
SPRU,US,Spruce Power Holding Corporation Class A Common Stock,nasdaq_trader
SPRY,US,"ARS Pharmaceuticals, Inc. - Common Stock",nasdaq_trader
SPSC,US,"SPS Commerce, Inc. - Common Stock",nasdaq_trader
SPT,US,"Sprout Social, Inc - Class A Common Stock",nasdaq_trader
SPTX,US,"Seaport Therapeutics, Inc. - Common Stock",nasdaq_trader
SPWH,US,"Sportsman's Warehouse Holdings, Inc. - Common Stock",nasdaq_trader
SPWR,US,SunPower Inc. - Common Stock,nasdaq_trader
SPXC,US,"SPX Technologies, Inc. Common Stock",nasdaq_trader
SPXX,US,Nuveen S&P 500 Dynamic Overwrite Fund,nasdaq_trader
SQFT,US,"Presidio Property Trust, Inc. - Class A Common Stock",nasdaq_trader
SQM,US,Sociedad Quimica y Minera S.A. Common Stock,nasdaq_trader
SR,US,Spire Inc. Common Stock,nasdaq_trader
SRAD,US,Sportradar Group AG - Class A Ordinary Shares,nasdaq_trader
SRBK,US,"SR Bancorp, Inc. - Common stock",nasdaq_trader
SRCE,US,1st Source Corporation - Common Stock,nasdaq_trader
SRE,US,DBA Sempra Common Stock,nasdaq_trader
SRFM,US,Surf Air Mobility Inc. Common Stock,nasdaq_trader
SRG,US,Seritage Growth Properties Class A Common Stock,nasdaq_trader
SRI,US,"Stoneridge, Inc. Common Stock",nasdaq_trader
SRL,US,Scully Royalty Ltd.,nasdaq_trader
SRPT,US,"Sarepta Therapeutics, Inc. - Common Stock",nasdaq_trader
SRRK,US,Scholar Rock Holding Corporation - Common Stock,nasdaq_trader
SRTA,US,"Strata Critical Medical, Inc. - Class A Common Stock",nasdaq_trader
SRTS,US,"Sensus Healthcare, Inc. - Common Stock",nasdaq_trader
SRV,US,NXG Cushing Midstream Energy Fund Common Shares of Beneficial Interest,nasdaq_trader
SRXH,US,"SRX Health Solutions, Inc. Common Stock",nasdaq_trader
SRZN,US,"Surrozen, Inc. - Common Stock",nasdaq_trader
SSAC,US,SPACSphere Acquisition Corp. - Class A Ordinary Shares,nasdaq_trader
SSB,US,SouthState Bank Corporation Common Stock,nasdaq_trader
SSBI,US,Summit State Bank - Common Stock,nasdaq_trader
SSD,US,"Simpson Manufacturing Company, Inc. Common Stock",nasdaq_trader
SSEA,US,Starry Sea Acquisition Corp - Ordinary Shares,nasdaq_trader
SSII,US,SS Innovations International Inc. - Common Stock,nasdaq_trader
SSM,US,Sono Group N.V. - Ordinary Shares,nasdaq_trader
SSMR,US,Sunshine Silver Mining & Refining Company Common Stock,nasdaq_trader
SSNC,US,"SS&C Technologies Holdings, Inc. - Common Stock",nasdaq_trader
SSP,US,E.W. Scripps Company (The) - Class A Common Stock,nasdaq_trader
SSRM,US,SSR Mining Inc. - Common Stock,nasdaq_trader
SSSS,US,SuRo Capital Corp. - Closed End Fund,nasdaq_trader
SST,US,"System1, Inc. Class A Common Stock",nasdaq_trader
SSTI,US,"SoundThinking, Inc. - Common Stock",nasdaq_trader
SSTK,US,"Shutterstock, Inc. Common Stock",nasdaq_trader
SSYS,US,"Stratasys, Ltd. - Common Stock",nasdaq_trader
ST,US,Sensata Technologies Holding plc Ordinary Shares,nasdaq_trader
STAA,US,STAAR Surgical Company - Common Stock,nasdaq_trader
STAG,US,"Stag Industrial, Inc. Common Stock",nasdaq_trader
STAK,US,STAK Inc. - Class A Ordinary Shares,nasdaq_trader
STBA,US,"S&T Bancorp, Inc. - Common Stock",nasdaq_trader
STC,US,Stewart Information Services Corporation Common Stock,nasdaq_trader
STE,US,STERIS plc (Ireland) Ordinary Shares,nasdaq_trader
STEL,US,"Stellar Bancorp, Inc. Common Stock",nasdaq_trader
STEM,US,"Stem, Inc. Class A Common Stock",nasdaq_trader
STEP,US,StepStone Group Inc. - Class A Common Stock,nasdaq_trader
STEW,US,"SRH Total Return Fund, Inc. Common Stock",nasdaq_trader
STEX,US,Streamex Corp. - Common Stock,nasdaq_trader
STFS,US,Star Fashion Culture Holdings Limited - Class A Ordinary Shares,nasdaq_trader
STGW,US,Stagwell Inc. - Class A Common Stock,nasdaq_trader
STHO,US,Star Holdings - Shares of Beneficial Interest,nasdaq_trader
STI,US,"Solidion Technology, Inc. - Common Stock",nasdaq_trader
STIM,US,"Neuronetics, Inc. - Common Stock",nasdaq_trader
STK,US,Columbia Seligman Premium Technology Growth Fund Inc,nasdaq_trader
STKE,US,Sol Strategies Inc. - Common Shares,nasdaq_trader
STKS,US,"The ONE Group Hospitality, Inc. - Common Stock",nasdaq_trader
STLA,US,Stellantis N.V. Common Shares,nasdaq_trader
STLD,US,"Steel Dynamics, Inc. - Common Stock",nasdaq_trader
STM,US,STMicroelectronics N.V. Common Stock,nasdaq_trader
STN,US,Stantec Inc Common Stock,nasdaq_trader
STNE,US,StoneCo Ltd. - Class A Common Share,nasdaq_trader
STNG,US,Scorpio Tankers Inc. Common Shares,nasdaq_trader
STOK,US,"Stoke Therapeutics, Inc. - Common Stock",nasdaq_trader
STRA,US,"Strategic Education, Inc. - Common Stock",nasdaq_trader
STRL,US,"Sterling Infrastructure, Inc. - Common Stock",nasdaq_trader
STRO,US,"Sutro Biopharma, Inc. - Common Stock",nasdaq_trader
STRR,US,"Star Equity Holdings, Inc. - Common Stock",nasdaq_trader
STRS,US,Stratus Properties Inc. - Common Stock,nasdaq_trader
STRT,US,STRATTEC SECURITY CORPORATION - Common Stock,nasdaq_trader
STRW,US,"Strawberry Fields REIT, Inc. Common Stock",nasdaq_trader
STRZ,US,Starz Entertainment Corp. - Common Shares,nasdaq_trader
STT,US,State Street Corporation Common Stock,nasdaq_trader
STTK,US,"Shattuck Labs, Inc. - Common Stock",nasdaq_trader
STUB,US,"StubHub Holdings, Inc. Class A Common Stock",nasdaq_trader
STVN,US,Stevanato Group S.p.A. Ordinary Shares,nasdaq_trader
STWD,US,"STARWOOD PROPERTY TRUST, INC. Starwood Property Trust Inc.",nasdaq_trader
STX,US,Seagate Technology Holdings PLC - Ordinary Shares (Ireland),nasdaq_trader
STXS,US,"Stereotaxis, Inc. Common Stock",nasdaq_trader
STZ,US,"Constellation Brands, Inc. Common Stock",nasdaq_trader
SU,US,Suncor Energy  Inc. Common Stock,nasdaq_trader
SUGP,US,SU Group Holdings Limited - Class A Ordinary Shares,nasdaq_trader
SUI,US,"Sun Communities, Inc. Common Stock",nasdaq_trader
SUIG,US,Sui Group Holdings Limited - Common Stock,nasdaq_trader
SUJA,US,"Suja Life, Inc. - Class A Common Stock",nasdaq_trader
SUMA,US,SUMA Acquisition Corporation - Class A Ordinary Shares,nasdaq_trader
SUNB,US,"Sunbelt Rentals Holdings, Inc. Common Stock",nasdaq_trader
SUNE,US,"SUNation Energy, Inc. - Common Stock",nasdaq_trader
SUNS,US,"Sunrise Realty Trust, Inc. - Common Stock",nasdaq_trader
SUPN,US,"Supernus Pharmaceuticals, Inc. - Common Stock",nasdaq_trader
SUPX,US,SuperX AI Technology Limited - Ordinary Shares,nasdaq_trader
SURG,US,"SurgePays, Inc. - Common Stock",nasdaq_trader
SVA,US,"Sinovac Biotech, Ltd. - Ordinary Shares (Antigua/Barbudo)",nasdaq_trader
SVAC,US,Spring Valley Acquisition Corp. III - Class A Ordinary Shares,nasdaq_trader
SVAQ,US,Silicon Valley Acquisition Corp. - Class A Ordinary Shares,nasdaq_trader
SVC,US,Service Properties Trust - Shares of Beneficial Interest,nasdaq_trader
SVCC,US,Stellar V Capital Corp. - Class A Ordinary Shares,nasdaq_trader
SVCO,US,"Silvaco Group, Inc. - Common Stock",nasdaq_trader
SVIV,US,Spring Valley Acquisition Corp. IV - Class A Ordinary Shares,nasdaq_trader
SVM,US,Silvercorp Metals Inc. Common Shares,nasdaq_trader
SVRA,US,"Savara, Inc. - Common Stock",nasdaq_trader
SVRN,US,OceanPal Inc. - Common Stock,nasdaq_trader
SVV,US,"Savers Value Village, Inc. Common Stock",nasdaq_trader
SW,US,Smurfit WestRock plc Ordinary Shares,nasdaq_trader
SWAG,US,"Stran & Company, Inc. - Common Stock",nasdaq_trader
SWBI,US,"Smith & Wesson Brands, Inc. - Common Stock",nasdaq_trader
SWIM,US,"Latham Group, Inc. - Common Stock",nasdaq_trader
SWK,US,"Stanley Black & Decker, Inc. Common Stock",nasdaq_trader
SWKS,US,"Skyworks Solutions, Inc. - Common Stock",nasdaq_trader
SWMR,US,"Swarmer, Inc - common stock",nasdaq_trader
SWVL,US,Swvl Holdings Corp - Ordinary Shares,nasdaq_trader
SWX,US,"Southwest Gas Holdings, Inc. Common Stock (DE)",nasdaq_trader
SWZ,US,Total Return Securities Fund Common Stock,nasdaq_trader
SXC,US,"SunCoke Energy, Inc. Common Stock",nasdaq_trader
SXI,US,Standex International Corporation Common Stock,nasdaq_trader
SXT,US,Sensient Technologies Corporation Common Stock,nasdaq_trader
SXTC,US,"China SXT Pharmaceuticals, Inc. - Class A Ordinary Shares",nasdaq_trader
SXTP,US,"60 Degrees Pharmaceuticals, Inc. - Common Stock",nasdaq_trader
SY,US,So-Young International Inc. - American Depository Shares,nasdaq_trader
SYBT,US,"Stock Yards Bancorp, Inc. - Common Stock",nasdaq_trader
SYF,US,Synchrony Financial Common Stock,nasdaq_trader
SYK,US,Stryker Corporation Common Stock,nasdaq_trader
SYM,US,Symbotic Inc. - Class A Common Stock,nasdaq_trader
SYNA,US,Synaptics Incorporated - Common Stock,nasdaq_trader
SYNX,US,Silynxcom Ltd. Ordinary Shares,nasdaq_trader
SYPR,US,"Sypris Solutions, Inc. - Common Stock",nasdaq_trader
SYRE,US,"Spyre Therapeutics, Inc. - Common Stock",nasdaq_trader
SYY,US,Sysco Corporation Common Stock,nasdaq_trader
SZZL,US,Sizzle Acquisition Corp. II - Class A ordinary shares,nasdaq_trader
T,US,AT&T Inc.,nasdaq_trader
TAC,US,TransAlta Corporation Ordinary Shares,nasdaq_trader
TACH,US,Titan Acquisition Corp. - Class A Ordinary Shares,nasdaq_trader
TACO,US,Berto Acquisition Corp. - Ordinary Shares,nasdaq_trader
TACOU,US,Berto Acquisition Corp. - unit,nasdaq_trader
TACT,US,TransAct Technologies Incorporated - Common Stock,nasdaq_trader
TALK,US,"Talkspace, Inc. - Common Stock",nasdaq_trader
TALO,US,"Talos Energy, Inc. Common Stock",nasdaq_trader
TANH,US,Tantech Holdings Ltd. - Class A Common Shares,nasdaq_trader
TAOP,US,Taoping Inc. - Ordinary Shares,nasdaq_trader
TAOX,US,Tao Synergies Inc. - Common Stock,nasdaq_trader
TAP,US,Molson Coors Beverage Company Class B Common Stock,nasdaq_trader
TAP-A,US,Molson Coors Beverage Company Class A Common Stock,nasdaq_trader
TARA,US,"Protara Therapeutics, Inc.  - Common Stock",nasdaq_trader
TARS,US,"Tarsus Pharmaceuticals, Inc. - Common Stock",nasdaq_trader
TASK,US,"TaskUs, Inc. - Class A Common Stock",nasdaq_trader
TATT,US,TAT Technologies Ltd. - Ordinary Shares,nasdaq_trader
TAVI,US,Tavia Acquisition Corp. - Ordinary Shares,nasdaq_trader
TAYD,US,"Taylor Devices, Inc. - Common Stock",nasdaq_trader
TBBB,US,BBB Foods Inc. Class A Common Shares,nasdaq_trader
TBBK,US,"The Bancorp, Inc. - Common Stock",nasdaq_trader
TBCH,US,Turtle Beach Corporation - Common Stock,nasdaq_trader
TBH,US,"Brag House Holdings, Inc. - Common Stock",nasdaq_trader
TBI,US,"TrueBlue, Inc. Common Stock",nasdaq_trader
TBLA,US,Taboola.com Ltd. - Ordinary Shares,nasdaq_trader
TBLD,US,Thornburg Income Builder Opportunities Trust - Closed End Fund,nasdaq_trader
TBN,US,Tamboran Resources Corporation Common stock,nasdaq_trader
TBPH,US,"Theravance Biopharma, Inc. - Ordinary Shares",nasdaq_trader
TBRG,US,"TruBridge, Inc. - Common Stock",nasdaq_trader
TCBI,US,"Texas Capital Bancshares, Inc. - Common Stock",nasdaq_trader
TCBK,US,TriCo Bancshares - Common Stock,nasdaq_trader
TCBS,US,"Texas Community Bancshares, Inc. - Common Stock",nasdaq_trader
TCBX,US,"Third Coast Bancshares, Inc. Common Stock",nasdaq_trader
TCI,US,"Transcontinental Realty Investors, Inc. Common Stock",nasdaq_trader
TCMD,US,"Tactile Systems Technology, Inc. - Common Stock",nasdaq_trader
TCPC,US,BlackRock TCP Capital Corp. - Closed End Fund,nasdaq_trader
TCRT,US,"Alaunos Therapeutics, Inc. - Common Stock",nasdaq_trader
TCRX,US,"TScan Therapeutics, Inc. - Common Stock",nasdaq_trader
TCX,US,Tucows Inc. - Common Stock,nasdaq_trader
TD,US,Toronto Dominion Bank (The) Common Stock,nasdaq_trader
TDAC,US,Translational Development Acquisition Corp. - Ordinary Shares,nasdaq_trader
TDAY,US,"USA TODAY Co., Inc. Common Stock",nasdaq_trader
TDC,US,Teradata Corporation Common Stock,nasdaq_trader
TDF,US,"Templeton Dragon Fund, Inc. Common Stock",nasdaq_trader
TDG,US,Transdigm Group Incorporated Common Stock,nasdaq_trader
TDIC,US,Dreamland Limited - Class A Ordinary Shares,nasdaq_trader
TDOC,US,"Teladoc Health, Inc. Common Stock",nasdaq_trader
TDS,US,"Telephone and Data Systems, Inc. Common Shares",nasdaq_trader
TDTH,US,Trident Digital Tech Holdings Ltd - American Depository Shares,nasdaq_trader
TDUP,US,ThredUp Inc. - Class A Common Stock,nasdaq_trader
TDW,US,Tidewater Inc. Common Stock,nasdaq_trader
TDWD,US,Tailwind 2.0 Acquisition Corp. - Class A Ordinary Shares,nasdaq_trader
TDY,US,Teledyne Technologies Incorporated Common Stock,nasdaq_trader
TE,US,T1 Energy Inc. Common Stock,nasdaq_trader
TEAD,US,Teads Holding Co. - Common Stock,nasdaq_trader
TEAM,US,Atlassian Corporation  - Class A Common Stock,nasdaq_trader
TECH,US,Bio-Techne Corp - Common Stock,nasdaq_trader
TECK,US,Teck Resources Ltd Ordinary Shares,nasdaq_trader
TECX,US,"Tectonic Therapeutic, Inc. - Common Stock",nasdaq_trader
TEI,US,"Templeton Emerging Markets Income Fund, Inc. Common Stock",nasdaq_trader
TEL,US,TE Connectivity plc Ordinary Shares,nasdaq_trader
TELA,US,"TELA Bio, Inc. - Common stock",nasdaq_trader
TELO,US,"Telomir Pharmaceuticals, Inc. - Common Stock",nasdaq_trader
TEM,US,"Tempus AI, Inc. - Class A Common Stock",nasdaq_trader
TEN,US,Tsakos Energy Navigation Ltd Common Shares,nasdaq_trader
TENB,US,"Tenable Holdings, Inc. - Common Stock",nasdaq_trader
TENX,US,"Tenax Therapeutics, Inc. - Common Stock",nasdaq_trader
TEO,US,Telecom Argentina SA,nasdaq_trader
TER,US,"Teradyne, Inc. - Common Stock",nasdaq_trader
TEX,US,Terex Corporation Common Stock,nasdaq_trader
TFC,US,Truist Financial Corporation Common Stock,nasdaq_trader
TFII,US,TFI International Inc. Common Shares,nasdaq_trader
TFIN,US,"Triumph Financial, Inc. Common Stock",nasdaq_trader
TFPM,US,Triple Flag Precious Metals Corp. Common Shares,nasdaq_trader
TFSL,US,TFS Financial Corporation - Common Stock,nasdaq_trader
TFX,US,Teleflex Incorporated Common Stock,nasdaq_trader
TG,US,Tredegar Corporation Common Stock,nasdaq_trader
TGB,US,"Taseko Mines, Ltd. Common Stock",nasdaq_trader
TGE,US,The Generation Essentials Group Class A Ordinary Shares,nasdaq_trader
TGEN,US,Tecogen Inc. Common Stock,nasdaq_trader
TGHL,US,The GrowHub Limited - Class A Ordinary Shares,nasdaq_trader
TGL,US,Treasure Global Inc. - Common Stock,nasdaq_trader
TGLS,US,Tecnoglass Inc. Ordinary Shares,nasdaq_trader
TGS,US,Transportadora de Gas del Sur SA TGS Common Stock,nasdaq_trader
TGT,US,Target Corporation Common Stock,nasdaq_trader
TGTX,US,"TG Therapeutics, Inc. - Common Stock",nasdaq_trader
TH,US,Target Hospitality Corp. - Common Stock,nasdaq_trader
THC,US,Tenet Healthcare Corporation Common Stock,nasdaq_trader
THCH,US,TH International Limited - Ordinary shares,nasdaq_trader
THFF,US,First Financial Corporation  - Common Stock,nasdaq_trader
THG,US,Hanover Insurance Group Inc,nasdaq_trader
THH,US,TryHard Holdings Limited - Ordinary Shares,nasdaq_trader
THM,US,"International Tower Hill Mines, Ltd. Ordinary Shares (Canada)",nasdaq_trader
THO,US,"Thor Industries, Inc. Common Stock",nasdaq_trader
THQ,US,abrdn Healthcare Opportunities Fund Shares of Beneficial Interest,nasdaq_trader
THRM,US,Gentherm Inc - Common Stock,nasdaq_trader
THRY,US,"Thryv Holdings, Inc. - Common Stock",nasdaq_trader
THW,US,abrdn World Healthcare Fund Shares of Beneficial Interest,nasdaq_trader
TIC,US,"TIC Solutions, Inc. Common Stock",nasdaq_trader
TIGO,US,Millicom International Cellular S.A. - Common Stock,nasdaq_trader
TII,US,Titan Mining Corporation Common Shares,nasdaq_trader
TIL,US,"Instil Bio, Inc. - Common Stock",nasdaq_trader
TILE,US,"Interface, Inc. - Common Stock",nasdaq_trader
TIPT,US,Tiptree Inc. - Common Stock,nasdaq_trader
TISI,US,"Team, Inc. Common Stock",nasdaq_trader
TITN,US,Titan Machinery Inc. - Common Stock,nasdaq_trader
TJGC,US,TJGC Group Limited - ordinary shares,nasdaq_trader
TJX,US,"TJX Companies, Inc. (The) Common Stock",nasdaq_trader
TK,US,Teekay Corporation Ltd. Common Stock,nasdaq_trader
TKC,US,Turkcell Iletisim Hizmetleri AS Common Stock,nasdaq_trader
TKNO,US,"Alpha Teknova, Inc. - Common Stock",nasdaq_trader
TKO,US,"TKO Group Holdings, Inc. Class A Common Stock",nasdaq_trader
TKR,US,Timken Company (The) Common Stock,nasdaq_trader
TLF,US,"Tandy Leather Factory, Inc. - common stock",nasdaq_trader
TLIH,US,Ten-League International Holdings Limited - Ordinary Shares,nasdaq_trader
TLK,US,"PT Telekomunikasi Indonesia, Tbk",nasdaq_trader
TLN,US,Talen Energy Corporation - Common Stock,nasdaq_trader
TLNC,US,Talon Capital Corp. - Class A Ordinary Shares,nasdaq_trader
TLPH,US,"Talphera, Inc. - Common Stock",nasdaq_trader
TLRY,US,"Tilray Brands, Inc. - Common Stock",nasdaq_trader
TLS,US,Telos Corporation - Common Stock,nasdaq_trader
TLSA,US,Tiziana Life Sciences Ltd - Common Shares,nasdaq_trader
TLSI,US,"TriSalus Life Sciences, Inc. - Common Stock",nasdaq_trader
TLYS,US,"Tilly's, Inc. Common Stock",nasdaq_trader
TM,US,Toyota Motor Corporation Common Stock,nasdaq_trader
TMC,US,TMC the metals company Inc. - Common Stock,nasdaq_trader
TMCI,US,"Treace Medical Concepts, Inc. - Common Stock",nasdaq_trader
TMCR,US,The Metals Royalty Company Inc. - Common Stock,nasdaq_trader
TMDE,US,TMD Energy Limited Ordinary Shares,nasdaq_trader
TMDX,US,"TransMedics Group, Inc. - Common Stock",nasdaq_trader
TMHC,US,Taylor Morrison Home Corporation Common Stock,nasdaq_trader
TMO,US,Thermo Fisher Scientific Inc Common Stock,nasdaq_trader
TMP,US,Tompkins Financial Corporation Common Stock,nasdaq_trader
TMQ,US,Trilogy Metals Inc. Common Stock,nasdaq_trader
TMTS,US,Spartacus Acquisition Corp. II - Class A Ordinary Shares,nasdaq_trader
TMUS,US,"T-Mobile US, Inc. - Common Stock",nasdaq_trader
TNC,US,Tennant Company Common Stock,nasdaq_trader
TNDM,US,"Tandem Diabetes Care, Inc. - Common Stock",nasdaq_trader
TNET,US,"TriNet Group, Inc. Common Stock",nasdaq_trader
TNGX,US,"Tango Therapeutics, Inc. - Common Stock",nasdaq_trader
TNK,US,Teekay Tankers Ltd.,nasdaq_trader
TNL,US,Travel   Leisure Co. Common  Stock,nasdaq_trader
TNMG,US,TNL Mediagene - Ordinary Shares,nasdaq_trader
TNON,US,"Tenon Medical, Inc. - Common Stock",nasdaq_trader
TNXP,US,Tonix Pharmaceuticals Holding Corp. - Common Stock,nasdaq_trader
TNYA,US,"Tenaya Therapeutics, Inc. - Common Stock",nasdaq_trader
TOI,US,"The Oncology Institute, Inc. - Common Stock",nasdaq_trader
TOL,US,"Toll Brothers, Inc. Common Stock",nasdaq_trader
TOMZ,US,"TOMI Environmental Solutions, Inc. - Common Stock",nasdaq_trader
TONX,US,TON Strategy Company - Common Stock,nasdaq_trader
TOON,US,"Kartoon Studios, Inc. Common Stock",nasdaq_trader
TOP,US,TOP Financial Group Limited - Class A Ordinary Shares,nasdaq_trader
TOPP,US,Toppoint Holdings Inc. Common Stock,nasdaq_trader
TOPS,US,"TOP Ships, Inc. Common Stock",nasdaq_trader
TORO,US,Toro Corp. - Common stock,nasdaq_trader
TOST,US,"Toast, Inc. Class A Common Stock",nasdaq_trader
TOVX,US,"Theriva Biologics, Inc. Common Stock",nasdaq_trader
TOWN,US,Towne Bank - Common Stock,nasdaq_trader
TOYO,US,"TOYO Co., Ltd - Ordinary Shares",nasdaq_trader
TPB,US,"Turning Point Brands, Inc. Common Stock",nasdaq_trader
TPC,US,Tutor Perini Corporation Common Stock,nasdaq_trader
TPCS,US,TechPrecision Corporation - Common stock,nasdaq_trader
TPET,US,Trio Petroleum Corp. Common Stock,nasdaq_trader
TPG,US,TPG Inc. - Class A Common Stock,nasdaq_trader
TPL,US,Texas Pacific Land Corporation Common Stock,nasdaq_trader
TPR,US,"Tapestry, Inc. Common Stock",nasdaq_trader
TPST,US,"Tempest Therapeutics, Inc. - Common Stock",nasdaq_trader
TPVG,US,TriplePoint Venture Growth BDC Corp. Common Stock,nasdaq_trader
TR,US,"Tootsie Roll Industries, Inc. Common Stock",nasdaq_trader
TRAD,US,APEX Tech Acquisition Inc. Ordinary Shares,nasdaq_trader
TRAK,US,"ReposiTrak, Inc. Common Stock",nasdaq_trader
TRAW,US,"Traws Pharma, Inc. - Common Stock",nasdaq_trader
TRAX,US,"First Tracks Biotherapeutics, Inc. - Ordinary Shares",nasdaq_trader
TRC,US,Tejon Ranch Co Common Stock,nasdaq_trader
TRDA,US,"Entrada Therapeutics, Inc. - Common Stock",nasdaq_trader
TREE,US,"LendingTree, Inc. - Common Stock",nasdaq_trader
TREX,US,"Trex Company, Inc. Common Stock",nasdaq_trader
TRGP,US,"Targa Resources, Inc. Common Stock",nasdaq_trader
TRGS,US,TRG Latin America Acquisitions Corp. - Class A Ordinary Shares,nasdaq_trader
TRI,US,Thomson Reuters Corp - Common Shares,nasdaq_trader
TRIN,US,Trinity Capital Inc. - Common Stock,nasdaq_trader
TRIP,US,"TripAdvisor, Inc. - Common Stock",nasdaq_trader
TRLV,US,Trulieve Cannabis Corp. Subordinate Voting Shares,nasdaq_trader
TRMB,US,Trimble Inc. - Common Stock,nasdaq_trader
TRMD,US,TORM plc - Class A Common Stock,nasdaq_trader
TRMK,US,Trustmark Corporation - Common Stock,nasdaq_trader
TRN,US,"Trinity Industries, Inc. Common Stock",nasdaq_trader
TRNO,US,Terreno Realty Corporation Common Stock,nasdaq_trader
TRNR,US,Interactive Strength Inc. - Common Stock,nasdaq_trader
TRNS,US,"Transcat, Inc. - Common Stock",nasdaq_trader
TRON,US,Tron Inc. - Common Stock,nasdaq_trader
TROO,US,"TROOPS, Inc.  - Ordinary Shares",nasdaq_trader
TROW,US,"T. Rowe Price Group, Inc. - Common Stock",nasdaq_trader
TROX,US,Tronox Holdings plc Ordinary Shares (UK),nasdaq_trader
TRP,US,TC Energy Corporation Common Stock,nasdaq_trader
TRS,US,TriMas Corporation - Common Stock,nasdaq_trader
TRSG,US,Tungray Technologies Inc - Class A Ordinary Shares,nasdaq_trader
TRST,US,TrustCo Bank Corp NY - Common Stock,nasdaq_trader
TRT,US,Trio-Tech International Common Stock,nasdaq_trader
TRTX,US,"TPG RE Finance Trust, Inc. Common Stock",nasdaq_trader
TRU,US,TransUnion Common Stock,nasdaq_trader
TRUG,US,"TruGolf Holdings, Inc. - Class A Common Stock",nasdaq_trader
TRUP,US,"Trupanion, Inc. - Common Stock",nasdaq_trader
TRV,US,"The Travelers Companies, Inc. Common Stock",nasdaq_trader
TRVI,US,"Trevi Therapeutics, Inc. - Common Stock",nasdaq_trader
TRX,US,TRX Gold Corporation Common Stock,nasdaq_trader
TSAT,US,Telesat Corporation - Class A Common Shares and Class B Variable Voting Shares,nasdaq_trader
TSBK,US,"Timberland Bancorp, Inc. - Common Stock",nasdaq_trader
TSCO,US,Tractor Supply Company - Common Stock,nasdaq_trader
TSEM,US,Tower Semiconductor Ltd. - Ordinary Shares,nasdaq_trader
TSHA,US,"Taysha Gene Therapies, Inc. - Common Stock",nasdaq_trader
TSI,US,"TCW Strategic Income Fund, Inc. Common Stock",nasdaq_trader
TSLA,US,"Tesla, Inc.  - Common Stock",nasdaq_trader
TSLX,US,"Sixth Street Specialty Lending, Inc. Common Stock",nasdaq_trader
TSM,US,Taiwan Semiconductor Manufacturing Company Ltd.,nasdaq_trader
TSN,US,"Tyson Foods, Inc. Common Stock",nasdaq_trader
TSQ,US,"Townsquare Media, Inc. Class A Common Stock",nasdaq_trader
TSSI,US,"TSS, Inc. - Common Stock",nasdaq_trader
TT,US,Trane Technologies plc,nasdaq_trader
TTAM,US,Titan America SA Common Shares,nasdaq_trader
TTAN,US,"ServiceTitan, Inc. - Class A Common Stock",nasdaq_trader
TTC,US,Toro Company (The) Common Stock,nasdaq_trader
TTD,US,"The Trade Desk, Inc. - Class A Common Stock",nasdaq_trader
TTE,US,TotalEnergies SE Ordinary Shares,nasdaq_trader
TTEC,US,"TTEC Holdings, Inc. - Common Stock",nasdaq_trader
TTEK,US,"Tetra Tech, Inc. - Common Stock",nasdaq_trader
TTGT,US,"TechTarget, Inc. - Common Stock",nasdaq_trader
TTI,US,"Tetra Technologies, Inc. Common Stock",nasdaq_trader
TTMI,US,"TTM Technologies, Inc. - Common Stock",nasdaq_trader
TTRX,US,Turn Therapeutics Inc. - Common Stock,nasdaq_trader
TTWO,US,"Take-Two Interactive Software, Inc. - Common Stock",nasdaq_trader
TU,US,Telus Corporation Ordinary Shares,nasdaq_trader
TULP,US,"Bloomia Holdings, Inc. - Common Stock",nasdaq_trader
TUSK,US,"Mammoth Energy Services, Inc. - Common Stock",nasdaq_trader
TV,US,Grupo Televisa S.A.B. Common Stock,nasdaq_trader
TVA,US,Texas Ventures Acquisition III Corp - Class A Ordinary Share,nasdaq_trader
TVAI,US,Thayer Ventures Acquisition Corporation II - Class A Ordinary Shares,nasdaq_trader
TVC,US,Tennessee Valley Authority Common Stock,nasdaq_trader
TVE,US,Tennessee Valley Authority,nasdaq_trader
TVGN,US,Tevogen Bio Holdings Inc. - Common Stock,nasdaq_trader
TVRD,US,"Tvardi Therapeutics, Inc. - Common Stock",nasdaq_trader
TVTX,US,"Travere Therapeutics, Inc. - Common Stock",nasdaq_trader
TW,US,Tradeweb Markets Inc. - Class A Common Stock,nasdaq_trader
TWAV,US,"TaoWeave, Inc. - Common Stock",nasdaq_trader
TWFG,US,"TWFG, Inc. - Common Stock",nasdaq_trader
TWG,US,Top Wealth Group Holding Limited - Class A Ordinary Shares,nasdaq_trader
TWI,US,"Titan International, Inc. (DE) Common Stock",nasdaq_trader
TWIN,US,"Twin Disc, Incorporated - Common Stock",nasdaq_trader
TWLO,US,Twilio Inc. Class A Common Stock,nasdaq_trader
TWLV,US,Twelve Seas Investment Company III - Class A Ordinary Shares,nasdaq_trader
TWN,US,"Taiwan Fund, Inc. (The) Common Stock",nasdaq_trader
TWO,US,Two Harbors Investment Corp,nasdaq_trader
TWST,US,Twist Bioscience Corporation - Common Stock,nasdaq_trader
TXG,US,"10x Genomics, Inc. - Common Stock",nasdaq_trader
TXMD,US,"TherapeuticsMD, Inc. - Common Stock",nasdaq_trader
TXN,US,Texas Instruments Incorporated - Common Stock,nasdaq_trader
TXNM,US,"TXNM Energy, Inc. Common Stock",nasdaq_trader
TXRH,US,"Texas Roadhouse, Inc. - Common Stock",nasdaq_trader
TXT,US,Textron Inc. Common Stock,nasdaq_trader
TY,US,Tri Continental Corporation Common Stock,nasdaq_trader
TYG,US,Tortoise Energy Infrastructure Corporation Common Stock,nasdaq_trader
TYGO,US,"Tigo Energy, Inc. - Common Stock",nasdaq_trader
TYL,US,"Tyler Technologies, Inc. Common Stock",nasdaq_trader
TYRA,US,"Tyra Biosciences, Inc. - Common Stock",nasdaq_trader
TZOO,US,Travelzoo - Common Stock,nasdaq_trader
U,US,Unity Software Inc. Common Stock,nasdaq_trader
UA,US,"Under Armour, Inc. Class C Common Stock",nasdaq_trader
UAA,US,"Under Armour, Inc. Class A Common Stock",nasdaq_trader
UAC,US,United Acquisition Corp. I Class A Ordinary Shares,nasdaq_trader
UAL,US,"United Airlines Holdings, Inc. - Common Stock",nasdaq_trader
UAMY,US,United States Antimony Corporation Common Stock,nasdaq_trader
UAVS,US,"AgEagle Aerial Systems, Inc. Common Stock",nasdaq_trader
UBCP,US,"United Bancorp, Inc. - Common Stock",nasdaq_trader
UBER,US,"Uber Technologies, Inc. Common Stock",nasdaq_trader
UBS,US,UBS Group AG Registered Ordinary Shares,nasdaq_trader
UBSI,US,"United Bankshares, Inc. - Common Stock",nasdaq_trader
UBXG,US,U-BX Technology Ltd. - Class A Ordinary Shares,nasdaq_trader
UCAR,US,U Power Limited - Class A Ordinary Shares,nasdaq_trader
UCB,US,"United Community Banks, Inc. Common Stock",nasdaq_trader
UCFI,US,CN Healthy Food Tech Group Corp. - Common Stock,nasdaq_trader
UCIB,US,"ETRACS UBS Bloomberg Constant Maturity Commodity Index (CMCI) Total Return ETN Series B due April 5, 2038",nasdaq_trader
UCTT,US,"Ultra Clean Holdings, Inc. - Common Stock",nasdaq_trader
UDR,US,"UDR, Inc. Common Stock",nasdaq_trader
UE,US,Urban Edge Properties Common Shares of Beneficial Interest,nasdaq_trader
UEC,US,Uranium Energy Corp. Common Stock,nasdaq_trader
UEIC,US,Universal Electronics Inc. - Common Stock,nasdaq_trader
UFCS,US,"United Fire Group, Inc - Common Stock",nasdaq_trader
UFG,US,Uni-Fuels Holdings Limited - Class A Ordinary Shares,nasdaq_trader
UFI,US,"Unifi, Inc. New Common Stock",nasdaq_trader
UFPI,US,"UFP Industries, Inc. - Common Stock",nasdaq_trader
UFPT,US,"UFP Technologies, Inc. - Common Stock",nasdaq_trader
UG,US,"United-Guardian, Inc. - Common Stock",nasdaq_trader
UGI,US,UGI Corporation Common Stock,nasdaq_trader
UHAL,US,U-Haul Holding Company Common Stock,nasdaq_trader
UHAL-B,US,U-Haul Holding Company Series N Non-Voting Common Stock,nasdaq_trader
UHS,US,"Universal Health Services, Inc. Common Stock",nasdaq_trader
UHT,US,Universal Health Realty Income Trust Common Stock,nasdaq_trader
UI,US,Ubiquiti Inc. Common Stock,nasdaq_trader
UIS,US,Unisys Corporation New Common Stock,nasdaq_trader
UK,US,Ucommune International Ltd  - Class A Ordinary Shares,nasdaq_trader
ULBI,US,Ultralife Corporation - Common Stock,nasdaq_trader
ULCC,US,"Frontier Group Holdings, Inc. - Common Stock",nasdaq_trader
ULH,US,"Universal Logistics Holdings, Inc. - Common Stock",nasdaq_trader
ULS,US,UL Solutions Inc. Class A Common Stock,nasdaq_trader
ULTA,US,"Ulta Beauty, Inc. - Common Stock",nasdaq_trader
UMAC,US,"Unusual Machines, Inc. Common Stock",nasdaq_trader
UMBF,US,UMB Financial Corporation - Common Stock,nasdaq_trader
UMC,US,United Microelectronics Corporation (NEW) Common Stock,nasdaq_trader
UMH,US,"UMH Properties, Inc. Common Stock",nasdaq_trader
UNB,US,"Union Bankshares, Inc. - Common Stock",nasdaq_trader
UNCY,US,"Unicycive Therapeutics, Inc. - Common Stock",nasdaq_trader
UNF,US,Unifirst Corporation Common Stock,nasdaq_trader
UNFI,US,"United Natural Foods, Inc. Common Stock",nasdaq_trader
UNH,US,UnitedHealth Group Incorporated Common Stock (DE),nasdaq_trader
UNIT,US,Uniti Group Inc. - Common Stock,nasdaq_trader
UNM,US,Unum Group Common Stock,nasdaq_trader
UNP,US,Union Pacific Corporation Common Stock,nasdaq_trader
UNTY,US,"Unity Bancorp, Inc. - Common Stock",nasdaq_trader
UONE,US,"Urban One, Inc.  - Class A Common Stock",nasdaq_trader
UONEK,US,"Urban One, Inc.  - Class D Common Stock",nasdaq_trader
UP,US,Wheels Up Experience Inc. Class A Common Stock,nasdaq_trader
UPB,US,"Upstream Bio, Inc. - Common Stock",nasdaq_trader
UPBD,US,"Upbound Group, Inc. - Common Stock",nasdaq_trader
UPC,US,Universe Pharmaceuticals Inc - Class A Ordinary Shares,nasdaq_trader
UPLD,US,"Upland Software, Inc. - Common Stock",nasdaq_trader
UPS,US,"United Parcel Service, Inc. Common Stock",nasdaq_trader
UPST,US,"Upstart Holdings, Inc. - Common stock",nasdaq_trader
UPWK,US,Upwork Inc. - Common Stock,nasdaq_trader
UPXI,US,"Upexi, Inc. - Common Stock",nasdaq_trader
URBN,US,"Urban Outfitters, Inc. - Common Stock",nasdaq_trader
URG,US,Ur Energy Inc Common Shares (Canada),nasdaq_trader
URGN,US,UroGen Pharma Ltd. - Ordinary Shares,nasdaq_trader
URI,US,"United Rentals, Inc. Common Stock",nasdaq_trader
UROY,US,Uranium Royalty Corp. - Common Stock,nasdaq_trader
USA,US,Liberty All-Star Equity Fund Common Stock,nasdaq_trader
USAR,US,"USA Rare Earth, Inc. - Common Stock",nasdaq_trader
USAS,US,"Americas Gold and Silver Corporation Common Shares, no par value",nasdaq_trader
USAU,US,U.S. Gold Corp. - Common Stock,nasdaq_trader
USB,US,U.S. Bancorp Common Stock,nasdaq_trader
USBC,US,"USBC, Inc. Common Stock",nasdaq_trader
USCB,US,"USCB Financial Holdings, Inc.  - Class A Common Stock",nasdaq_trader
USEA,US,United Maritime Corporation - Common Stock,nasdaq_trader
USFD,US,US Foods Holding Corp. Common Stock,nasdaq_trader
USGO,US,U.S. GoldMining Inc. - Common stock,nasdaq_trader
USIO,US,"Usio, Inc. - Common Stock",nasdaq_trader
USLM,US,"United States Lime & Minerals, Inc. - Common Stock",nasdaq_trader
USNA,US,"USANA Health Sciences, Inc. Common Stock",nasdaq_trader
USPH,US,"U.S. Physical Therapy, Inc. Common Stock",nasdaq_trader
UTF,US,"Cohen & Steers Infrastructure Fund, Inc Common Stock",nasdaq_trader
UTG,US,Reaves Utility Income Fund Common Shares of Beneficial Interest,nasdaq_trader
UTHR,US,United Therapeutics Corporation - Common Stock,nasdaq_trader
UTI,US,Universal Technical Institute Inc Common Stock,nasdaq_trader
UTL,US,UNITIL Corporation Common Stock,nasdaq_trader
UTMD,US,"Utah Medical Products, Inc. - Common Stock",nasdaq_trader
UTSI,US,UTStarcom Holdings Corp - Ordinary Shares,nasdaq_trader
UTZ,US,Utz Brands Inc Class A Common Stock,nasdaq_trader
UUU,US,"Universal Safety Products, Inc. Common Stock",nasdaq_trader
UUUU,US,Energy Fuels Inc Ordinary Shares (Canada),nasdaq_trader
UVE,US,UNIVERSAL INSURANCE HOLDINGS INC Common Stock,nasdaq_trader
UVSP,US,Univest Financial Corporation - Common Stock,nasdaq_trader
UVV,US,Universal Corporation Common Stock,nasdaq_trader
UWMC,US,UWM Holdings Corporation Class A Common Stock,nasdaq_trader
UYSC,US,UY Scuti Acquisition Corp. - Ordinary Shares,nasdaq_trader
UZX,US,Linkage Global Inc - Class A Ordinary Shares,nasdaq_trader
V,US,Visa Inc.,nasdaq_trader
VABK,US,Virginia National Bankshares Corporation - Common Stock,nasdaq_trader
VAC,US,Marriott Vacations Worldwide Corporation Common Stock,nasdaq_trader
VACI,US,Viking Acquisition Corp. I Class A Ordinary Shares,nasdaq_trader
VAL,US,Valaris Limited Common Shares,nasdaq_trader
VALU,US,"Value Line, Inc. - Common Stock",nasdaq_trader
VANI,US,"Vivani Medical, Inc.  - Common Stock",nasdaq_trader
VATE,US,INNOVATE Corp. Common Stock,nasdaq_trader
VBF,US,Invesco Bond Fund Common Stock,nasdaq_trader
VBIO,US,"Valion Bio, Inc. - Common stock",nasdaq_trader
VBNK,US,VersaBank - Common Shares,nasdaq_trader
VC,US,Visteon Corporation - Common Stock,nasdaq_trader
VCEL,US,Vericel Corporation - Common Stock,nasdaq_trader
VCIG,US,VCI Global Limited - Ordinary Share,nasdaq_trader
VCTR,US,"Victory Capital Holdings, Inc. - Common Stock",nasdaq_trader
VCV,US,Invesco California Value Municipal Income Trust Common Stock,nasdaq_trader
VCX,US,"Fundrise Innovation Fund, LLC Common Shares of Limited Liability Company Interests",nasdaq_trader
VCYT,US,"Veracyte, Inc. - Common Stock",nasdaq_trader
VECA,US,Vernal Capital Acquisition Corp. Ordinary Shares,nasdaq_trader
VECO,US,Veeco Instruments Inc. - Common Stock,nasdaq_trader
VEEA,US,Veea Inc. - Common Stock,nasdaq_trader
VEEE,US,Twin Vee PowerCats Co. - Common Stock,nasdaq_trader
VEEV,US,Veeva Systems Inc. Class A Common Stock,nasdaq_trader
VEL,US,"Velocity Financial, Inc. Common Stock",nasdaq_trader
VELO,US,"Velo3D, Inc. - Common stock",nasdaq_trader
VENU,US,Venu Holding Corporation Common Stock,nasdaq_trader
VERA,US,"Vera Therapeutics, Inc. - Class A Common Stock",nasdaq_trader
VERI,US,"Veritone, Inc. - Common Stock",nasdaq_trader
VERU,US,Veru Inc. - Common Stock,nasdaq_trader
VERX,US,"Vertex, Inc. - Class A Common Stock",nasdaq_trader
VET,US,Vermilion Energy Inc. Common (Canada),nasdaq_trader
VFC,US,V.F. Corporation Common Stock,nasdaq_trader
VFF,US,"Village Farms International, Inc. - Common Shares",nasdaq_trader
VFL,US,abrdn National Municipal Income Fund Common Stock,nasdaq_trader
VFS,US,VinFast Auto Ltd. - Ordinary Shares,nasdaq_trader
VG,US,"Venture Global, Inc. Class A common stock",nasdaq_trader
VGAS,US,"Verde Clean Fuels, Inc. - Class A Common Stock",nasdaq_trader
VGI,US,Virtus Global Multi-Sector Income Fund Common Shares of Beneficial Interest,nasdaq_trader
VGM,US,Invesco Trust for Investment Grade Municipals Common Stock (DE),nasdaq_trader
VGNT,US,Versigent PLC Ordinary Shares,nasdaq_trader
VGZ,US,Vista Gold Corp Common Stock,nasdaq_trader
VHC,US,VirnetX Holding Corp - Common Stock,nasdaq_trader
VHCP,US,Vine Hill Capital Investment Corp. II - Class A Ordinary Shares,nasdaq_trader
VHI,US,"Valhi, Inc. Common Stock",nasdaq_trader
VHUB,US,"VenHub Global, Inc. - Common Stock",nasdaq_trader
VIA,US,"Via Transportation, Inc. Class A Common Stock",nasdaq_trader
VIAV,US,Viavi Solutions Inc. - Common Stock,nasdaq_trader
VICI,US,VICI Properties Inc. Common Stock,nasdaq_trader
VICR,US,Vicor Corporation - Common Stock,nasdaq_trader
VIDA,US,VIDA Global Inc. Class A Common Stock,nasdaq_trader
VIK,US,Viking Holdings Ltd Ordinary Shares,nasdaq_trader
VINP,US,Vinci Compass Investments Ltd. - Class A Common Shares,nasdaq_trader
VIR,US,"Vir Biotechnology, Inc. - Common Stock",nasdaq_trader
VIRC,US,Virco Manufacturing Corporation - Common Stock,nasdaq_trader
VIRT,US,"Virtu Financial, Inc. Class A Common Stock",nasdaq_trader
VISN,US,"Vistance Networks, Inc.  - Common Stock",nasdaq_trader
VITL,US,"Vital Farms, Inc. - Common Stock",nasdaq_trader
VIVK,US,"Vivakor, Inc. - Common Stock",nasdaq_trader
VIVO,US,VivoPower PLC - Ordinary Shares,nasdaq_trader
VIVS,US,"VivoSim Labs, Inc. - Common Stock",nasdaq_trader
VKI,US,Invesco Advantage Municipal Income Trust II Common Shares of Beneficial Interest (DE),nasdaq_trader
VKQ,US,Invesco Municipal Trust Common Stock,nasdaq_trader
VKTX,US,"Viking Therapeutics, Inc. - Common Stock",nasdaq_trader
VLGEA,US,"Village Super Market, Inc. - Class A Common Stock",nasdaq_trader
VLN,US,Valens Semiconductor Ltd. Ordinary Shares,nasdaq_trader
VLO,US,Valero Energy Corporation Common Stock,nasdaq_trader
VLT,US,Invesco High Income Trust II,nasdaq_trader
VLTO,US,Veralto Corp Common Stock,nasdaq_trader
VLY,US,Valley National Bancorp - Common Stock,nasdaq_trader
VMAR,US,Vision Marine Technologies Inc. - Common Shares,nasdaq_trader
VMC,US,Vulcan Materials Company (Holding Company) Common Stock,nasdaq_trader
VMD,US,"Viemed Healthcare, Inc. - Common Shares",nasdaq_trader
VMET,US,Versamet Royalties Corporation - Common Stock,nasdaq_trader
VMI,US,"Valmont Industries, Inc. Common Stock",nasdaq_trader
VMO,US,Invesco Municipal Opportunity Trust Common Stock,nasdaq_trader
VNCE,US,Vince Holding Corp. - Common Stock,nasdaq_trader
VNDA,US,Vanda Pharmaceuticals Inc. - Common Stock,nasdaq_trader
VNME,US,Vendome Acquisition Corporation I - Class A Ordinary Shares,nasdaq_trader
VNO,US,Vornado Realty Trust Common Stock,nasdaq_trader
VNOM,US,"Viper Energy, Inc.  - Class A Common Stock",nasdaq_trader
VNRX,US,VolitionRX Limited Common Stock,nasdaq_trader
VNT,US,Vontier Corporation Common Stock,nasdaq_trader
VNTG,US,Vantage Corp Class A Ordinary Shares,nasdaq_trader
VOR,US,Vor Biopharma Inc. - Common Stock,nasdaq_trader
VOXR,US,Vox Royalty Corp. - common stock,nasdaq_trader
VOYA,US,"Voya Financial, Inc. Common Stock",nasdaq_trader
VOYG,US,"Voyager Technologies, Inc. Class A Common Stock",nasdaq_trader
VPG,US,"Vishay Precision Group, Inc. Common Stock",nasdaq_trader
VPV,US,Invesco Pennsylvania Value Municipal Income Trust Common Stock (DE),nasdaq_trader
VRA,US,"Vera Bradley, Inc. - Common Stock",nasdaq_trader
VRAX,US,Virax Biolabs Group Limited - Ordinary Shares,nasdaq_trader
VRCA,US,Verrica Pharmaceuticals Inc. - Common Stock,nasdaq_trader
VRDN,US,"Viridian Therapeutics, Inc.  - Common Stock",nasdaq_trader
VREX,US,Varex Imaging Corporation - Common Stock,nasdaq_trader
VRM,US,"Vroom, Inc. - Common Stock",nasdaq_trader
VRME,US,"VerifyMe, Inc. - Common Stock",nasdaq_trader
VRNS,US,"Varonis Systems, Inc. - Common Stock",nasdaq_trader
VRRM,US,Verra Mobility Corporation - Class A Common Stock,nasdaq_trader
VRSK,US,"Verisk Analytics, Inc. - Common Stock",nasdaq_trader
VRSN,US,"VeriSign, Inc. - Common Stock",nasdaq_trader
VRT,US,"Vertiv Holdings, LLC Class A Common Stock",nasdaq_trader
VRTS,US,"Virtus Investment Partners, Inc. Common Stock",nasdaq_trader
VRTX,US,Vertex Pharmaceuticals Incorporated - Common Stock,nasdaq_trader
VRXA,US,Veraxa Biotech AG - Ordinary Shares,nasdaq_trader
VS,US,Versus Systems Inc. - Common Stock,nasdaq_trader
VSAT,US,"ViaSat, Inc. - Common Stock",nasdaq_trader
VSEC,US,VSE Corporation - Common Stock,nasdaq_trader
VSEE,US,"VSee Health, Inc. - Common Stock",nasdaq_trader
VSH,US,"Vishay Intertechnology, Inc. Common Stock",nasdaq_trader
VSME,US,VS Media Holdings Limited - Class A Ordinary Shares,nasdaq_trader
VSNT,US,"Versant Media Group, Inc. - Class A Common Stock",nasdaq_trader
VST,US,Vistra Corp. Common Stock,nasdaq_trader
VSTD,US,Vestand Inc.  - Class A Common Stock,nasdaq_trader
VSTM,US,"Verastem, Inc. - Common Stock",nasdaq_trader
VSTS,US,Vestis Corporation Common Stock,nasdaq_trader
VSXY,US,Victorias Secret & Co. Common Stock,nasdaq_trader
VTAK,US,"Catheter Precision, Inc. Common Stock",nasdaq_trader
VTEX,US,VTEX Class A Common Shares,nasdaq_trader
VTGN,US,"Vistagen Therapeutics, Inc. - Common Stock",nasdaq_trader
VTIX,US,Virtuix Holdings Inc. - Class A Common Stock,nasdaq_trader
VTN,US,Invesco Trust for Investment Grade New York Municipals Common Stock,nasdaq_trader
VTOL,US,"Bristow Group, Inc. Common Stock",nasdaq_trader
VTR,US,"Ventas, Inc. Common Stock",nasdaq_trader
VTRS,US,Viatris Inc. - Common Stock,nasdaq_trader
VTS,US,"Vitesse Energy, Inc. Common Stock",nasdaq_trader
VTSI,US,"VirTra, Inc. - Common Stock",nasdaq_trader
VTVT,US,vTv Therapeutics Inc. - Class A Common Stock,nasdaq_trader
VUZI,US,Vuzix Corporation  - Common Stock,nasdaq_trader
VVOS,US,"Vivos Therapeutics, Inc. - Common Stock",nasdaq_trader
VVR,US,Invesco Senior Income Trust Common Stock (DE),nasdaq_trader
VVV,US,Valvoline Inc. Common Stock,nasdaq_trader
VVX,US,"V2X, Inc. Common Stock",nasdaq_trader
VWAV,US,"VisionWave Holdings, Inc. - Common Stock",nasdaq_trader
VXX,US,iPath Series B S&P 500 VIX Short-Term Futures ETN,nasdaq_trader
VXZ,US,iPath Series B S&P 500 VIX Mid-Term Futures ETN,nasdaq_trader
VYGR,US,"Voyager Therapeutics, Inc. - Common Stock",nasdaq_trader
VYNE,US,VYNE Therapeutics Inc. - Common Stock,nasdaq_trader
VYX,US,NCR Voyix Corporation Common Stock,nasdaq_trader
VZ,US,Verizon Communications Inc. Common Stock,nasdaq_trader
VZLA,US,Vizsla Silver Corp. Common Shares,nasdaq_trader
W,US,Wayfair Inc. Class A Common Stock,nasdaq_trader
WAB,US,Westinghouse Air Brake Technologies Corporation Common Stock,nasdaq_trader
WABC,US,Westamerica Bancorporation - Common Stock,nasdaq_trader
WAFD,US,"WaFd, Inc. - Common Stock",nasdaq_trader
WAFU,US,Wah Fu Education Group Limited - Ordinary Shares,nasdaq_trader
WAI,US,Top KingWin Ltd - Class A Ordinary Shares,nasdaq_trader
WAL,US,Western Alliance Bancorporation Common Stock (DE),nasdaq_trader
WALD,US,Waldencast plc - Class A Ordinary Share,nasdaq_trader
WASH,US,"Washington Trust Bancorp, Inc. - Common Stock",nasdaq_trader
WAT,US,Waters Corporation Common Stock,nasdaq_trader
WATT,US,Energous Corporation - Common Stock,nasdaq_trader
WAY,US,Waystar Holding Corp. - Common Stock,nasdaq_trader
WBD,US,"Warner Bros. Discovery, Inc. - Series A Common Stock",nasdaq_trader
WBI,US,WaterBridge Infrastructure LLC Class A Shares Representing Limited Liability Company Interests,nasdaq_trader
WBS,US,Webster Financial Corporation Common Stock,nasdaq_trader
WBTN,US,WEBTOON Entertainment Inc. - Common stock,nasdaq_trader
WBUY,US,WEBUY GLOBAL LTD. - Class A Ordinary Shares,nasdaq_trader
WBX,US,Wallbox N.V. Class A Ordinary Shares,nasdaq_trader
WCC,US,"WESCO International, Inc. Common Stock",nasdaq_trader
WCN,US,"Waste Connections, Inc. Common Shares",nasdaq_trader
WCT,US,Wellchange Holdings Company Limited - Class A Ordinary shares,nasdaq_trader
WD,US,"Walker & Dunlop, Inc Common Stock",nasdaq_trader
WDAY,US,"Workday, Inc. - Class A Common Stock",nasdaq_trader
WDC,US,Western Digital Corporation - Common Stock,nasdaq_trader
WDFC,US,WD-40 Company - Common Stock,nasdaq_trader
WDI,US,Western Asset Diversified Income Fund Common Shares of Beneficial Interest,nasdaq_trader
WEA,US,Western Asset Bond Fund Share of Beneficial Interest,nasdaq_trader
WEAV,US,"Weave Communications, Inc. Common Stock",nasdaq_trader
WEC,US,"WEC Energy Group, Inc. Common Stock",nasdaq_trader
WELL,US,Welltower Inc. Common Stock,nasdaq_trader
WEN,US,Wendy's Company (The) - Common Stock,nasdaq_trader
WENC,US,West Enclave Merger Corp. Ordinary Shares,nasdaq_trader
WENN,US,Wen Acquisition Corp - Class A Ordinary Shares,nasdaq_trader
WERN,US,"Werner Enterprises, Inc. - Common Stock",nasdaq_trader
WEST,US,Westrock Coffee Company - Common Stock,nasdaq_trader
WETH,US,Wetouch Technology Inc. - Common Stock,nasdaq_trader
WETO,US,Wetour Robotics Limited - Ordinary Shares,nasdaq_trader
WEX,US,WEX Inc. common stock,nasdaq_trader
WEYS,US,"Weyco Group, Inc. - Common Stock",nasdaq_trader
WFC,US,Wells Fargo & Company Common Stock,nasdaq_trader
WFCF,US,"Where Food Comes From, Inc. - Common Stock",nasdaq_trader
WFF,US,WF Holding Limited - Ordinary Shares,nasdaq_trader
WFG,US,West Fraser Timber Co. Ltd Common stock,nasdaq_trader
WFRD,US,Weatherford International plc - Ordinary shares,nasdaq_trader
WGO,US,"Winnebago Industries, Inc. Common Stock",nasdaq_trader
WGRX,US,"Wellgistics Health, Inc. - Common Stock",nasdaq_trader
WGS,US,GeneDx Holdings Corp. - Class A Common Stock,nasdaq_trader
WH,US,"Wyndham Hotels & Resorts, Inc. Common Stock",nasdaq_trader
WHD,US,"Cactus, Inc. Class A Common Stock",nasdaq_trader
WHF,US,"WhiteHorse Finance, Inc. - Closed End Fund",nasdaq_trader
WHG,US,Westwood Holdings Group Inc Common Stock,nasdaq_trader
WHK,US,WhiteHawk Minerals Corp Class A Common Stock,nasdaq_trader
WHLR,US,"Wheeler Real Estate Investment Trust, Inc. - Common Stock",nasdaq_trader
WHR,US,Whirlpool Corporation Common Stock,nasdaq_trader
WHWK,US,"Whitehawk Therapeutics, Inc. - Common Stock",nasdaq_trader
WIA,US,Western Asset Inflation-Linked Income Fund,nasdaq_trader
WILC,US,"G. Willi-Food International,  Ltd. - Ordinary Shares",nasdaq_trader
WIMI,US,WiMi Hologram Cloud Inc. - Class B Ordinary Shares,nasdaq_trader
WINA,US,Winmark Corporation - Common Stock,nasdaq_trader
WING,US,Wingstop Inc. - Common Stock,nasdaq_trader
WIT,US,Wipro Limited Common Stock,nasdaq_trader
WIW,US,Western Asset Inflation-Linked Opportunities & Income Fund,nasdaq_trader
WIX,US,Wix.com Ltd. - Ordinary Shares,nasdaq_trader
WK,US,Workiva Inc. Class A Common Stock,nasdaq_trader
WKC,US,World Kinect Corporation Common Stock,nasdaq_trader
WKHS,US,"Workhorse Group, Inc. - Common Stock",nasdaq_trader
WKSP,US,"Worksport, Ltd. - Common Stock",nasdaq_trader
WLDN,US,"Willdan Group, Inc. - Common Stock",nasdaq_trader
WLDS,US,Wearable Devices Ltd. - Ordinary Share,nasdaq_trader
WLFC,US,Willis Lease Finance Corporation - Common Stock,nasdaq_trader
WLII,US,Willow Lane Acquisition Corp. II - Class A Ordinary Shares,nasdaq_trader
WLK,US,Westlake Corporation Common Stock,nasdaq_trader
WLTH,US,Wealthfront Corporation - Common Stock,nasdaq_trader
WLY,US,"John Wiley & Sons, Inc. Common Stock",nasdaq_trader
WLYB,US,"John Wiley & Sons, Inc. Common Stock",nasdaq_trader
WM,US,"Waste Management, Inc. Common Stock",nasdaq_trader
WMB,US,"Williams Companies, Inc. (The) Common Stock",nasdaq_trader
WMG,US,Warner Music Group Corp. - Class A Common Stock,nasdaq_trader
WMK,US,"Weis Markets, Inc. Common Stock",nasdaq_trader
WMS,US,"Advanced Drainage Systems, Inc. Common Stock",nasdaq_trader
WMT,US,Walmart Inc. - Common Stock,nasdaq_trader
WNC,US,Wabash National Corporation Common Stock,nasdaq_trader
WNEB,US,"Western New England Bancorp, Inc. - Common Stock",nasdaq_trader
WNW,US,Meiwu Technology Company Limited - Ordinary Shares,nasdaq_trader
WOK,US,WORK Medical Technology Group LTD - Class A Ordinary Shares,nasdaq_trader
WOLF,US,"Wolfspeed, Inc. Common Stock New",nasdaq_trader
WOOF,US,"Petco Health and Wellness Company, Inc. - Class A Common Stock",nasdaq_trader
WOR,US,"Worthington Enterprises, Inc. Common Shares",nasdaq_trader
WPAC,US,White Pearl Acquisition Corp. Class A Ordinary Shares,nasdaq_trader
WPC,US,W. P. Carey Inc. REIT,nasdaq_trader
WPM,US,Wheaton Precious Metals Corp Common Shares (Canada),nasdaq_trader
WPRT,US,Westport Fuel Systems Inc - Common Shares,nasdaq_trader
WRAP,US,"Wrap Technologies, Inc. - Common Stock",nasdaq_trader
WRB,US,W.R. Berkley Corporation Common Stock,nasdaq_trader
WRBY,US,Warby Parker Inc. Class A Common Stock,nasdaq_trader
WRLD,US,World Acceptance Corporation - Common Stock,nasdaq_trader
WRN,US,Western Copper and Gold Corporation Common Stock,nasdaq_trader
WS,US,"Worthington Steel, Inc. Common Shares",nasdaq_trader
WSBC,US,"WesBanco, Inc. - Common Stock",nasdaq_trader
WSBF,US,"Waterstone Financial, Inc. - Common Stock",nasdaq_trader
WSBK,US,"Winchester Bancorp, Inc. - Common Stock",nasdaq_trader
WSC,US,WillScot Holdings Corporation - Class A Common Stock,nasdaq_trader
WSE,US,Wise Group plc - Class A Ordinary Shares,nasdaq_trader
WSFS,US,WSFS Financial Corporation - Common Stock,nasdaq_trader
WSHP,US,WeShop Holdings Limited - Class A Ordinary Shares,nasdaq_trader
WSM,US,"Williams-Sonoma, Inc. Common Stock (DE)",nasdaq_trader
WSO,US,"Watsco, Inc. Common Stock",nasdaq_trader
WSO-B,US,"Watsco, Inc. Class B Common Stock",nasdaq_trader
WSR,US,Whitestone REIT Common Shares,nasdaq_trader
WST,US,"West Pharmaceutical Services, Inc. Common Stock",nasdaq_trader
WSTN,US,Westin Acquisition Corp - Class A Ordinary Share,nasdaq_trader
WT,US,"WisdomTree, Inc. Common Stock",nasdaq_trader
WTBA,US,West Bancorporation - Common Stock,nasdaq_trader
WTF,US,Waton Financial Limited - Ordinary Shares,nasdaq_trader
WTFC,US,Wintrust Financial Corporation - Common Stock,nasdaq_trader
WTG,US,Wintergreen Acquisition Corp. - Ordinary Shares,nasdaq_trader
WTI,US,"W&T Offshore, Inc. Common Stock",nasdaq_trader
WTM,US,"White Mountains Insurance Group, Ltd. Common Stock",nasdaq_trader
WTO,US,UTime Limited - Class A Ordinary Shares,nasdaq_trader
WTRG,US,"Essential Utilities, Inc. Common Stock",nasdaq_trader
WTS,US,"Watts Water Technologies, Inc. Class A Common Stock",nasdaq_trader
WTTR,US,"Select Water Solutions, Inc. Class A common stock",nasdaq_trader
WTW,US,Willis Towers Watson Public Limited Company - Ordinary Shares,nasdaq_trader
WU,US,Western Union Company (The) Common Stock,nasdaq_trader
WULF,US,TeraWulf Inc. - Common Stock,nasdaq_trader
WVE,US,Wave Life Sciences Ltd. - Ordinary Shares,nasdaq_trader
WVVI,US,"Willamette Valley Vineyards, Inc. - Common Stock",nasdaq_trader
WW,US,"WW International, Inc.  - Common Stock",nasdaq_trader
WWD,US,"Woodward, Inc. - Common Stock",nasdaq_trader
WWR,US,"Westwater Resources, Inc. Common Stock",nasdaq_trader
WWW,US,"Wolverine World Wide, Inc. Common Stock",nasdaq_trader
WXM,US,WF International Limited - Ordinary Shares,nasdaq_trader
WY,US,Weyerhaeuser Company Common Stock,nasdaq_trader
WYFI,US,"WhiteFiber, Inc. - Ordinary Shares",nasdaq_trader
WYNN,US,"Wynn Resorts, Limited - Common Stock",nasdaq_trader
WYY,US,WidePoint Corporation Common Stock,nasdaq_trader
XAIR,US,"Beyond Air, Inc. - Common Stock",nasdaq_trader
XBIO,US,"Xenetic Biosciences, Inc. - Common Stock",nasdaq_trader
XBIT,US,XBiotech Inc. - Common Stock,nasdaq_trader
XBP,US,"XBP Global Holdings, Inc. - Common Stock",nasdaq_trader
XCBE,US,X3 Acquisition Corp. Ltd. - Class A Ordinary Shares,nasdaq_trader
XCH,US,XCHG Limited - ADS,nasdaq_trader
XCUR,US,"Exicure, Inc. - Common Stock",nasdaq_trader
XE,US,"X-Energy, Inc. - Class A Common Stock",nasdaq_trader
XEL,US,Xcel Energy Inc. - Common Stock,nasdaq_trader
XELB,US,"Xcel Brands, Inc - Common Stock",nasdaq_trader
XENE,US,Xenon Pharmaceuticals Inc. - Common Shares,nasdaq_trader
XERS,US,"Xeris Biopharma Holdings, Inc. - Common Stock",nasdaq_trader
XFLH,US,XFLH Capital Corporation Ordinary Shares,nasdaq_trader
XFLT,US,XAI Floating Rate & Alternative Income Trust Common Shares of Beneficial Interest,nasdaq_trader
XFOR,US,"X4 Pharmaceuticals, Inc. - Common Stock",nasdaq_trader
XGN,US,Exagen Inc. - Common Stock,nasdaq_trader
XHLD,US,"TEN Holdings, Inc. - Common Stock",nasdaq_trader
XHR,US,"Xenia Hotels & Resorts, Inc. Common Stock",nasdaq_trader
XLO,US,"Xilio Therapeutics, Inc. - Common Stock",nasdaq_trader
XMAX,US,"XMAX, Inc. - Common Stock",nasdaq_trader
XMTR,US,"Xometry, Inc. - Class A Common Stock",nasdaq_trader
XNCR,US,"Xencor, Inc. - Common Stock",nasdaq_trader
XNDU,US,Xanadu Quantum Technologies Limited - Class B Subordinate Voting Shares,nasdaq_trader
XOM,US,Exxon Mobil Corporation Common Stock,nasdaq_trader
XOMA,US,XOMA Royalty Corporation - Common Stock,nasdaq_trader
XOS,US,"Xos, Inc. - Common Stock",nasdaq_trader
XP,US,XP Inc. - Class A Common Stock,nasdaq_trader
XPEL,US,"XPEL, Inc. - Common Stock",nasdaq_trader
XPER,US,Xperi Inc. Common Stock,nasdaq_trader
XPEV,US,"XPeng Inc. American depositary shares, each representing two Class A ordinary shares",nasdaq_trader
XPL,US,Solitario Resources Corp. Common Stock,nasdaq_trader
XPO,US,"XPO, Inc. Common Stock",nasdaq_trader
XPOF,US,"Xponential Fitness, Inc. Class A Common Stock",nasdaq_trader
XPON,US,Expion360 Inc. - Common Stock,nasdaq_trader
XPRO,US,Expro Group Holdings N.V. Common Stock,nasdaq_trader
XRAY,US,DENTSPLY SIRONA Inc. - Common Stock,nasdaq_trader
XRN,US,Chiron Real Estate Inc. Common Stock,nasdaq_trader
XRPN,US,Armada Acquisition Corp. II - Class A Ordinary Shares,nasdaq_trader
XRTX,US,XORTX Therapeutics Inc. - Common Shares,nasdaq_trader
XRX,US,Xerox Holdings Corporation - Common Stock,nasdaq_trader
XSLL,US,Xsolla SPAC 1 - Class A Ordinary Shares,nasdaq_trader
XTIA,US,"XTI Aerospace, Inc. Common Stock  - Common Stock",nasdaq_trader
XTNT,US,"Xtant Medical Holdings, Inc. Common Stock",nasdaq_trader
XWEL,US,"XWELL, Inc. - Common Stock",nasdaq_trader
XXI,US,"Twenty One Capital, Inc. Class A Common Stock",nasdaq_trader
XXII,US,"22nd Century Group, Inc - Common Stock",nasdaq_trader
XYL,US,Xylem Inc. Common Stock New,nasdaq_trader
XYZ,US,"Block, Inc. Class A Common Stock,",nasdaq_trader
XZO,US,"Exzeo Group, Inc. Common Stock",nasdaq_trader
YAAS,US,Youxin Technology Ltd - Class A Ordinary shares,nasdaq_trader
YCBD,US,"cbdMD, Inc. Common Stock",nasdaq_trader
YCY,US,AA Mission Acquisition Corp. II Class A Ordinary Shares,nasdaq_trader
YDDL,US,One and One Green Technologies. INC - Class A Ordinary Shares,nasdaq_trader
YDES,US,YD Bio Limited - Ordinary Shares,nasdaq_trader
YDKG,US,Yueda Digital Holding - Class A Ordinary Share,nasdaq_trader
YELP,US,Yelp Inc. Common Stock,nasdaq_trader
YETI,US,"YETI Holdings, Inc. Common Stock",nasdaq_trader
YEXT,US,"Yext, Inc. Common Stock",nasdaq_trader
YHC,US,LQR House Inc. - Common Stock,nasdaq_trader
YHGJ,US,Yunhong Green CTI Ltd. - Common Stock,nasdaq_trader
YHNA,US,YHN Acquisition I Limited - Ordinary Shares,nasdaq_trader
YIBO,US,Planet Image International Limited - Class A Ordinary Shares,nasdaq_trader
YJ,US,Yunji Inc. - American Depository Shares,nasdaq_trader
YMAT,US,"J-Star Holding Co., Ltd. - Class A Ordinary Shares",nasdaq_trader
YOOV,US,Concorde International Group Ltd - Class A Ordinary Shares,nasdaq_trader
YORW,US,The York Water Company - Common Stock,nasdaq_trader
YOU,US,"Clear Secure, Inc. Class A Common Stock",nasdaq_trader
YPF,US,YPF Sociedad Anonima Common Stock,nasdaq_trader
YSS,US,York Space Systems Inc. Common Stock,nasdaq_trader
YSWY,US,"Yesway, Inc. - Class A Common Stock",nasdaq_trader
YSXT,US,"YSX Tech. Co., Ltd  - Class A Ordinary Shares",nasdaq_trader
YTRA,US,"Yatra Online, Inc. - Ordinary Shares",nasdaq_trader
YUM,US,"Yum! Brands, Inc.",nasdaq_trader
YUMC,US,"Yum China Holdings, Inc. Common Stock",nasdaq_trader
YXT,US,YXT.COM GROUP HOLDING LIMITED - American Depository Shares,nasdaq_trader
YYAI,US,AiRWA Inc. - Common Stock,nasdaq_trader
YYGH,US,YY Group Holding Limited - Class A Ordinary Shares,nasdaq_trader
Z,US,"Zillow Group, Inc. - Class C Capital Stock",nasdaq_trader
ZBAO,US,Zhibao Technology Inc. - Class A Ordinary Shares,nasdaq_trader
ZBH,US,"Zimmer Biomet Holdings, Inc. Common Stock",nasdaq_trader
ZBIO,US,"Zenas BioPharma, Inc. - Common Stock",nasdaq_trader
ZBRA,US,Zebra Technologies Corporation - Class A Common Stock,nasdaq_trader
ZCMD,US,Zhongchao Inc. - Class A Ordinary Shares,nasdaq_trader
ZD,US,"Ziff Davis, Inc. - Common Stock",nasdaq_trader
ZDAI,US,"DirectBooking Technology Co., Ltd. - Class A Ordinary Shares",nasdaq_trader
ZDGE,US,"Zedge, Inc. Class B Common Stock",nasdaq_trader
ZENA,US,"ZenaTech, Inc. - Common Stock",nasdaq_trader
ZEO,US,Zeo Energy Corporation - Class A Common Stock,nasdaq_trader
ZEPP,US,"Zepp Health Corporation American depositary shares, each representing sixteen Class A ordinary shares",nasdaq_trader
ZETA,US,Zeta Global Holdings Corp. Class A Common Stock,nasdaq_trader
ZG,US,"Zillow Group, Inc. - Class A Common Stock",nasdaq_trader
ZGN,US,Ermenegildo Zegna N.V. Ordinary Shares,nasdaq_trader
ZIM,US,ZIM Integrated Shipping Services Ltd. Ordinary Shares,nasdaq_trader
ZION,US,Zions Bancorporation N.A. - Common Stock,nasdaq_trader
ZIP,US,"ZipRecruiter, Inc. Class A Common Stock",nasdaq_trader
ZJK,US,"ZJK Industrial Co., Ltd. - Class A Ordinary Shares",nasdaq_trader
ZJYL,US,JIN MEDICAL INTERNATIONAL LTD. - Class A Ordinary Shares,nasdaq_trader
ZKIN,US,"ZK International Group Co., Ltd - Ordinary Share",nasdaq_trader
ZKP,US,Lafayette Digital Acquisition Corp. I - Class A Ordinary Shares,nasdaq_trader
ZM,US,"Zoom Communications, Inc. - Class A Common Stock",nasdaq_trader
ZNB,US,Zeta Network Group - Class A Ordinary Shares,nasdaq_trader
ZNTL,US,"Zentalis Pharmaceuticals, Inc. - common stock",nasdaq_trader
ZONE,US,CleanCore Solutions Inc. Class B Common Stock,nasdaq_trader
ZOOZ,US,ZOOZ Strategy Ltd. - Ordinary Shares,nasdaq_trader
ZS,US,"Zscaler, Inc. - Common Stock",nasdaq_trader
ZSQR,US,Z Squared Inc. - Common Stock,nasdaq_trader
ZSTK,US,ZeroStack Corp. - Common Stock,nasdaq_trader
ZTEK,US,Zentek Ltd. - common stock,nasdaq_trader
ZTG,US,Zenta Group Company Limited - Class A Ordinary Shares,nasdaq_trader
ZTR,US,Virtus Total Return Fund Inc.,nasdaq_trader
ZTS,US,Zoetis Inc. Class A Common Stock,nasdaq_trader
ZUMZ,US,Zumiez Inc. - Common Stock,nasdaq_trader
ZURA,US,Zura Bio Limited - Class A Ordinary shares,nasdaq_trader
ZVIA,US,Zevia PBC Class A Common Stock,nasdaq_trader
ZVRA,US,"Zevra Therapeutics, Inc.  - Common Stock",nasdaq_trader
ZWS,US,Zurn Elkay Water Solutions Corporation Common Stock,nasdaq_trader
ZYBT,US,Zhengye Biotechnology Holding Limited - Class A Ordinary Shares,nasdaq_trader
ZYME,US,Zymeworks Inc. - Common Stock,nasdaq_trader
